UTM10,ACCI GENT,ACCI NISU,Aecau,AEGO FUNE,AGAP FISH,AIX SPON,Alarv,Alruf,AMAN AMAN,Ancam,ANTH SPIN,Antri,APUS APUS,APUS PALL,AQUI CHRY,ARAT ACUT,ARAT ERYT,ARAT MITR,ASIO OTUS,ATHE NOCT,BUBO BUBO,BUBU IBIS,BURH OEDI,BUTE BUTE,CALA BRAC,CALA RUFE,CAPR EURO,CAPR RUFI,Caina,Cacar,Cachl,CARD SPIN,CERC GALA,Cebra,CERT FAMI,CETT CETT,CHER DUPO,CICO CICO,CIRC AERU,CIRC CYAN,CIRC GALL,CIRC PYGA,Cijun,CLAM GLAN,COCC COCC,COLU LIVI,COLU OENA,Colpa,CORA GARR,CORV CORA,CORV CORO,CORV MONE,Cocot,CREX CREX,Cucan,CYAN PATA,Demaj,DEND MEDI,DEND MINO,DRYO MART,ELAN CAER,Emcia,Emcir,Emcit,Emhor,Errub,ESTR ASTR,ESTR TROG,EUPL AFER,FALC NAUM,FALC PERE,FALC SUBB,FALC TINN,FICE HYPO,Frcoe,Gacri,Gathe,Gagla,GYPA BARB,GYPS FULV,HIER FASC,HIER PENN,Hipol,HIRU DAUR,HIRU RUST,JYNX TORQ,Lacol,Lamer,LANI MINO,Lasen,LEIO LUTE,LONC MALA,Locur,Luarb,Lumeg,Mecal,MERO APIA,Mical,MILV MIGR,MILV MILV,MONT NIVA,MONT SAXA,MONT SOLI,MOTA ALBA,MOTA FLAV,MUSC STRI,MYIO MONA,NEOP PERC,Oehis,OENA LEUC,Oeoen,ORIO ORIO,OTUS SCOP,PANU BIHA,Paate,Pacae,Pacri,Pamaj,PARU PALU,Padom,PASS HISP,Pamon,PERD PERD,PERN APIV,PETR PETR,PHAS COLC,Phoch,PHOE PHOE,Phbon,Phita,Pipic,Pivir,POIC SENE,PRUN COLL,Prmod,PSIT KRAM,PTER ALCH,PTER ORIE,PTYO RUPE,PYRR GRAC,PYRR PYRO,Pyula,QUEL QUEL,Reign,Rereg,REMI PEND,RIPA RIPA,SAXI RUBE,SCOL RUST,Secit,Seser,Sieur,Stdec,STRE ROSE,STRE TURT,STRI ALUC,STUR SP,STUR UNIC,Stvul,Syatr,SYLV BORI,Sycan,SYLV COMM,SYLV CONS,Syhor,Symel,Syund,TETR TETA,TETR UROG,THRE AETH,TICH MURA,Trtro,Tumer,TURD PHIL,Tutor,Tuvis,TYTO ALBA,Upepo
BE79,0,0,0.00,0,0,0,0.00,26.33,0,0.72,0,0.00,590.7866144,0,0,0,0,0,0,20,0,0,0,0,0,0,0,48.28047247,18.67,377.11,155.19,0,0,0.00,0,0,0,0,0,0,0,0,7.18,0,0,278.4895475,0,20.26,0,0,0,0,0.00,0,0.54,0,0.00,0,0,0,0,0.00,87.30,0.00,0.00,0.00,0,0,0,0,0,0,10.12173988,0,2.68,126.91,0.00,0.00,0,0,0,0,3.68,0,531.2865308,0,0.00,0.00,0,36.65,0,0,0.00,15.40,178.49,0.00,72.18692395,72.91,0,0,0,0,0,118.7456423,0,0,0,0,0.00,0,0.00,59.38087577,20,0,0.00,0.00,0.00,230.98,0,1807.56,0,110.16,0,0,0,0,0.00,0,0.00,0.00,60.69,0.00,0,0,0.00,0,0,0,0,0,0,0.00,0,0.00,0.00,0,0,0,0,0.00,350.64,0.00,0.00,0,154.4664933,0,0,279.4275177,0.00,0.00,0,0.00,0,0,0.44,319.62,0.00,0,0,0,0,2.43,183.63,0,0.00,10.67,0,46.43
BE88,0,0,0.00,0,0,0,0.00,0.00,0,0.00,0,0.00,590.7866144,0,0,0,0,0,0,0,0,0,0,0,0,0,0,0,1.18,46.21,27.73,0,0,0.00,0,0,0,0,0,0,0,0,11.76,0,0,0,0,3.92,0,0,0,0,0.00,0,0.00,0,0.00,0,0,0,0,0.00,0.00,0.00,0.00,0.00,3,0,0,0,0,0,0,0,0.00,11.77,0.00,0.00,0,0,0,0,5.58,0,20,0,0.00,0.00,0,2.57,0,0,0.00,0.00,43.99,0.00,72.18692395,2.59,0,0,0,0,0,0,0,0,0,0,0.00,0,0.00,20,0,0,0.00,0.00,0.00,0.00,0,310.91,0,111.31,0,0,0,0,0.00,0,0.00,0.00,17.82,0.00,0,0,0.00,3,0,0,0,0,0,0.00,0,0.00,0.00,0,0,0,0,0.00,58.18,0.00,0.00,0,20,0,0,0,13.93,0.00,0,0.00,0,0,0.00,47.70,0.00,0,0,0,0,2.48,34.69,0,0.00,1.83,0,8.67
BE89,0,0,0.00,0,0,0,0.00,138.61,0,32.98,0,0.00,316.0696126,0,0,0,0,0,0,20,0,0,0,0,10.12056999,0,3,20,155.75,4729.25,1883.26,0,0,8.03,0,0,0,0,0,0,2.83541522,3.140721956,155.34,0,0,316.0696126,0,319.31,0,0,0,0,4.13,0,0.00,0,0.00,0,0,0,0,41.56,796.97,0.00,12.38,24.56,0,0,0,0,0,2.878732364,20,0,1.91,907.23,65.74,0.00,0,0,0,0,430.92,0,316.0696126,3,0.00,0.00,0,626.68,0,0,0.00,93.08,2320.08,0.00,20,491.28,0,0,0,0,20,0,3,20,0,0,244.61,0,0.00,20,3,0,0.00,0.00,0.00,2262.13,0,22646.65,0,2569.52,0,0,58.44102453,0,0.00,0,52.79,0.00,785.66,0.00,0,0,0.00,0,0,0,0,0,0,0.00,0,0.00,0.00,0,0,0,0,0.00,4227.70,0.00,428.76,0,20,0,0,316.0696126,515.67,0.00,0,0.00,0,0,133.15,4243.35,0.00,0,0,0,0,275.34,2475.29,0,0.00,153.80,3,466.97
BE99,0,0,0.00,0,0,0,0.00,91.58,0,27.40,0,0.00,316.0696126,0,0,0,0,0,0,20,3,0,0,3,0,32.43500556,73.39730808,20,63.95,1914.19,774.01,0,0,38.90,0,0,0,0,0,0,3,0,57.85,0,0,316.0696126,0,69.66,0,3,0,0,0.00,0,0.00,0,0.00,0,0,0,0,61.36,204.06,0.00,8.25,16.66,0,0,0,0,3,0,3,0,0.00,296.51,28.66,0.00,0,0,0,0,178.42,0,531.2865308,20,0.00,0.00,0,191.48,0,0,0.00,18.30,453.77,0.00,316.0696126,124.88,0,0,0,0,3,0,0,3,22.35446761,0,84.18,3,0.00,20,20,0,0.00,0.00,0.00,1048.08,0,7977.30,0,568.63,0,0,0,0,2.10,0,67.49,0.00,266.12,0.00,0,0,0.00,0,0,0,20,0,0,0.00,0,0.00,0.00,0,0,0,0,0.00,1745.66,0.00,204.47,0,316.0696126,37.83230363,0,316.0696126,150.74,0.00,0,0.00,0,0,124.55,1767.36,0.00,0,0,0,0,220.81,1106.51,0,0.00,48.72,6.32455532,129.24
BF60,0,0,0.00,0,0,0,0.00,0.00,0,0.00,0,0.00,99.94998749,0,0,0,0,0,0,3,1,0,0,4.981287692,0,0,0,0,28.01,162.93,67.15,0,0,0.00,0,20,0,0,0,0,2.83541522,0,0.95,0,0,99.94998749,0,3.72,0,6.184859059,0,0,0.00,0,0.00,0,0.00,0,0,0,0,4.27,30.46,0.00,0.00,0.00,0,0,0,0,0,0,3,0,0.00,12.13,0.00,0.00,0,0,0,1,7.02,0,99.94998749,20,0.00,0.00,0,10.49,0,0,0.00,5.84,53.63,0.00,72.18692395,9.12,0,0,0,1,2,20,0,20,0,0,2.27,5.991640267,0.00,6.32455532,3,0,0.00,0.00,0.00,104.62,0,703.64,0,3.45,0,0,0,0,0.00,0,0.00,0.00,1.16,0.00,0,0,0.00,0,0,0,3,0,0,0.00,0,0.00,0.00,0,0,0,0,0.00,129.64,0.00,0.00,0,0,0,0,99.94998749,0.00,0.00,3,0.00,3,0,1.20,160.36,0.00,0,0,0,0,8.92,115.16,0,0.00,2.08,0,4.37
BF61,3,3,1167.01,0,0,0,6.37,0.00,0,15.15,0,0.00,99.94998749,0,1.414213562,0,0,0,1,0,0,0,0,0,0,0,3,0,159.42,176.08,0.00,0,0,329.05,0,0,0,0,0,0,1,0,0.00,0,0,0,6.32455532,400.75,0,3,20,0,0.00,0,15.40,0,14.49,0,0,0,0,899.47,5.82,0.00,1.97,2787.10,0,0,0,0,1,0,3,0,944.96,0.00,0.00,315.92,0,2,0,1,0.00,0,0,20,0.00,0.00,0,0.54,0,0,317.40,291.86,0.00,0.00,0,66.21,0,0,0,0,2,0,0,3,0,0,0.56,1,21.88,0,0,0,2727.98,236.88,814.51,1778.79,0,0.00,0,0.00,0,0,0,0,41.92,0,230.35,0.00,0.00,0.00,0,0,0.00,0,0,0,99.94998749,0,20,0.77,0,1570.82,14.40,0,0,0,0,0.00,1007.53,0.00,0.00,0,0,20,0,0,0.00,38.63,3,0.00,0,0,2.49,704.88,31.79,0,0,0,0,1432.09,1909.75,3,0.00,144.59,0,0.00
BF62,3,3,161.09,0,0,0,0.00,0.00,0,1.86,0,0.00,590.7866144,0,2,0,0,0,0,0,3.464101615,0,0,3,0,0,0,20,73.01,147.38,0.00,0,0,114.00,0,0,0,0,0,0,1.414213562,0,0.00,0,0,278.4895475,0,82.95,0,3,3,0,0.00,0,1.80,0,0.00,0,0,0,0,209.67,68.96,0.00,0.51,479.40,0,0,0,0,3,0,4,0,167.20,2.40,0.00,74.72,0,20,1,1,21.49,0,531.2865308,0,0.00,0.00,0,8.70,0,0,0.00,41.88,188.27,0.00,3,13.19,3.718489007,0,0,7.108617267,3,118.7456423,0,0,0,3,0.01,0,0.00,59.38087577,20.09302478,0,253.39,72.47,198.45,336.29,0,0.00,0,0.00,0,0,58.44102453,0,5.27,0,78.65,0.00,0.00,0.00,0,0,0.00,0,0,0,65.4927168,0,20,0.00,0,336.72,0.00,0,0,0,0,0.00,362.21,0.00,0.00,0,154.4664933,3,0,279.4275177,0.00,18.13,0,0.00,25.87805688,0,4.36,407.31,0.00,0,0,0,0,220.97,358.96,0,0.00,35.67,0,0.00
BF63,0,5.840580155,19.92,0,0,0,2.62,6.03,0,2.30,0,0.00,590.7866144,0,0,0,0,0,0,32.35282205,0,0,0,0,0,0,0,0,69.29,271.60,56.66,0,0,57.50,0,0,0,0,0,0,2.83541522,0,0.00,0,0,0,0,56.38,0,0,0,0,0.72,0,0.60,0,0.00,0,0,0,0,26.95,91.47,0.00,0.00,108.90,0,0,0,0,0,0,0,0,70.63,55.85,0.00,18.06,0,0,0,0,29.78,0,0,0,0.00,0.00,0,21.00,0,0,0.00,42.45,236.79,0.00,72.18692395,50.15,0,0,0,0,0,0,0,0,0,0,0.25,0,0.00,59.38087577,20.09302478,0,0.00,11.81,17.20,213.71,0,546.00,0,1.49,0,0,58.44102453,0,0.00,0,40.07,0.00,30.64,0.00,0,0,0.00,0,0,0,0,0,0,0.00,0,51.99,0.00,0,0,0,0,0.00,262.03,0.00,0.00,0,154.4664933,37.83230363,0,0,0.00,0.00,0,0.00,0,0,8.54,272.67,0.00,0,0,0,0,26.47,195.51,0,0.00,42.02,0,19.80
BF64,0,0,41.94,0,0,0,0.00,0.00,0,0.00,0,0.00,590.7866144,0,0,0,0,0,0,32.35282205,0,0,0,4.981287692,10.12056999,0,0,48.28047247,311.92,564.72,219.35,0,0,33.52,0,69.67297166,0,0,0,0,2.83541522,0,0.00,0,0,278.4895475,26.69030188,118.11,0,0,14.14468365,0,0.00,0,5.26,0,0.00,0,0,0,0,3.73,167.17,0.00,0.00,41.41,0,0,0,0,0,0,10.12173988,0,0.00,130.73,0.00,52.11,0,12.29725579,0,0,51.55,0,531.2865308,16.38452182,0.00,0.00,0,53.24,0,0,0.00,78.00,329.57,0.00,72.18692395,55.97,0,0,0,0,18.42932446,118.7456423,0,0,0,0,110.14,5.991640267,0.00,59.38087577,0,0,0.00,105.58,22.47,380.31,0,1416.91,0,9.29,0,0,0,0,0.00,0,60.34,0.00,11.10,0.00,0,0,0.00,0,0,0,65.4927168,0,0,0.00,0,12.54,0.00,0,0,0,0,0.00,491.64,0.00,0.00,0,154.4664933,37.83230363,0,279.4275177,0.00,0.00,0,0.00,0,0,20.18,514.29,0.00,0,0,0,0,42.16,337.61,0,0.00,54.91,0,60.26
BF65,0,0,150.47,0,0,0,0.00,0.00,0,0.32,0,0.00,20,0,0,0,0,0,0,2.449489743,1.414213562,0,0,4.981287692,0,0,0,20,930.35,1780.87,704.87,0,0,84.90,0,20,0,0,0,0,0,0,0.00,0,0,20,20,421.40,0,0,2.449489743,0,0.00,0,23.76,0,0.00,0,0,0,0,11.49,500.66,0.00,0.00,181.83,0,0,0,0,0,0,10.12173988,0,2.01,331.79,0.00,229.25,0,0,0,0,134.67,1.414213562,20,0,0.00,0.97,0,138.03,0,0,0.00,226.79,757.35,0.00,20,211.51,1.414213562,0,0,0,20,20,0,0,0,0,343.48,8.485281374,0.00,20,0,0,0.00,10.76,254.89,1192.02,0,1373.79,0,13.85,0,0,20,0,0.00,0,126.71,0.00,3.91,0.00,0,0,0.00,0,0,0,3.872983346,0,0,0.00,0,41.03,0.00,0,0,0,0,0.00,1478.86,0.00,0.00,0,20,0,0,20,0.00,0.00,0,0.00,0,0,32.94,1678.93,77.70,0,0,0,0,112.53,1117.00,0,0.00,129.85,0,180.48
BF70,4.705080365,5.840580155,0.00,0,0,0,1.41,607.04,0,49.03,0,0.00,999.9499987,0,3,0,0,0,3,6.32455532,2,0,0,3,0,0,0,20,654.67,5624.89,1825.32,0,0,16.31,0,20,0,0,0,0,2,3,19.46,3,0,20,20,355.49,0,6.32455532,0,0,0.00,0,17.15,0,0.00,0,0,0,0,198.60,1276.87,0.00,24.00,133.34,0,0,0,0,3,0,3,0,923.35,1289.58,0.00,0.00,0,17.32050808,0,3,20.97,0,316.0696126,99.94998749,0.00,0.00,0,758.60,0,0,0.00,724.51,874.91,0.00,20,862.75,0,0,0,3,6.32455532,118.7456423,0,20,0,0,40.39,5.991640267,0.00,20,3,0,0.00,0.00,0.00,3989.86,0,16347.35,0,342.35,0,0,20,0,0.00,0,93.06,0.00,122.14,0.00,0,0,0.00,0,0,0,20,0,20,0.00,0,15.16,0.00,0,0,0,0,0.00,5200.76,0.00,25.32,0,6.32455532,0,0,99.94998749,0.00,0.00,0,0.00,0,0,309.51,5115.60,19.42,0,0,0,0,281.36,3500.56,0,0.00,111.99,3,445.10
BF71,0,3,763.57,0,0,0,2.67,198.77,0,105.43,0,0.00,316.0696126,0,1,0,0,0,0,0,3,0,0,1,0,0,3,20,388.46,3009.95,389.60,0,0,136.07,0,0,0,0,0,0,1,0,0.77,0,0,20,20,520.39,0,6.32455532,0,0,0.00,0,7.58,0,11.92,0,0,0,0,1091.50,554.62,0.00,64.65,2580.96,0,0,0,0,3,3,6.32455532,0,1166.51,227.95,0.00,233.02,0,6.32455532,1,1,14.66,0,316.0696126,3,0.00,0.00,0,150.66,0,0,145.72,304.70,264.65,0.00,3,277.55,3,0,0,20,316.0696126,118.7456423,0,20,0,0,53.80,20,41.28,59.38087577,20,0,1593.23,98.47,521.70,3763.83,0,3062.16,0,24.89,0,0,3,0,72.55,0,267.07,0.00,0.00,0.00,0,0,0.00,0,0,0,99.94998749,0,99.94998749,0.00,0,1743.33,5.30,0,0,0,0,0.00,3181.39,0.00,0.00,0,316.0696126,31.60696126,0,279.4275177,0.00,75.40,3,0.00,3,0,45.30,4228.37,246.39,0,0,0,0,1878.36,3707.19,3,0.00,129.64,3,71.03
BF72,0,3,1242.87,0,0,0,24.46,44.07,0,43.70,0,0.00,99.94998749,0,1.414213562,0,0,0,0,0,0,0,0,0,0,0,0,0,486.02,1674.89,52.75,0,0,1103.30,0,20,0,0,0,0,0,0,0.00,0,0,0,20,794.66,0,3,6.32455532,0,0.78,0,24.19,0,7.28,0,0,0,0,2003.67,482.64,0.00,17.58,4959.87,0,0,0,0,3,3,3,0,1681.04,1.81,0.00,545.17,0,20,0,1.732050808,158.79,0,6.32455532,0,0.00,0.00,0,25.48,0,0,173.68,415.87,1271.88,0.00,72.18692395,193.21,0,0,0,3,3,20,0,0,0,0,2.76,0,78.57,20,0,0,2784.08,171.51,1644.90,3506.93,0,199.18,0,0.00,0,2.926150761,0,0,212.31,0,767.77,0.00,0.00,0.00,0,0,0.00,0,0,0,20,0,20,0.00,0,3274.93,10.29,0,0,0,0,0.00,2810.34,0.00,0.00,0,20,20,0,0,0.00,791.42,0,0.00,0,0,25.23,3817.99,96.79,0,0,0,0,2430.45,3907.80,20,0.00,397.42,0,0.00
BF73,3,5.840580155,421.57,0,0,0,21.33,30.24,0,17.53,0,0.00,316.0696126,0,1,0,0,0,0,32.35282205,3,0,0,3,10.12056999,0,0,0,972.74,4258.88,1037.56,0,0,1104.46,0,3,0,0,0,0,3,0,0.00,5.028715727,0,278.4895475,26.69030188,1119.72,0,3,14.14468365,0,1.72,0,8.71,0,0.00,0,0,0,0,1253.25,1343.90,0.00,11.15,2778.41,0,0,0,0,3,0,6.32455532,0,1369.34,474.44,0.00,720.09,0,2,3,0,544.35,3.066526022,20,16.38452182,0.00,0.13,0,323.92,0,0,4.80,714.79,3772.75,0.00,72.18692395,511.18,0,0,0,0,3,3,0,32.12401964,0,2.198329607,77.19,0,0.00,59.38087577,20.09302478,0,591.49,1280.64,627.55,3886.68,0,6052.29,0,28.09,0,0,58.44102453,0,57.59,0,1013.96,0.00,156.57,0.00,0,0,0.00,0,0,0,20,0,20,0.00,0,1655.27,1.20,0,0,0,0,0.00,4537.85,0.00,0.00,0,154.4664933,37.83230363,0,20,0.00,394.41,56.73598759,0.00,25.87805688,0,108.50,5066.20,69.81,0,0,0,0,1359.88,3690.28,163.8555342,0.00,545.16,8.144301976,228.42
BF74,3,0,481.62,0,0,0,0.00,18.95,0,1.24,0,0.00,316.0696126,0,3,0,0,0,6.92820323,0,2.449489743,0,0,3,7.937253933,0,0,0,2519.64,5662.38,1997.91,0,0,990.74,0,69.67297166,0,0,0,0,2.828427125,0,0.09,0,0,20,20,1246.97,0,1.414213562,3,0,0.00,0,49.74,0,0.00,0,0,0,0,156.55,1600.78,0.00,2.13,1126.21,0,0,0,0,0,0,2.449489743,0,396.72,839.25,0.00,771.34,0,0,1.913932948,0,664.78,0,316.0696126,20,0.00,0.08,0,427.29,0,0,6.22,1071.25,4178.38,0.00,316.0696126,574.33,0,0,0,0,20,20,0,20,0,0,659.38,7.937253933,0.00,20,0,0,0.00,1906.30,1268.36,4004.46,0,8397.54,0,35.01,0,0,20,0,0.00,0,1112.51,0.00,17.12,2.37,0,0,0.00,0,0,0,20,0,0,0.00,0,695.22,0.00,0,0,0,0,0.00,5067.41,0.00,0.00,0,20,20,0,316.0696126,0.00,58.42,0,0.00,0,0,105.80,5239.43,0.00,0,0,0,0,915.05,3736.97,0,0.00,795.19,0,399.16
BF75,0,1.414213562,71.43,0,0,0,0.00,61.85,0,0.00,0,0.00,20,0,1,0,0,0,8.485281374,8.485281374,0,0,0,0,8.485281374,0,0,20,3271.43,6231.80,2276.42,0,0,364.11,0,0,0,0,0,0,3.464101615,0,0.00,2.449489743,0,20,20,1304.96,0,1,2.449489743,1,0.00,0,83.55,0,0.00,0,0,0,0,11.40,1588.61,0.00,0.00,551.03,0,0,0,0,0,0,4.472135955,0,4.58,1635.36,0.00,557.28,0,0,0,0,336.75,0,316.0696126,0,0.00,5.95,0,371.10,0,0,0.00,847.72,3279.17,0.00,20,935.52,0,0,0,0,20,20,0,0,0,0,1038.69,20,0.00,20,0,0,0.00,32.32,156.80,3863.06,0,6231.09,0,110.35,0,0,20,0,0.00,0,499.16,0.00,22.77,14.64,0,0,0.00,0,0,0,0,0,0,0.00,0,50.01,0.00,0,0,0,0,0.00,5204.46,0.00,0.00,0,316.0696126,12.24744871,0,20,0.00,0.00,0,0.00,0,0,25.47,5344.12,15.20,0,0,0,0,307.91,3619.34,0,0.00,694.31,0,582.94
BF76,0,0,82.81,0,0,0,0.00,42.02,0,11.47,0,0.00,316.0696126,0,0,0,0,0,0,7.937253933,3,0,0,4.981287692,0,0,0,20,1370.15,2331.35,747.82,0,0,36.13,0,20,0,0,0,0,2.449489743,0,0.00,0,0,278.4895475,20,431.44,0,2.236067977,0,0,0.00,0,28.65,0,0.00,0,0,0,0,107.48,495.31,0.00,0.00,96.32,0,0,0,0,3,0,2.236067977,0,0.00,337.29,389.55,22.87,0,24.49489743,3,0,202.31,0,99.94998749,0,0.00,99.20,0,128.00,0,0,0.00,148.35,1046.30,0.00,99.94998749,176.95,4.472135955,0,0,0,20,20,0,20,0,2.198329607,426.93,20,0.00,20,8.485281374,0,0.00,0.00,102.55,1453.30,0,1043.90,0,21.39,0,0,316.0696126,0,0.00,0,143.24,0.00,3.78,0.00,0,0,0.00,0,0,0,20,0,49.56767943,0.00,0,0.00,0.00,0,7.071067812,0,0,0.00,2053.20,0.00,0.00,0,20,20,0,99.94998749,0.00,0.00,0,25.92,0,0,25.80,2296.63,965.46,0,0,0,0,134.43,1503.61,0,0.00,148.13,0,148.27
BF77,0,0,20.26,0,0,0,0.00,0.00,0,0.51,0,0.00,0,0,0,0,0,0,0,32.35282205,0,0,0,0,0,0,73.39730808,0,82.15,128.78,34.61,0,0,0.00,0,69.67297166,0,0,0,0,2.83541522,0,0.00,0,0,0,0,44.24,0,6.184859059,0,0,0.00,0,0.60,0,0.00,0,0,0,0,0.00,21.93,0.00,0.00,12.15,0,0,0,0,1,0,0,0,0.00,7.28,32.61,0.00,0,14,3,0,11.05,0,0,0,0.00,2.95,0,2.63,0,0,0.00,7.98,50.19,0.00,72.18692395,6.57,3,0,0,0,18.42932446,118.7456423,0,32.12401964,0,0,22.99,0,0.00,59.38087577,20.09302478,0,0.00,0.00,0.00,60.18,0,70.61,0,1.44,0,0,58.44102453,0,0.00,0,6.48,0.00,0.00,6.26,0,0,0.00,0,0,0,3,0,0,0.00,0,0.00,0.00,30.85755111,68.05562138,0,0,0.00,153.44,0.00,0.00,0,154.4664933,0,0,279.4275177,0.00,0.00,0,12.95,0,0,0.84,167.38,75.72,0,0,0,0,11.93,99.18,0,0.00,5.89,0,7.95
BF78,0,0,0.00,0,0,0,0.00,29.78,0,5.04,0,0.00,20,0,0,0,0,0,0,4.472135955,0,20,3,4.981287692,0,3,3,0,400.50,875.01,203.59,0,0,0.00,0,20,0,1,1,0,3,0,2.08,2.449489743,0,20,3,245.61,0,0,14.14468365,0,0.00,0,2.36,0,0.00,0,0,0,0,24.70,138.01,0.00,1.20,48.63,0,0,0,0,0,2.878732364,4,0,0.00,60.77,97.57,0.00,0,0,3,2.257319217,87.82,3.066526022,20,1,0.00,78.59,0,26.98,0,0,0.00,51.88,374.42,0.00,20,60.61,3,0,0,0,18.42932446,3,0,3,0,0,150.44,4.472135955,0.00,3,0,0,0.00,46.00,0.00,390.33,0,1600.80,0,268.67,0,0,0,0,0.00,0,28.71,0.00,140.56,59.62,0,0,0.00,0,0,0,3.464101615,0,0,0.00,0,0.00,0.00,3,289.8275349,0,0,0.00,777.36,0.00,16.85,0,3,0,0,20,55.16,44.56,0,81.40,0,0,4.68,831.17,507.55,0,0,0,0,50.71,592.33,0,0.00,50.03,3,87.17
BF79,0,0,0.00,0,0,0,0.00,6.41,0,0.00,0,0.00,20,0,0,0,0,0,0,3,0,6.32455532,3,4.981287692,0,0,0,0,88.26,535.23,222.84,0,0,0.00,0,20,0,1,0,0,3,0,0.41,5.028715727,0,278.4895475,20,133.49,0,0,0,0,3.63,0,1.16,0,0.00,0,0,0,0,0.00,66.16,0.00,0.00,12.24,0,0,0,0,0,0,10.12173988,0,0.00,34.65,31.86,0.00,0,0,0,0,76.92,0,20,16.38452182,0.00,0.00,0,3.86,0,0,0.00,0.00,475.06,0.00,3,44.35,3,0,0,0,0,118.7456423,0,32.12401964,0,0,1.85,0,0.00,20,20.09302478,0,0.00,197.12,0.00,53.23,0,2691.79,0,1219.62,0,0,0,0,0.00,0,0.00,0.00,227.08,41.02,0,0,0.00,0,0,0,0,0,0,0.00,0,0.00,0.00,20,24.49489743,0,0,0.00,506.84,0.00,27.26,0,154.4664933,0,0,99.94998749,155.33,0.00,0,0.00,0,0,0.00,209.52,0.00,0,0,0,0,23.92,297.35,0,0.00,96.83,0,68.76
BF80,0,0,0.00,0,0,0,0.00,429.16,0,32.17,0,0.00,316.0696126,0,0,0,0,0,0,20,3.180086824,0,0,3,0,0,0,316.0696126,281.30,6428.60,2400.06,0,0,0.00,0,0,0,0,0,0,2.83541522,3,8.71,0,0,3,3,326.40,1,3,0,0,1.02,0,0.00,0,0.00,0,0,0,0,25.13,1115.71,0.00,17.08,0.00,0,0,0,0,0,0,3,0,171.60,1740.87,0.00,0.00,0,0,0,0,215.78,0,99.94998749,0,0.00,0.00,0,984.39,0,0,0.00,217.17,1072.82,0.00,3,1067.56,0,0,0,0,3,118.7456423,0,20,0,0,198.15,0,0.00,20,20,0,0.00,0.00,0.00,4110.57,0,27848.82,0,353.49,0,0,0,0,0.00,0,53.00,0.00,478.71,0.00,0,0,0.00,0,0,0,0,0,0,0.00,0,0.00,0.00,0,0,0,0,0.00,5663.55,0.00,60.17,0,316.0696126,37.83230363,0,316.0696126,121.04,0.00,0,0.00,0,0,86.60,5533.35,0.00,0,0,0,0,152.30,3073.43,0,0.00,99.93,0,648.27
BF81,0,3,0.00,0,0,0,0.00,435.57,0,18.05,0,0.00,316.0696126,37.46112383,0,0,0,0,0,20,3,0,0,4.981287692,0,0,0,20,813.37,6291.08,2347.65,0,0,0.00,0,3,0,0,0,0,3,0,54.17,0,0,3,26.69030188,310.21,4.384130876,3,0,20.4362039,0.00,0,0.00,0,0.00,0,0,0,0,0.00,1392.84,0.00,0.85,0.00,0,0,0,0,0,0,20,0,274.59,1896.10,0.00,0.00,0,0,0,0,119.10,0,316.0696126,20,0.00,0.00,0,825.85,0,0,0.00,141.44,2782.56,0.00,20,656.04,3.718489007,0,0,0,3,118.7456423,0,32.12401964,0,0,24.05,0,0.00,3,20.09302478,0,0.00,0.00,0.00,3707.69,0,28279.56,0,616.99,0,0,3,0,0.00,0,27.62,0.00,869.97,0.00,0,0,0.00,0,0,0,0,0,0,0.00,0,0.00,0.00,3,0,0,0,0.00,5769.64,0.00,88.34,0,20,0,0,20,346.32,0.00,0,0.00,0,0,80.83,5308.85,0.00,0,0,0,0,41.19,3148.18,0,0.00,98.22,8.144301976,831.15
BF82,0,2.449489743,106.72,0,0,0,0.00,245.72,0,19.69,0,0.00,316.0696126,0,3,0,0,0,4.242640687,20,3,0,0,0,0,0,20,20,1054.36,6342.17,2108.83,0,0,485.17,0,20,0,0,0,0,0,0,26.88,0,0,99.94998749,0,786.44,0,1.732050808,0,0,0.00,0,0.53,0,0.00,0,0,0,0,137.80,1315.64,0.00,13.17,456.00,0,0,0,0,3,0,3.872983346,0,267.15,1107.33,0.00,5.61,0,0,1,0,513.63,0,99.94998749,2.449489743,0.00,0.00,0,724.19,0,0,0.00,335.60,3945.03,0.00,20,382.59,0,0,0,0,20,6.32455532,0,20,0,0,28.97,0,0.00,20,0,0,0.00,24.06,16.55,4143.49,0,25811.78,0,833.02,0,0,0,0,3.57,0,434.41,0.00,441.54,0.00,0,0,0.00,0,0,0,20,0,0,0.00,0,173.05,0.00,1.414213562,0,0,0,0.00,5542.31,0.00,352.72,0,20,5.477225575,0,316.0696126,169.67,122.42,9,0.00,0,0,260.00,5684.05,127.62,0,0,0,0,554.93,3634.98,8.485281374,0.00,168.19,0,640.67
BF83,4.705080365,5.840580155,568.69,0,0,0,0.00,190.84,0,47.96,0,0.00,316.0696126,0,3,0,0,0,0,32.35282205,3.180086824,0,0,0,0,0,20,20,1005.40,5796.30,2020.76,0,0,1002.02,0,20,0,0,0,0,1.414213562,0,2.34,0,0,316.0696126,26.69030188,1155.56,0,2.449489743,0,0,0.00,0,0.55,0,0.00,0,0,0,0,708.66,1244.61,0.00,17.86,1482.68,0,0,0,0,3,0,2.449489743,0,356.87,171.97,0.00,402.26,0,0,1,0,794.19,0,316.0696126,20,0.00,1.72,0,369.26,0,0,0.00,504.55,3969.65,0.00,20,218.03,0,0,0,0,20,20,0,20,0,0,181.63,5.991640267,0.00,20,0,0,25.84,427.30,552.24,3926.65,0,7243.74,0,393.23,0,0,20,0,4.72,0,995.11,0.00,81.77,16.77,0,0,0.00,0,0,0,20,0,20,0.00,0,836.54,0.00,0,0,0,0,0.00,5220.19,0.00,17.72,0,316.0696126,20,0,316.0696126,82.10,486.17,0,0.00,0,0,137.28,5760.07,816.23,0,0,0,0,1453.11,3941.26,8.485281374,0.00,226.42,8.144301976,150.24
BF84,0,0,1020.87,0,0,0,0.00,89.17,0,43.22,0,0.00,316.0696126,0,3,0,0,0,0,20,0,0,0,0,0,0,0,20,2076.76,5878.88,1948.16,0,0,988.82,0,20,0,0,0,0,2.83541522,0,0.08,0,0,316.0696126,20,1152.42,0,3.464101615,0,0,0.00,0,12.19,0,0.00,0,0,0,0,544.60,1239.56,0.00,3.28,1513.68,0,0,0,0,1.414213562,0,6.92820323,0,232.84,673.69,0.00,514.16,0,0,0,0,475.20,2.449489743,20,7.483314774,0.00,1.31,0,400.31,0,0,0.00,805.26,2313.52,0.00,99.94998749,419.04,0,0,0,0,6.32455532,20,0,20,0,0,489.12,0,0.00,20,0,0,137.00,616.05,1811.77,3994.31,0,8095.23,0,145.01,0,0,99.94998749,0,0.00,0,848.81,0.00,53.30,2.31,0,0,0.00,0,0,0,99.94998749,0,6.32455532,0.00,0,359.49,0.00,0,0,0,0,0.00,5383.66,0.00,0.00,0,99.94998749,20,0,99.94998749,0.00,0.00,0,0.00,0,0,136.95,4600.62,553.99,0,0,0,0,1107.04,3812.84,0,0.00,706.42,0,220.33
BF85,0,0,279.26,0,0,0,0.00,27.29,0,0.34,0,0.00,99.94998749,0,0,0,0,0,0,20,0,0,0,1,20,0,0,20,3294.13,6384.93,2344.65,0,0,835.84,0,69.67297166,0,0,0,0,2,0,0.00,0,0,20,316.0696126,1202.43,0,0,0,0,0.00,0,80.58,0,0.00,0,0,0,0,123.37,1670.48,0.00,0.00,574.21,0,0,0,0,0,3,3.464101615,0,90.54,1322.00,8.95,601.55,0,0,0,0,231.04,0,99.94998749,20,0.00,0.16,0,563.29,0,0,0.00,1175.22,3631.06,0.00,99.94998749,747.92,0,0,0,0,20,20,0,0,0,0,931.73,0,0.00,99.94998749,0,0,0.00,54.74,1469.69,4186.51,0,13594.28,0,159.70,0,0,99.94998749,0,0.00,0,1019.55,0.00,31.59,11.82,0,0,0.00,0,0,0,0,0,0,0.00,0,84.06,0.00,0,0,0,0,0.00,5622.47,0.00,0.00,0,99.94998749,20,0,99.94998749,0.00,0.00,0,0.00,0,0,92.71,5297.48,0.00,0,0,0,0,267.72,3831.99,0,0.00,988.06,0,437.91
BF86,0,1,1007.66,0,0,0,0.00,78.80,0,21.99,0,0.00,99.94998749,0,3,0,0,0,0,20,3,0,0,3,0,0,0,20,2764.76,5278.91,1604.48,0,0,414.11,0,20,0,0,0,0,3,0,0.13,0,0,20,99.94998749,1076.57,0,2.449489743,20,20,0.00,0,54.16,0,0.00,0,0,0,0,412.59,1129.90,0.00,5.44,846.50,0,0,0,0,3,0,5,0,13.01,389.94,639.92,301.02,0,0,1,3,525.88,0,316.2119542,0,0.00,103.62,0,262.40,0,0,0.00,405.86,2819.56,0.00,99.94998749,295.55,2,0,0,0,20,316.2119542,0,20,0,0,495.54,20,0.00,20,3.464101615,0,0.00,244.60,997.84,3827.08,0,3234.06,0,63.15,0,0,99.94998749,0,0.00,0,639.72,0.00,179.30,115.43,0,0,0.00,0,0,0,99.94998749,0,0,0.00,0,74.95,0.00,0,20,0,0,0.00,4894.84,0.00,4.36,0,20,20,0,331.0219508,0.00,0.00,0,219.42,0,0,54.72,5691.72,2562.09,0,0,0,0,604.58,3861.28,0,0.00,394.68,3,228.00
BF87,3,3,1301.36,0,0,0,0.00,43.59,0,3.77,0,0.00,316.0696126,0,3,0,0,0,0,99.94998749,0,0,0,3,0,0,0,6.32455532,2683.11,5006.61,1312.43,0,0,143.75,0,20,0,0,0,0,3,0,0.12,0,0,20,20,1351.32,0,3,6.32455532,0,0.00,0,39.16,0,0.00,0,0,0,0,171.67,1350.34,0.00,0.00,1023.46,0,0,0,0,0,0,20,0,10.27,407.08,45.38,317.73,0,0,0,0,377.29,0,316.2119542,99.94998749,0.00,43.39,0,269.13,0,0,0.00,651.78,2731.44,0.00,99.94998749,368.93,3,0,0,0,20,316.2119542,0,0,0,0,305.12,20,0.00,316.0696126,3,0,0.00,1081.35,1075.78,3924.78,0,3487.08,0,36.00,0,0,316.0696126,0,0.00,0,615.08,0.00,80.11,179.04,0,0,0.00,0,0,0,20,0,0,0.00,0,221.51,0.00,3,3,0,0,0.00,5055.31,0.00,0.00,0,154.4664933,20,0,316.0696126,0.00,0.00,0,475.63,0,0,59.13,5372.17,1296.69,0,0,0,0,475.58,3566.84,0,0.00,311.99,0,324.21
BF88,0,5.840580155,43.57,0,0,0,0.00,255.17,0,46.08,0,0.00,99.94998749,0,0,0,0,0,0,3,0,0,6.32455532,3,3,6.32455532,3,3,3072.52,5781.43,1528.97,0,0,8.91,0,3,0,0,0,0,3,0,1.11,6.32455532,0,3,20,1331.01,6.32455532,3,6.32455532,1,1.68,0,20.20,0,0.00,0,0,0,0,15.38,1179.62,0.00,0.00,160.05,0,0,0,6.34428877,0,2.878732364,20,0,0.00,1496.33,1106.65,5.10,0,0,0,0,171.60,0,20,0,0.00,169.66,0,503.50,0,0,0.00,911.89,1097.55,51.16,20,1052.57,3,0,0,0,0,3,0,0,0,0,924.01,3,0.00,6.32455532,3,0,0.00,42.38,0.00,3847.61,0,8639.64,0,759.12,0,0,58.44102453,0,0.00,0,184.95,0.00,688.41,272.42,0,0,0.00,0,8.874119675,8.485281374,65.4927168,0,5.916079783,0.00,0,0.00,0.00,3,3,0,0,0.00,5138.20,0.00,17.21,0,3,0,0,20,106.17,20.47,0,210.76,0,9.518589722,51.08,4611.67,569.04,36.58712517,0,0,0,87.26,1771.31,0,0.00,315.87,0,738.89
BF89,0,0,0.00,0,0,0,0.00,228.52,0,16.60,0,0.00,3162.119542,0,0,0,0,0,0,20,0,3,20,6.32455532,20,32.43500556,0,48.28047247,1022.57,4705.54,1846.92,0,0,20.40,0,20,0,3,3,0,3,0,39.09,6.32455532,0,99.94998749,20,1214.23,4.384130876,0,3,20.4362039,14.20,0,27.82,0,0.00,0,0,0,0,0.00,545.20,0.00,0.45,74.28,0,0,0,3,0,0,6.32455532,0,0.00,660.09,595.73,9.53,0,0,0,3,884.89,0,316.0696126,3,0.00,37.46,0,105.17,0,0,0.00,54.09,3797.53,0.00,20,833.78,6.32455532,0,0,0,0,20,0,32.12401964,0,0,168.63,3,0.00,20,20.09302478,0,0.00,594.26,0.00,1233.19,0,21095.66,0,7462.29,0,0,58.44102453,0,0.00,0,18.41,0.00,2025.21,333.23,0,0,0.00,0,1,2,0,0,3,0.00,0,0.00,0.00,316.0696126,3,0,0,0.00,4567.90,0.00,210.99,0,20,0,0,316.0696126,1555.55,407.61,0,31.83,0,3,7.42,2192.38,22.15,0,0,0,0,98.59,1305.11,163.8555342,0.00,766.84,20,607.26
BF90,0,0,0.00,0,0,0,0.00,108.84,0,24.15,0,0.00,316.0696126,0,0,0,0,0,0,99.94998749,3,316.0696126,0,0,20,0,20,20,210.81,5097.80,2514.41,0,0,46.28,0,6.32455532,0,0,2.852793324,0,2.83541522,1,772.62,0,0,20,0,383.76,0,3,0,0,0.00,0,5.52,0,0.00,0,0,0,0,97.02,461.19,0.00,12.75,70.45,0,0,0,0,3,3,6.32455532,0,3.15,1247.56,0.00,0.00,0,0,1,0,433.42,3.066526022,316.0696126,6.32455532,0.00,0.00,0,385.53,0,0,0.00,52.73,1965.17,0.00,20,367.56,0,0,0,0,20,20,20,6.32455532,22.35446761,0,123.50,0,0.00,20,6.32455532,0,0.00,0.00,0.00,2054.42,0,29888.43,0,5202.47,0,0,3,0,0.00,0,182.31,0.00,1061.06,0.00,0,0,0.00,0,0,0,20,0,0,0.00,0,7.14,0.00,0,0,0,0,0.00,4427.56,0.00,299.61,0,20,3,0,99.94998749,3535.87,0.00,0,0.00,0,0,98.30,3457.00,0.00,0,0,0,0,522.60,2210.27,3,0.00,92.94,6.32455532,464.77
BF91,0,0,0.00,0,0,0,0.00,172.24,0,14.76,0,0.00,20,0,0,0,0,0,0,1,3,0,0,3,0,0,4,20,479.40,5974.08,2595.96,0,0,186.30,0,6.32455532,0,0,0,0,1,0,632.76,0,0,99.94998749,26.69030188,473.03,0,2,3,0,0.00,0,0.55,0,0.00,0,0,0,0,0.00,842.78,0.00,0.40,8.65,0,0,0,0,0,3,3,0,0.00,1415.47,0.00,0.00,0,0,0,0,376.95,0,99.94998749,6.32455532,0.00,0.00,0,582.63,0,0,0.00,111.19,3294.38,0.00,20,296.22,6.32455532,0,0,0,1,2,6.32455532,6.32455532,0,0,24.48,0,0.00,20,1,0,0.00,0.00,0.00,2307.01,0,31577.51,0,4390.26,0,0,0,0,0.00,0,83.74,0.00,1706.85,0.00,0,0,0.00,0,0,0,0,0,0,0.00,0,0.00,0.00,3,3,0,0,0.00,5513.41,0.00,353.55,0,20,2,0,99.94998749,2512.76,0.00,0,0.00,0,0,164.00,4860.53,0.00,0,0,0,0,113.29,3076.14,1,0.00,121.82,3,701.82
BF92,0,0,0.00,0,0,0,0.00,233.23,0,122.60,0,0.00,316.0696126,0,0,0,0,0,0,99.94998749,3,0,0,0,0,0,20,20,2096.26,6125.87,2134.51,0,0,318.96,0,3,0,0,0,0,3,0,90.96,0,0,20,0,771.07,0,3,0,0,0.00,0,3.96,0,0.00,0,0,0,0,297.26,754.86,0.00,64.43,277.84,0,0,0,0,0,0,3,0,4.23,411.70,129.83,12.35,0,0,2,0,266.01,0,20,3,0.00,0.00,0,560.87,0,0,0.00,272.44,3309.18,0.00,20,251.59,3,0,0,7.108617267,20,20,0,6.32455532,0,0,434.47,5.991640267,0.00,20,0,0,0.00,132.18,82.29,3772.37,0,15250.51,0,1225.80,0,0,3,0,7.79,0,367.96,0.00,275.01,14.47,0,0,0.00,0,0,0,65.4927168,0,0,0.00,0,46.99,0.00,3,0,0,0,0.00,5471.54,0.00,382.98,0,316.0696126,20,0,316.0696126,198.62,110.61,0,0.00,0,9.518589722,194.70,5777.79,876.71,0,0,0,0,741.01,3883.69,0,0.00,293.48,0,583.62
BF93,3,20,559.41,0,0,0,1.42,216.19,0,53.08,0,0.00,99.94998749,0,3,0,0,0,0,20,1.414213562,0,0,4.981287692,3,0,20,20,1778.06,5357.91,1697.11,0,0,505.93,0,6.32455532,0,0,0,0,1,0,0.80,0,0,3,20,849.11,0,6.32455532,0,20,0.00,0,0.00,0,0.00,0,0,0,0,685.72,591.93,0.00,71.95,984.16,0,0,0,0,6.32455532,0,20,0,29.15,112.13,99.66,290.63,0,0,1.414213562,0,405.82,3,6.32455532,6.32455532,0.00,3.03,0,361.04,0,0,0.00,290.98,2853.68,0.00,99.94998749,286.55,0,0,0,7.108617267,20,20,0,20,0,0,376.19,20,0.00,20,0,0,73.67,548.50,1024.65,3743.30,0,3828.50,0,85.97,0,0,99.94998749,0,49.39,0,922.89,0.00,27.80,55.85,0,0,0.00,0,0,0,20,0,0,0.00,0,519.28,0.00,0,20,0,0,0.00,5002.40,0.00,11.53,0,99.94998749,20,0,99.94998749,12.42,54.49,56.73598759,5.14,0,0,120.32,5938.41,1517.93,0,0,0,0,1617.67,3888.77,3,0.00,204.95,20,136.24
BF94,4.705080365,0,657.69,0,0,0,1.28,199.86,0,76.74,0,0.00,316.0696126,0,3,0,0,0,0,6.32455532,0,0,0,0,0,0,73.39730808,0,1903.15,5990.80,2196.28,0,0,860.64,0,20,0,0,0,0,3,0,16.99,3,0,20,20,1248.04,0,3,0,3,0.00,0,2.89,0,0.00,0,0,0,0,224.65,1275.59,0.00,11.38,542.89,0,0,0,0,3,3,3,0,0.00,582.16,126.07,378.80,0,0,1,0,410.61,3,99.94998749,3,0.00,5.00,0,866.77,0,0,0.00,780.82,2447.23,0.00,6.32455532,256.33,3,0,0,3,20,20,0,6.32455532,0,0,491.46,3,0.00,20,0,0,0.00,482.01,614.08,3907.38,0,10802.75,0,1186.99,0,0,20,0,0.00,0,787.34,0.00,365.65,228.47,0,0,0.00,0,0,0,6.32455532,0,6.32455532,0.00,0,112.85,0.00,3,68.05562138,0,0,0.00,5608.88,0.00,2.95,0,20,3,0,999.9499987,56.53,132.28,3,10.19,0,0,89.51,5684.64,498.60,0,0,0,0,888.79,3891.85,0,0.00,740.29,0,542.54
BF95,0,3,662.78,0,0,0,0.00,180.74,0,18.72,0,0.00,0,0,1,0,0,0,0,99.94998749,3.180086824,0,0,3,3,0,0,316.0696126,2615.78,5822.81,1898.89,0,0,491.61,0,6.32455532,0,0,0,0,3,0,2.09,0,0,3,3,1360.33,0,6.184859059,0,0,0.00,0,17.38,0,0.00,0,0,0,0,148.09,891.11,0.00,3.17,687.96,0,0,0,0,1,1,20,0,0.00,591.61,165.19,625.44,0,0,1,0,273.20,3,20,20,0.00,40.04,0,556.91,0,0,0.00,920.14,3210.58,0.00,20,261.98,0,0,0,0,20,6.32455532,0,3,0,0,503.87,3,0.00,20,20,0,0.00,0.00,1761.76,3972.46,0,5681.06,0,476.48,0,0,20,0,0.00,0,673.23,0.00,117.36,247.42,0,0,0.00,0,0,0,20,0,0,0.00,0,114.60,0.00,3,3,0,0,0.00,5598.03,0.00,0.00,0,99.94998749,316.0696126,0,20,9.11,17.83,0,112.37,0,0,60.83,5801.09,591.48,0,0,0,0,446.96,3886.22,0,0.00,1012.70,20,240.96
BF96,0,0,250.12,0,0,0,0.00,112.39,0,7.18,0,0.00,99.94998749,0,0,0,0,0,0,31.60696126,0,0,3,1,0,0,20,6.32455532,2651.95,5980.76,2136.50,0,0,432.85,0,99.94998749,0,0,1,0,1.732050808,0,8.15,0,0,99.94998749,6.32455532,1373.66,0,3,6.32455532,2,0.00,0,11.98,0,0.00,0,0,0,0,30.56,1234.71,0.00,0.00,215.74,0,0,0,0,0,1,1.732050808,0,0.00,1041.20,317.08,155.01,0,0,3,0,378.86,2,316.2119542,6.32455532,0.00,17.01,0,563.33,0,0,0.00,717.80,2269.11,0.00,31.60696126,242.66,4.898979486,0,0,0,1,6.32455532,1,6.32455532,0,0,382.43,3,0.00,5.477225575,6.32455532,0,0.00,274.73,477.97,3968.34,0,14135.23,0,672.81,0,0,20,0,0.00,0,431.83,0.00,1206.22,351.97,0,0,0.00,0,0,0,6.32455532,0,0,0.00,0,0.00,0.00,2.449489743,10,0,0,0.00,5690.32,0.00,133.15,0,6.32455532,37.83230363,0,31.60696126,156.15,53.48,0,138.22,0,0,55.55,5785.33,69.85,0,0,0,0,239.94,3382.66,0,0.00,582.65,6.32455532,474.40
BF97,0,0,340.51,0,0,0,0.00,78.64,0,10.50,0,0.00,20,0,0,0,0,0,0,99.94998749,3,0,20,3,0,0,20,20,3199.95,5457.88,1865.09,0,0,86.96,0,3,0,0,0,0,2.449489743,0,0.89,0,0,316.0696126,6.32455532,1385.32,0,3,6.32455532,0,0.00,0,59.62,0,0.00,0,0,0,0,76.06,1319.05,0.00,0.00,527.92,0,0,0,0,0,0,20,0,0.00,508.12,774.70,83.65,0,0,0,0,398.89,3,316.0696126,99.94998749,0.00,151.09,0,435.10,0,0,0.00,1061.51,2472.39,0.00,20,243.83,6.32455532,0,0,0,20,20,0,0,0,0,892.22,3,0.00,20,3,0,0.00,530.69,340.13,4070.21,0,3076.33,0,78.13,0,0,316.0696126,0,0.00,0,608.89,0.00,325.99,154.01,0,0,0.00,0,0,0,20,0,0,0.00,0,20.88,0.00,0,0,0,0,0.00,5576.78,0.00,0.00,0,20,6.32455532,0,316.0696126,0.00,18.30,0,613.86,0,0,107.32,5646.17,1348.85,0,0,0,0,300.07,3654.94,0,0.00,258.02,3,562.17
BF98,0,0,0.00,0,0,0,1.51,124.79,0,9.61,0,0.00,316.0696126,0,0,0,0,0,0,3,0,0,3,3,3,0,3,3,3445.47,6032.58,1682.01,0,0,0.00,0,69.67297166,0,0,0,0,3,0,0.00,3,0,20,20,1227.86,3,3,20,0,0.00,0,62.03,0,0.00,0,0,0,0,0.00,1575.77,0.00,0.00,132.01,0,0,0,0,0,0,20,0,0.00,1735.55,199.42,0.00,0,0,0,0,92.68,0,20,0,0.00,16.20,0,539.89,0,0,0.00,1060.67,797.11,0.00,20,755.88,3,0,0,0,3,3,0,0,0,0,1053.82,0,0.00,3,0,0,0.00,0.00,0.00,4283.82,0,14893.53,0,302.14,0,0,0,0,0.00,0,720.99,0.00,776.01,119.25,0,0,0.00,0,0,0,0,0,3,0.00,0,0.00,0.00,0,0,0,0,0.00,5759.49,0.00,0.00,0,3,3,0,316.0696126,207.48,0.00,0,43.16,0,0,95.45,4930.83,0.00,0,0,0,0,40.33,2790.88,0,0.00,216.81,8.144301976,814.99
BF99,0,0,0.00,0,0,0,2.17,339.52,0,28.16,0,0.00,20,0,0,0,0,0,5.449031295,20,3.180086824,15,6.32455532,4.472135955,6.32455532,20,20,3,1251.35,3802.35,328.32,0,0,0.00,0,99.94998749,0,0,15.42724862,0,3,3,182.09,6.32455532,0,316.0696126,20,763.96,6.32455532,0,20,20,32.35,0,18.96,0,0.00,0,0,0,0,0.00,354.19,0.00,0.00,12.37,0,0,0,6.34428877,0,1.732050808,6.32455532,0,0.00,1963.12,159.93,0.00,0,0,0,0,380.90,0,20,16.38452182,0.00,196.38,0,201.90,0,0,0.00,180.02,1032.33,0.00,99.94998749,2061.47,3.16227766,0,0,0,18.42932446,20,0,3,0,0,214.67,2,0.00,6.32455532,3,2.449489743,0.00,132.49,0.00,2006.79,0,21689.33,0,2779.80,0,0,6.32455532,0,0.00,0,67.93,0.00,2311.98,299.39,0,0,0.00,0,0,2,0,0,1.414213562,0.00,0,0.00,0.00,6.32455532,316.0696126,0,0,0.00,3722.17,0.00,50.57,0,20,0,0,20,1578.15,97.00,0,44.16,0,3,15.13,3231.46,0.00,36.58712517,0,0,0,23.95,288.66,0,0.00,187.08,8.144301976,601.49
BG70,0,0,0.00,0,0,0,0.00,0.00,0,0.00,0,0.00,3,0,0,0,0,0,0,0,0,0,3,0,0,0,0,0,3.17,47.34,13.71,0,0,0.00,0,0,0,0,0,0,0,0,0.00,0,0,0,0,15.17,0,0,0,0,0.00,0,0.62,0,0.00,0,0,0,0,0.00,19.16,0.00,0.00,4.31,0,0,0,0,0,0,0,0,0.00,10.64,0.00,0.00,0,0,0,0,6.27,0,20,0,0.00,0.13,0,1.08,0,0,0.00,0.00,53.73,0.00,3,25.86,0,0,0,0,0,0,0,0,0,0,0.00,0,0.00,3,0,0,0.00,0.00,0.00,0.00,0,310.58,0,7.16,0,0,0,0,0.00,0,3.94,0.00,21.78,3.91,0,0,0.00,0,0,0,0,0,0,0.00,0,0.00,0.00,0,0,0,0,0.00,14.57,0.00,21.19,0,0,0,0,20,0.00,0.00,0,0.00,0,0,0.00,10.79,0.00,0,0,0,0,2.49,24.06,0,0.00,9.80,0,7.88
BG71,0,0,0.00,0,0,0,0.00,21.81,0,0.00,0,0.00,0,0,0,0,0,0,0,0,0,0,20,0,0,0,0,20,32.92,590.86,81.66,0,0,0.00,0,69.67297166,0,1,0,0,0,0,1.29,3,0,316.0696126,0,213.45,0,0,0,0,31.70,0,13.52,0,0.00,0,0,0,0,0.00,158.06,0.00,0.00,30.46,0,0,0,0,0,0,3,0,0.00,126.61,0.00,0.00,0,0,0,0,102.11,0,20,0,0.00,0.00,0,11.12,0,0,0.00,0.00,758.28,0.00,20,314.64,0,0,0,0,0,0,0,0,0,0,0.00,0,0.00,3,3,0,0.00,0.00,0.00,0.00,0,4452.44,0,268.93,0,0,0,0,0.00,0,52.08,0.00,344.05,66.25,0,0,0.00,0,0,0,0,0,0,0.00,0,0.00,0.00,20,0,0,0,0.00,157.48,0.00,204.22,0,0,0,0,316.0696126,81.22,0.00,0,10.30,0,0,0.00,163.23,0.00,0,0,0,0,34.28,76.32,0,0.00,162.02,3,100.00
BG80,0,0,0.00,0,0,0,5.88,158.27,0,10.86,0,0.00,590.7866144,0,0,0,0,0,0,32.35282205,0,0,3,4.981287692,0,0,0,48.28047247,124.46,1902.87,672.36,0,0,0.00,0,3,0,4.690669262,0,0,0,0,248.47,5.028715727,0,278.4895475,26.69030188,690.57,4.384130876,0,14.14468365,20.4362039,40.73,0,6.79,0,0.00,0,0,0,0,0.00,152.01,0.00,0.00,13.64,0,0,0,0,0,0,10.12173988,0,0.00,518.47,50.12,0.00,0,0,0,0,375.39,0,3,0,0.00,57.06,0,20.34,0,0,0.00,0.00,2102.76,0.00,72.18692395,720.34,0,0,0,0,0,118.7456423,0,0,0,0,1.68,0,0.00,59.38087577,0,0,0.00,0.00,0.00,0.00,0,14968.99,0,4248.51,0,0,0,0,0.00,0,20.59,0.00,1272.21,248.61,0,0,0.00,0,0,0,0,0,0,0.00,0,0.00,0.00,30.85755111,0,0,0,0.00,1577.74,0.00,401.06,0,154.4664933,0,0,279.4275177,1935.51,0.00,0,5.16,0,0,0.00,566.33,0.00,0,0,0,0,15.70,48.35,0,0.00,302.33,8.144301976,317.11
BG81,0,0,0.00,0,0,0,15.09,252.30,0,5.10,0,0.00,20,0,0,0,0,0,3,20,0,0,20,3,0,0,0,3,530.90,5106.73,1371.08,0,0,0.00,0,69.67297166,0,3,1,0,0,0,52.34,6.32455532,0,316.0696126,26.69030188,1511.16,4.242640687,0,20,20.4362039,310.68,0,75.75,0,0.00,0,0,0,0,0.00,711.81,0.00,0.00,140.88,0,0,0,0,0,0,20,0,0.00,1203.61,10.62,0.00,0,0,0,0,670.36,0,316.0696126,0,0.00,2.92,0,48.74,0,0,0.00,1.24,5373.19,0.00,316.0696126,2697.42,1,0,0,0,0,118.7456423,0,0,0,0,0.08,0,0.00,20,20,0,0.00,0.00,0.00,0.00,0,32405.79,0,2714.97,0,0,0,0,0.00,0,171.98,0.00,2670.05,538.83,0,0,0.00,0,0,0,0,0,0,0.00,0,0.00,0.00,20,0,0,0,0.00,2732.33,0.00,1199.00,0,0,0,0,316.0696126,2172.24,38.61,0,10.23,0,0,0.00,1010.96,0.00,0,0,0,0,148.92,764.04,0,0.00,1375.52,3,728.27
BG82,0,3,0.00,0,0,0,18.35,122.15,0,2.07,0,0.00,999.9499987,0,0,0,0,0,3,20,0,0,20,3,0,0,0,0,142.09,2393.14,259.59,0,0,0.00,0,3,0,6.32455532,2.449489743,0,0,2,53.47,3,0,31.60696126,3,797.14,3,0,3,6.32455532,181.44,0,32.03,0,0.00,0,0,0,0,0.00,84.11,0.00,0.00,37.55,0,0,0,0,0,1,6.32455532,0,0.00,645.56,0.00,0.00,0,0,0,0,387.07,0,316.2119542,0,0.00,3.14,0,15.57,0,0,0.00,0.00,2682.20,41.30,31.60696126,1634.07,3.718489007,0,0,0,0,0,0,0,0,0,0.00,0,0.00,3,20,0,0.00,0.00,0.00,0.00,0,17795.99,0,3696.55,0,0,0,12.281368,0.00,0,64.24,0.00,1413.16,309.11,0,0,0.00,0,0,0,0,0,0,0.00,0,0.00,0.00,30.85755111,0,0,0,0.00,1187.56,0.00,729.19,0,0,0,0,999.9499987,960.14,0.00,0,5.30,0,0,0.00,568.83,0.00,0,0,0,0,80.98,299.44,0,0.00,515.24,3,407.20
BG90,0,5.840580155,22.42,0,0,0,0.00,199.87,0,5.58,0,0.00,316.0696126,0,0,0,0,0,0,20,0,0,20,3,0,3,20,48.28047247,218.56,3696.47,1572.48,0,0,7.69,0,20,0,20,1,0,2.83541522,0,374.88,5.028715727,0,316.0696126,3,1312.54,3,0,14.14468365,20.4362039,46.88,0,14.82,0,0.00,0,0,0,0,0.00,112.99,0.00,0.00,87.81,0,0,0,0,0,2.878732364,3,0,0.00,1059.43,22.81,11.38,0,0,0,0,645.90,0,316.0696126,20,0.00,88.33,0,16.42,0,0,0.00,6.92,3923.66,66.16,316.0696126,1402.22,3,0,0,0,0,20,0,32.12401964,0,0,1.96,0,0.00,20,20,0,0.00,503.04,0.00,364.18,0,30426.54,0,11950.13,0,0,0,0,0.00,0,0.00,0.00,2710.27,443.17,0,0,0.00,0,0,0,0,0,49.56767943,0.00,0,0.00,0.00,20,68.05562138,0,0,0.00,3774.32,0.00,673.16,0,20,0,0,316.0696126,5097.55,357.33,0,0.00,0,0,1.02,744.86,0.00,0,0,0,0,102.51,705.89,0,0.00,722.43,0,493.16
BG91,0,0,0.00,0,0,0,19.84,406.26,0,5.61,0,0.00,3162.119542,0,0,0,0,0,0,20,0,0,6.32455532,3,20,0,0,20,833.31,4347.03,2064.45,0,0,0.00,0,20,0,3,1,0,0,0,120.93,6.32455532,0,316.0696126,26.69030188,1422.82,3,0,6.32455532,20,113.81,0,20.67,0,0.00,0,0,0,0,0.00,302.17,0.00,1.30,22.74,0,0,0,0,0,2.878732364,20,0,0.00,1212.58,0.00,0.00,0,0,0,3,900.43,0,316.0696126,16.38452182,0.00,5.49,0,31.41,0,0,0.00,6.43,4754.64,637.52,20,2169.49,0,0,0,0,0,3,0,32.12401964,0,0,1.74,0,0.00,59.38087577,0,0,0.00,22.53,0.00,0.00,0,32298.82,0,10781.36,0,0,0,0,0.00,0,53.75,0.00,2703.14,554.16,0,0,0.00,0,0,3,0,0,0,0.00,0,0.00,0.00,20,0,0,0,0.00,4560.06,0.00,1495.97,0,20,0,0,20,5921.44,0.00,0,89.47,0,0,2.41,1198.18,0.00,3,0,0,0,77.77,753.23,0,0.00,1099.59,20,388.10
BG92,0,0,0.00,0,0,0,113.30,479.40,0,20.81,0,0.00,20,0,0,0,0,0,5.449031295,20,0,0,6.32455532,0,10.12056999,0,0,0,374.92,4070.89,720.68,0,0,0.00,0,20,0,1,1,0,1,1,122.54,0,0,20,26.69030188,1386.62,1,0,3,20,408.48,0,11.80,0,0.00,0,0,0,0,0.00,619.23,0.00,8.10,45.01,0,0,0,0,0,2,6.32455532,0,0.00,1542.53,0.00,0.00,0,0,0,0,1111.01,0,20,0,0.00,39.47,0,42.02,0,0,0.00,36.52,4343.86,4172.65,6.32455532,3383.47,0,0,0,0,0,0,0,3,3,0,0.39,0,0.00,20,0,0,0.00,36.07,0.00,157.52,0,26020.01,0,4145.11,0,0,6.32455532,0,0.00,0,203.31,0.00,2571.89,344.57,0,0,0.00,0,0,4.85386444,0,0,0,0.00,0,0.00,0.00,20,0,0,0,0.00,2508.09,0.00,920.18,0,20,0,0,316.0696126,4407.36,0.00,0,416.29,0,0,9.03,867.23,0.00,36.58712517,0,0,0,103.09,629.13,0,0.00,608.66,2.236067977,570.91
BG93,0,0,0.00,0,0,0,6.56,141.88,0,3.54,0,0.00,20,0,0,0,0,0,0,2,0,0,0,1,0,0,3,3,210.76,1799.25,486.74,0,0,0.00,0,20,0,2,0,0,0,0,10.06,3,0,20,0,534.17,0,0,0,20,65.91,0,6.83,0,0.00,0,0,0,0,3.97,367.01,0.00,3.16,57.34,0,0,0,0,0,0,4,0,0.00,370.56,36.69,5.23,0,0,3,0,545.37,0,20,0,0.00,2.64,0,28.83,0,0,0.00,39.16,1845.69,365.34,20,1006.94,0,0,0,0,0,3,0,0,0,0,5.65,0,0.00,3,1,0,0.00,261.05,0.00,476.98,0,11019.49,0,1808.18,0,0,0,0,0.00,0,65.99,0.00,907.53,103.36,0,0,0.00,0,0,0,65.4927168,0,0,0.00,0,0.00,0.00,30.85755111,50,0,0,0.00,1799.13,0.00,318.46,0,3,0,0,20,1906.37,57.50,0,191.17,0,0,4.67,395.47,0.00,0,0,0,0,79.68,679.95,0,0.00,372.98,0,174.65
BG94,0,0,68.87,0,0,0,2.81,6.22,0,1.80,0,0.00,3,0,0,0,0,0,0,0,0,0,0,0,0,0,0,0,102.97,168.16,0.00,0,0,0.00,0,0,0,0,0,0,0,0,0.00,0,0,0,0,75.45,0,0,0,0,0.00,0,5.27,0,8.64,0,0,0,0,16.31,54.91,0.00,0.00,99.86,0,0,0,0,2.635025498,0,3,0,99.13,1.97,0.00,36.22,0,12.29725579,0,0,14.33,0,20,0,0.00,0.00,0,12.74,0,0,0.00,23.15,244.21,0.00,0,34.73,0,0,0,0,0,0,0,0,0,2.198329607,2.14,0,0.00,3,0,0,0.00,162.87,0.00,215.56,0,0.00,0,0.00,0,0,0,0,0.00,0,91.62,0.00,0.00,0.00,0,0,0.00,0,0,0,0,0,0,0.00,0,48.34,0.00,0,0,0,0,0.00,208.32,0.00,0.00,0,0,0,0,0,0.00,17.50,0,311.84,0,0,70.10,186.31,185.00,0,0,0,0,48.46,198.79,0,0.00,11.53,0,0.00
CE09,0,0,0.00,0,0,0,0.00,0.00,0,17.75,0,0.00,590.7866144,0,0,0,0,0,1,0,0,0,0,0,0,99.94998749,0,0,6.49,0.00,23.43,0,0,0.00,0,0,0,0,0,0,0,0,136.87,0,0,20,0,0.00,0,0,0,0,0.00,0,0.00,0,0.00,0,0,0,0,0.00,0.00,0.00,0.00,0.00,0,0,0,0,0,0,0,0,0.00,90.76,0.00,0.00,0,0,0,0,0.00,0,6.32455532,0,0.00,0.00,0,0.00,0,0,0.00,0.00,0.00,0.00,0,0.00,0,0,0,0,0,0,20,0,0,0,0.00,0,0.00,0,0,0,0.00,0.00,0.00,0.00,0,1009.71,0,21.50,0,0,0,0,0.00,0,0.00,0.00,0.00,0.00,0,0,0.00,0,0,0,0,0,0,0.00,0,0.00,0.00,0,0,0,0,0.00,6.86,0.00,0.00,0,0,0,0,3,31.81,0.00,0,0.00,0,0,0.00,5.26,0.00,0,0,0,0,0.00,0.00,0,0.00,0.00,3,0.00
CF00,0,0,0.00,0,0,0,4.89,0.00,0,0.41,0,0.00,316.0696126,0,0,0,0,0,0,1,0,999.9499987,0,0,20,6.32455532,0,0,8.69,117.65,1782.22,0,0,0.00,0,1.732050808,0,0,2.852793324,0,0,1,1648.83,0,0,99.94998749,0,110.93,0,0,0,0,0.00,0,33.06,0,0.00,0,0,0,0,0.00,0.00,0.00,0.00,0.00,0,0,0,0,0,0,1,0,0.00,1033.68,0.00,0.00,0,0,0,0,266.68,0,316.0696126,0,0.00,0.00,0,2.60,0,0,0.00,0.00,365.44,0.00,0,18.00,0,0,0,0,0,0,99.94998749,7.071067812,0,0,0.00,0,0.00,2.236067977,20,1.732050808,0.00,0.00,0.00,0.00,0,30168.92,0,11108.59,0,0,0,0,0.00,0,0.00,0.00,433.99,0.00,0,0,0.00,0,0,0,0,0,0,0.00,0,0.00,0.00,7.071067812,0,0,0,0.00,1203.57,0.00,44.48,0,7.071067812,0,0,99.94998749,9479.97,0.00,0,0.00,0,0,0.00,264.15,0.00,0,0,0,0,7.33,130.77,0,0.00,0.00,3,574.34
CF01,0,0,0.00,0,0,0,0.00,25.97,0,0.00,0,0.00,316.0696126,0,0,0,0,0,3,6.32455532,0,20,0,0,1,20,0,20,66.83,2232.48,1962.63,0,0,68.34,0,6.32455532,0,0,0,0,0,0,1041.32,3,0,99.94998749,0,343.74,0,6.184859059,0,0,0.00,0,18.46,0,0.00,0,0,0,0,0.00,176.24,0.00,0.00,3.84,0,0,0,0,0,0,3,0,0.00,963.96,0.00,0.00,0,0,0,0,424.91,3.066526022,316.0696126,3,0.00,0.00,0,182.18,0,0,0.00,24.25,1195.50,0.00,6.32455532,87.33,0,0,0,0,3,3,6.32455532,3,0,0,2.53,0,0.00,1,6.32455532,0,0.00,0.00,0.00,711.51,0,28771.04,0,7542.79,0,0,0,0,0.00,0,17.58,0.00,1332.78,0.00,0,0,0.00,0,0,0,0,0,0,0.00,0,0.00,0.00,3,68.05562138,0,0,0.00,3113.50,0.00,335.83,0,6.32455532,3,0,99.94998749,6470.94,0.00,0,0.00,0,0,28.39,1704.61,0.00,0,0,0,0,77.22,1190.11,0,0.00,52.44,6.32455532,619.56
CF02,0,0,102.78,0,0,0,0.00,338.22,0,24.24,0,0.00,316.0696126,20,0,0,0,0,0,6.32455532,1,0,0,0,0,0,20,99.94998749,1219.58,6173.67,2125.20,0,0,788.42,0,0,0,0,0,0,1,0,1.26,0,0,20,3,817.55,4.384130876,1,0,0,0.00,0,15.61,0,0.00,0,0,0,0,148.99,847.94,0.00,37.47,244.93,0,0,0,0,0,0,1,0,0.00,1037.68,17.80,11.37,0,0,1,2.257319217,123.81,0,99.94998749,3,0.00,0.00,0,991.74,0,0,0.00,496.42,1547.89,0.00,20,370.29,0,0,0,7.108617267,2,1,0,20,0,0,417.99,2,0.00,6.32455532,0,0,0.00,0.00,214.08,3958.21,0,21545.68,0,1190.91,0,0,20,0,1.93,0,452.90,0.00,392.03,0.00,0,0,0.00,0,0,0,2,0,0,0.00,0,88.33,0.00,0,0,0,0,0.00,5374.99,0.00,118.34,0,99.94998749,1,0,99.94998749,79.91,0.00,0,0.00,0,0,315.98,5381.72,95.05,0,0,0,0,298.54,3592.53,0,0.00,338.35,3,756.10
CF03,0,0,219.72,0,0,0,2.54,454.96,0,53.69,0,0.00,590.7866144,0,0,0,0,0,0,20,3.180086824,0,0,0,0,0,20,20,1569.35,6082.24,1255.43,0,0,850.95,0,0,0,0,0,0,2.83541522,0,0.08,0,0,0,0,1016.46,0,0,0,0,0.00,0,43.61,0,0.00,0,0,0,0,142.60,770.10,0.00,63.00,512.64,0,0,0,0,1,0,4,0,2.85,772.47,107.23,254.16,0,0,3,0,189.95,0,20,0,0.00,1.55,0,722.51,0,0,0.00,673.73,1435.92,0.00,72.18692395,941.82,0,0,0,0,20,0,0,20,0,0,316.31,3,0.00,20,20,0,0.00,225.71,304.96,4022.95,0,6123.55,0,127.54,0,0,58.44102453,0,0.00,0,827.73,0.00,20.15,8.14,0,0,0.00,0,0,0,20,0,0,0.00,0,503.42,0.00,0,0,0,0,0.00,5411.31,0.00,0.00,0,20,0,0,99.94998749,20.49,0.00,0,10.30,0,0,80.02,5715.35,335.59,0,0,0,0,857.26,3901.26,0,0.00,244.89,0,726.50
CF04,2,1,1061.86,0,0,0,2.52,268.19,0,24.94,0,0.00,316.0696126,0,0,0,0,0,0,20,2,0,0,1,0,0,20,99.94998749,1683.18,5887.13,1438.45,0,0,703.64,0,20,0,0,0,0,2,0,30.33,0,0,0,0,1260.56,0,6.184859059,0,6.32455532,0.00,0,12.45,0,0.00,0,0,0,0,161.25,656.63,0.00,17.26,1087.96,0,0,0,0,2,0,5,0,4.46,569.14,0.00,726.11,0,0,2,0,313.99,0,316.0696126,3,0.00,3.63,0,576.39,0,0,0.00,446.67,3757.62,0.00,20,370.15,3.872983346,0,0,1.414213562,20,20,0,20,0,0,68.84,2.449489743,0.00,20,3,0,0.00,744.55,359.16,3959.29,0,9651.49,0,1946.71,0,0,20,0,4.23,0,1212.99,0.00,512.19,301.46,0,0,0.00,0,0,0,20,0,0,0.00,0,169.76,0.00,3,6.32455532,0,0,0.00,5644.49,0.00,23.48,0,20,2,0,3162.119542,204.02,101.13,0,73.70,0,20,39.56,5689.66,1059.82,0,0,0,0,1530.15,3991.85,0,0.00,642.07,1.414213562,597.81
CF05,0,5.840580155,567.16,0,0,0,0.00,17.13,0,2.03,0,0.00,99.94998749,0,1,0,0,0,0,99.94998749,3,0,0,3,0,0,3,99.94998749,1258.06,6062.37,2201.04,0,0,125.17,0,20,0,0,0,0,1,0,23.03,0,0,99.94998749,20,1432.64,0,3,3,20,0.00,0,19.18,0,0.00,0,0,0,0,27.13,1407.75,0.00,0.00,641.71,0,0,0,0,3,3,3,0,0.00,792.52,20.35,222.50,0,0,1,0,488.22,3,99.94998749,20,0.00,8.62,0,360.68,0,0,0.00,411.73,4573.90,0.00,99.94998749,274.10,2,0,0,0,6.32455532,31.60696126,0,20,22.35446761,0,143.77,0,0.00,59.38087577,6.32455532,0,0.00,76.15,403.16,3816.45,0,18098.69,0,1633.59,0,0,58.44102453,0,0.00,0,411.47,0.00,856.77,262.92,0,0,0.00,0,0,0,20,0,0,0.00,0,73.73,0.00,20,3,0,0,0.00,5707.89,0.00,159.63,0,154.4664933,20,0,316.0696126,238.71,56.52,3,31.43,0,0,35.31,5664.68,316.73,0,0,0,0,422.87,3899.33,3,0.00,837.59,3,355.10
CF06,0,0,882.10,0,0,0,0.00,83.38,0,23.12,0,0.00,99.94998749,0,0,0,0,0,0,99.94998749,0,0,0,0,0,0,0,6.32455532,2485.78,5230.91,1117.43,0,0,89.20,0,6.32455532,0,0,0,0,6.32455532,0,0.49,0,0,99.94998749,20,1264.78,0,3,3,0,0.00,0,29.51,0,0.00,0,0,0,0,247.85,1440.46,0.00,4.47,1326.33,0,0,0,0,3,0,6.32455532,0,2.68,225.64,364.07,343.27,0,0,1.414213562,0,623.15,3,99.94998749,6.32455532,0.00,84.04,0,423.56,0,0,0.00,763.67,3545.82,0.00,20,231.33,0,0,0,2,20,3,0,3,0,0,287.07,3,0.00,31.60696126,20,0,0.00,753.70,775.14,3977.58,0,6235.79,0,187.83,0,0,20,0,0.00,0,504.95,0.00,78.60,70.11,0,0,0.00,0,0,0,20,0,0,0.00,0,187.43,0.00,0,0,0,0,0.00,5144.61,0.00,25.06,0,20,20,0,316.0696126,90.10,0.00,0,688.28,0,0,63.46,5761.57,1302.02,0,0,0,0,638.93,3886.29,163.8555342,0.00,389.28,20,179.50
CF07,3,3,383.27,0,0,0,1.39,226.09,0,15.07,0,0.00,316.0696126,0,0,0,0,0,2,20,1,0,0,8,0,0,0,48.28047247,3537.59,5646.06,1415.55,0,0,132.16,0,6.32455532,0,0,0,0,3.872983346,0,0.00,0,0,20,6.32455532,1232.15,0,3,6.32455532,20,0.00,0,10.81,0,0.00,0,0,0,0,178.26,1649.29,0.00,1.30,835.87,0,0,0,0,0,3,15,0,0.00,499.06,814.85,91.20,0,0,0,0,539.36,2,316.0696126,3,0.00,88.86,0,705.50,0,0,0.00,1203.01,3722.18,0.00,99.94998749,344.96,0,0,0,0,20,99.94998749,0,6.32455532,0,0,903.42,10,0.00,20,20,0,0.00,1824.51,498.66,4285.21,0,9685.83,0,238.78,0,0,99.94998749,0,0.00,0,559.09,0.00,205.10,91.35,0,0,0.00,0,0,0,99.94998749,0,0,0.00,0,55.37,0.00,0,0,0,0,0.00,5553.92,0.00,4.08,0,20,6.32455532,0,316.0696126,171.10,77.21,3,610.64,0,0,126.82,5666.72,709.80,0,0,0,0,481.78,3817.52,0,0.00,367.98,3,480.34
CF08,0,1,0.00,0,0,0,7.62,146.33,0,3.06,0,0.00,316.0696126,0,0,0,0,0,2,4,0,0,1,3,20,0,73.39730808,0,3701.93,6009.93,1518.91,0,0,31.45,0,0,0,0,0,0,6.32455532,0,0.00,0,0,316.0696126,26.69030188,1304.86,0,3,14.14468365,20,0.00,0,67.97,0,0.00,0,0,0,0,116.89,1516.85,0.00,0.00,501.25,0,0,0,0,0,0,1,0,1.99,1021.51,704.99,164.52,0,0,0,0,344.05,3.066526022,20,3,0.00,30.56,0,676.32,0,0,0.00,1214.17,2691.64,0.00,316.0696126,886.61,0,0,0,0,3,3,0,0,0,0,951.00,1,0.00,59.38087577,20.09302478,0,0.00,1167.93,15.88,4368.43,0,19441.53,0,1652.76,0,0,316.0696126,0,0.00,0,1025.38,0.00,560.73,241.87,0,0,0.00,0,0,0,20,0,0,0.00,0,0.00,0.00,0,0,0,0,0.00,5767.47,0.00,6.23,0,154.4664933,1.414213562,0,316.0696126,614.10,0.00,0,282.67,0,0,151.11,5446.35,31.92,0,0,0,0,185.07,3766.36,0,0.00,426.38,8.144301976,686.33
CF09,4.705080365,0,0.00,0,0,0,0.00,405.54,0,54.22,0,0.00,316.0696126,0,0,0,0,0,3,6.32455532,0,0,31.60696126,1,20,20,20,99.94998749,2055.61,4176.91,114.73,0,0,0.00,0,20,0,0,2.852793324,0,1.414213562,1.732050808,2.51,20,0,316.0696126,6.32455532,1047.66,6.32455532,3,20,6.32455532,17.67,0,10.98,0,0.00,0,0,0,0,0.00,815.38,0.00,0.00,7.99,0,0,0,6.34428877,0,3,1,0,0.00,1782.88,1470.03,0.00,0,0,0,0,129.76,3,316.0696126,3,0.00,460.28,6.480740698,422.90,0,0,0.00,429.45,394.59,272.81,99.94998749,1633.57,0,0,0,0,1,0,0,20,0,0,548.12,3,0.00,3,3,0,0.00,0.00,0.00,2960.08,0,16909.54,0,1181.89,0,0,58.44102453,0,0.00,0,170.65,0.00,2107.59,315.10,0,0,0.00,0,24.49489743,0,3,0,2,0.00,0,0.00,0.00,30.85755111,68.05562138,0,0,0.00,4139.07,0.00,5.28,0,20,0,0,316.0696126,1044.80,0.00,0,283.46,0,9.518589722,32.79,4091.17,0.00,6.32455532,0,0,0,25.31,447.19,0,0.00,194.18,20,600.82
CF10,0,0,0.00,0,0,0,1.48,0.00,0,0.78,0,0.00,99.94998749,0,0,0,0,0,0,0,0,999.9499987,0,0,20,99.94998749,0,48.28047247,1.08,0.00,634.68,0,0,0.00,0,3,0,0,0,0,0,0,1058.92,0,0,316.0696126,0,7.43,4.384130876,0,0,0,0.00,0,14.86,0,0.00,0,0,0,0,0.00,0.00,0.00,0.00,0.00,0,0,0,0,0,0,10.12173988,0,0.00,554.91,0.00,0.00,0,0,0,0,66.53,0,99.94998749,0,0.00,0.00,0,0.83,0,0,0.00,0.00,0.00,0.00,0,14.42,0,0,0,0,0,0,20,3,0,0,0.00,0,0.00,3,6.32455532,3,0.00,0.00,0.00,0.00,0,17810.13,0,5652.95,0,0,0,0,0.00,0,0.00,0.00,42.44,0.00,0,0,0.00,0,0,0,0,0,0,0.00,3,0.00,0.00,3,68.05562138,0,0,0.00,289.14,0.00,2.82,0,0,0,0,20,5788.47,0.00,0,0.00,0,0,0.00,27.78,0.00,0,0,0,0,0.00,0.00,0,0.00,0.00,3,253.61
CF11,0,0,0.00,0,0,0,0.00,0.00,0,1.03,0,0.00,31.60696126,0,0,0,0,0,0,0,0,316.0696126,0,0,0,20,0,0,5.55,0.00,217.02,0,0,0.00,0,0,0,0,2.852793324,0,0,0,628.78,0,0,99.94998749,0,42.43,0,0,0,0,0.00,0,6.14,0,0.00,0,0,0,0,0.00,0.00,0.00,0.00,0.00,0,0,0,0,0,0,10.12173988,0,0.00,312.48,0.00,0.00,0,0,0,0,37.28,0,316.0696126,0,0.00,0.00,0,0.00,0,0,0.00,0.00,0.00,0.00,0,9.50,0,0,0,0,0,118.7456423,6.32455532,1.732050808,0,0,0.00,0,0.00,59.38087577,3,0,0.00,0.00,0.00,0.00,0,11207.09,0,2732.09,0,0,0,0,0.00,0,0.00,0.00,36.71,0.00,0,0,0.00,0,0,0,0,0,0,0.00,3,0.00,0.00,2.236067977,68.05562138,0,0,0.00,124.84,0.00,10.73,0,0,0,0,99.94998749,3617.47,0.00,0,0.00,0,0,0.00,16.44,0.00,0,0,0,0,0.00,0.00,0,0.00,0.00,3,128.32
CF12,0,0,0.00,0,0,0,0.00,74.08,0,0.68,0,0.00,99.94998749,20,0,0,0,0,0,3,0,0,0,0,0,0,6,6,216.97,1503.19,544.09,0,0,296.14,0,0,0,0,0,0,1,0,0.76,0,0,20,0,252.53,0,0,0,0,0.00,0,0.00,0,0.00,0,0,0,0,0.00,282.49,0.00,0.00,34.03,0,0,0,0,0,0,1,0,0.00,376.28,0.00,11.71,0,0,0,0,0.00,0,20,0,0.00,0.00,0,224.52,0,0,0.00,164.14,662.19,0.00,3,74.85,0,0,0,0,5.196152423,1,0,6.32455532,0,0,0.66,0,0.00,3,3,0,0.00,0.00,83.00,964.00,0,6745.93,0,115.16,0,0,0,0,0.00,0,124.51,0.00,240.24,0.00,0,0,0.00,0,0,0,0,0,0,0.00,0,0.00,0.00,0,0,0,0,0.00,1340.83,0.00,47.31,0,6.32455532,0,0,279.4275177,42.06,0.00,0,0.00,0,0,78.98,1286.14,0.00,0,0,0,0,38.54,859.46,0,0.00,110.65,0,217.37
CF13,4.705080365,1,135.15,0,0,0,0.00,260.30,0,58.51,0,0.00,3,37.46112383,1,0,0,0,0,2,3,0,0,0,0,0,316.0696126,316.0696126,1058.35,5877.61,1607.99,0,0,543.16,0,0,0,0,0,0,1,0,2.03,4,0,20,20,778.88,0,6.184859059,0,0,26.62,0,4.69,0,0.00,0,0,0,0,603.15,465.51,0.00,30.70,475.86,0,0,0,0,1,1,2,0,8.90,597.02,14.98,119.63,0,0,1,0,125.08,0,20,0,0.00,0.64,0,354.08,0,0,0.00,259.16,1560.93,0.00,20,557.32,0,0,0,3,20,3,0,316.0696126,0,0,348.80,3,0.00,20,0,0,0.00,181.09,616.31,3570.37,0,16201.85,0,144.50,0,0,3,12.281368,0.00,0,544.29,0.00,484.19,0.00,0,0,0.00,0,0,0,3,0,0,0.00,0,152.80,0.00,0,0,0,0,0.00,5009.97,0.00,152.98,0,316.0696126,37.83230363,0,316.0696126,67.16,0.00,0,27.86,0,0,104.82,5231.33,1248.42,0,0,0,0,879.32,3508.86,0,0.00,116.21,0,487.46
CF14,1,2,1800.29,0,0,0,0.00,228.11,0,30.09,0,0.00,316.0696126,0,2.247226522,0,0,0,0,20,4.472135955,0,0,0,0,0,20,20,1357.58,5449.67,477.63,0,0,413.92,0,0,0,0,0,0,1,0,1.58,0,0,278.4895475,0,1179.20,0,3,0,0,0.00,0,20.59,0,0.00,0,0,0,0,1127.42,530.12,0.00,31.00,3992.97,0,0,0,0,1,0,4,0,143.83,38.64,0.00,1107.06,0,0,1,0,313.03,3.066526022,316.0696126,20,0.00,0.23,0,120.07,0,0,0.00,251.71,3807.44,0.00,20,241.33,0,0,0,3,20,20,0,32.12401964,0,0,60.39,3,0.00,316.0696126,20,0,332.99,1309.85,2134.13,3895.03,0,2221.67,0,44.74,0,0,0,0,15.68,0,1458.12,0.00,10.03,178.65,0,0,0.00,0,0,0,316.0696126,0,49.56767943,0.00,0,595.89,0.00,0,0,0,0,0.00,5460.54,0.00,7.00,0,20,3,0,316.0696126,20.08,424.40,0,21.14,0,0,23.80,5628.37,926.92,0,0,0,0,2386.28,4083.12,0,0.00,238.31,3,136.67
CF15,20,3,1160.91,0,0,0,22.01,182.93,0,6.69,0,0.00,99.94998749,0,2.247226522,0,0,0,0,20,3.180086824,0,0,0,0,0,0,48.28047247,864.82,5495.83,1474.74,0,0,92.58,0,20,0,0,0,0,3,0,2.52,3,0,316.0696126,3,1362.48,0,3,0,20,0.00,0,64.56,0,0.00,0,0,0,0,429.16,851.09,0.00,5.43,2427.31,0,0,0,0,2.635025498,0,20,0,124.53,332.50,0.00,926.86,0,0,1,2.257319217,410.33,0,99.94998749,3,0.00,0.61,0,276.99,0,0,0.00,265.09,4140.26,0.00,20,264.02,0,0,0,0,18.42932446,6.32455532,0,32.12401964,0,0,84.44,5.991640267,0.00,3,6.32455532,0,253.44,273.29,1278.73,3890.55,0,15849.83,0,215.51,0,0,20,12.281368,17.21,0,562.05,0.00,324.81,141.88,0,0,0.00,0,0,0,20,0,49.56767943,0.00,0,652.49,0.00,0,0,0,0,0.00,5589.76,0.00,30.82,0,6.32455532,37.83230363,0,99.94998749,163.54,794.55,0,33.03,0,9.518589722,29.12,5005.86,295.30,0,0,0,0,1253.39,4033.32,20,0.00,786.19,8.144301976,343.17
CF16,0,0,1135.86,0,0,0,1.52,195.93,0,37.83,0,0.00,316.0696126,0,0,0,0,0,5.449031295,0,3,0,0,0,0,0,73.39730808,48.28047247,1955.51,5558.20,1185.80,0,0,456.49,0,6.32455532,0,0,0,0,2,0,0.44,0,0,316.0696126,26.69030188,1112.81,0,3,0,0,0.00,0,60.68,0,0.00,0,0,0,0,498.10,1140.10,0.00,29.74,1397.29,0,0,0,0,3,0,6.32455532,0,17.22,99.67,12.27,224.56,0,0,2.449489743,0,818.31,3,99.94998749,6.32455532,0.00,23.84,0,283.72,0,0,0.00,282.99,3761.99,0.00,316.0696126,231.08,0,0,0,0,6.32455532,20,0,20,0,0,259.99,0,0.00,6.32455532,20.09302478,0,0.00,1459.85,920.10,3853.05,0,14868.13,0,44.24,0,0,3,0,0.00,0,586.76,0.00,91.86,7.03,0,0,0.00,0,0,0,20,0,0,0.00,0,540.03,0.00,0,0,0,0,0.00,5304.25,0.00,0.00,0,20,20,0,99.94998749,25.41,404.16,0,623.17,0,0,145.83,5517.26,1039.92,0,0,0,0,1184.37,3958.42,20,0.00,433.18,0,126.24
CF17,3,3,1040.91,0,0,0,20.14,177.17,0,48.65,0,0.00,999.9499987,0,3,0,0,0,0,20,3,0,0,3,0,0,3,0,2672.91,4489.54,121.91,0,0,475.02,0,6.32455532,0,0,0,0,3,0,0.13,0,0,99.94998749,20,1040.35,0,3,0,20.4362039,0.00,0,45.04,0,0.00,0,0,0,0,1039.31,1077.62,0.00,26.73,3150.60,0,0,0,0,3,0,10.95445115,0,125.38,104.83,20.05,423.92,0,0,3,0,574.68,3,316.0696126,0,0.00,72.71,0,234.10,0,0,49.31,750.27,3299.68,0.00,20,386.47,0,0,0,1,20,20,0,3,0,0,219.35,3,3.20,3,3,0,73.79,3494.78,1236.95,4061.74,0,4525.46,0,94.98,0,0,20,0,139.08,0,910.62,0.00,23.81,168.68,0,0,0.00,0,0,0,99.94998749,0,0,0.00,0,982.90,0.00,0,0,0,0,0.00,4999.15,0.00,0.00,0,154.4664933,6.32455532,0,99.94998749,141.24,973.10,20,1305.99,0,0,69.08,5356.18,2217.25,0,0,0,0,1776.38,4000.17,3,0.00,215.46,0,87.00
CF18,2,1,0.00,0,0,0,0.00,267.21,0,8.94,0,0.00,99.94998749,0,0,0,0,0,1,1,1,0,0,2.449489743,0,0,3,3,3532.34,5822.16,885.01,0,0,524.47,0,3,0,0,0,0,3.464101615,0,0.00,0,0,25,6.32455532,1304.88,0,3,6.32455532,0,0.00,0,81.92,0,0.00,0,0,0,0,296.95,1843.15,0.00,0.39,965.68,0,0,0,0,0,0,6.32455532,0,0.00,540.32,81.35,410.07,0,0,0,0,454.07,1,99.94998749,3,0.00,18.46,0,951.29,0,0,0.00,1490.14,3379.19,0.00,20,436.44,0,0,0,0,20,20,0,3,0,0,497.72,0,0.00,20,6.32455532,0,0.00,2296.38,34.32,4368.44,0,11720.90,0,932.57,0,0,31.60696126,0,0.00,0,1507.52,0.00,185.35,42.91,0,0,0.00,0,0,0,3,0,0,0.00,0,36.27,0.00,0,0,0,0,0.00,5698.96,0.00,0.00,0,20,20,0,99.94998749,538.04,20.71,0,679.63,0,0,69.87,5318.21,0.00,0,0,0,0,352.76,4038.28,0,0.00,303.14,1,638.81
CF19,0,0,0.00,0,0,0,0.00,462.38,0,18.27,0,0.00,316.0696126,0,1,0,0,0,0,20,1,0,20,3.464101615,3.872983346,2.828427125,3,20,2668.60,5612.82,762.36,0,0,25.29,0,20,0,0,0,0,2,0,62.95,6.32455532,0,316.0696126,3.872983346,1267.92,2,1,20,2.449489743,4.99,0,28.46,0,0.00,0,0,0,0,22.67,1247.85,0.00,0.83,109.25,0,0,0,0,0,0,3.464101615,0,0.00,1408.40,1273.43,0.00,0,0,1,0,543.11,2,20,3,0.00,125.50,0,469.76,0,0,0.00,974.59,2378.95,65.77,20,1119.59,0,0,0,0,1.414213562,20,0,3,0,0,543.48,1,0.00,20,3,0,0.00,112.77,0.00,3632.36,0,15393.35,0,4114.03,0,0,20,0,0.00,0,312.58,0.00,1577.64,284.55,0,0,0.00,0,2.236067977,0,4.898979486,0,3.872983346,0.00,0,0.00,0.00,20,0,0,0,0.00,5500.52,0.00,379.85,0,20,0,0,316.0696126,2706.66,241.44,0,392.21,0,0,42.36,4646.63,38.79,6.480740698,0,0,0,92.31,2704.44,0,0.00,433.77,1,639.18
CF20,0,0,0.00,0,0,0,0.00,0.00,0,1.20,0,0.00,0,0,0,0,0,0,0,0,0,20,0,0,0,20,0,0,2.18,0.00,0.00,0,0,0.00,0,0,0,0,0,0,0,0,39.79,0,0,0,0,0.00,0,0,0,0,0.00,0,0.60,0,0.00,0,0,0,0,0.00,0.00,0.00,0.00,0.00,0,0,0,0,0,0,0,0,0.00,15.14,0.00,0.00,0,0,0,0,0.00,0,3,0,0.00,0.00,0,0.00,0,0,0.00,0.00,0.00,0.00,0,1.63,0,0,0,0,0,0,20,0,0,0,0.00,0,0.00,0,20.09302478,0,0.00,0.00,0.00,0.00,0,188.50,0,4.66,0,0,0,0,0.00,0,0.00,0.00,0.00,0.00,0,0,0.00,0,0,0,0,0,0,0.00,0,0.00,0.00,0,0,0,0,0.00,0.00,0.00,0.00,0,0,0,0,0,19.79,0.00,0,0.00,0,0,0.00,0.00,0.00,0,0,0,0,0.00,0.00,0,0.00,0.00,0,0.00
CF21,0,0,0.00,0,0,0,0.00,0.00,0,0.42,0,0.00,0,0,0,0,0,0,0,0,0,0,0,0,0,3,0,0,1.10,0.00,0.00,0,0,0.00,0,0,0,0,0,0,0,0,18.12,0,0,0,0,0.00,0,0,0,0,0.00,0,0.58,0,0.00,0,0,0,0,0.00,0.00,0.00,0.00,0.00,0,0,0,0,0,0,0,0,0.00,7.05,0.00,0.00,0,0,0,0,0.00,0,531.2865308,0,0.00,0.00,0,0.00,0,0,0.00,0.00,0.00,0.00,0,0.00,0,0,0,0,0,0,3.872983346,0,0,0,0.00,0,0.00,0,0,0,0.00,0.00,0.00,0.00,0,73.67,0,1.57,0,0,0,0,0.00,0,0.00,0.00,0.00,0.00,0,0,0.00,0,0,0,0,0,0,0.00,0,0.00,0.00,0,0,0,0,0.00,0.00,0.00,0.00,0,0,0,0,0,0.00,0.00,0,0.00,0,0,0.00,0.00,0.00,0,0,0,0,0.00,0.00,0,0.00,0.00,8.144301976,0.00
CF23,0,0,64.20,0,0,0,0.00,16.00,0,5.48,0,0.00,20,0,0,0,0,0,0,0,0,0,0,0,0,0,0,3,152.99,988.18,303.16,0,0,7.78,0,0,0,0,0,0,0,0,1.43,0,0,20,0,117.88,0,0,0,0,0.00,0,0.00,0,0.00,0,0,0,0,98.61,48.48,0.00,1.42,54.59,0,0,0,0,0,0,3,0,0.00,30.78,0.00,0.00,0,0,1,0,7.07,0,20,0,0.00,0.00,0,51.78,0,0,0.00,0.00,370.00,0.00,0,43.26,0,0,0,0,3,0,0,20,0,0,34.06,3,0.00,3,0,0,21.14,23.06,94.49,536.52,0,4290.61,0,5.78,0,0,3,0,0.00,0,69.17,0.00,89.72,0.00,0,0,0.00,0,0,0,3,0,0,0.00,0,13.37,0.00,0,0,0,0,0.00,855.38,0.00,110.93,0,3,0,0,20,9.76,0.00,0,0.00,0,0,11.86,848.98,173.19,0,0,0,0,131.68,557.43,0,0.00,0.00,0,87.50
CF24,0,5.840580155,231.49,0,0,0,0.00,211.94,0,43.20,0,0.00,316.0696126,0,0,0,0,0,0,32.35282205,3.180086824,0,0,4.981287692,0,0,73.39730808,20,608.19,5403.29,1161.02,0,0,122.00,0,69.67297166,0,0,0,0,0,0,8.97,0,0,0,1,976.95,0,6.184859059,0,0,0.00,0,25.41,0,0.00,0,0,0,0,507.27,320.69,0.00,8.66,800.36,0,0,0,0,2.635025498,0,10.12173988,0,0.00,377.83,0.00,187.86,0,0,1.414213562,0,386.67,3.066526022,3162.119542,16.38452182,0.00,0.54,0,298.42,0,0,0.00,128.06,2962.21,0.00,72.18692395,249.50,0,0,0,0,18.42932446,118.7456423,0,32.12401964,0,0,78.12,5.991640267,0.00,59.38087577,0,0,13.19,273.71,216.28,3150.17,0,18310.79,0,236.31,0,0,0,0,15.43,0,711.81,0.00,642.10,0.00,0,0,0.00,0,0,0,65.4927168,0,49.56767943,0.00,0,136.32,0.00,0,0,0,0,0.00,4960.22,0.00,169.77,0,154.4664933,37.83230363,0,3162.119542,101.91,182.56,0,75.37,0,0,24.04,5009.79,806.70,0,0,0,0,1062.95,3109.13,0,0.00,142.44,8.144301976,287.24
CF25,0,3,1482.30,0,0,0,2.71,136.28,0,19.71,0,0.00,316.2119542,0,1,0,0,0,0,31.60696126,3,0,0,0,0,0,0,0,964.95,5236.01,1332.81,0,0,789.05,0,20,0,0,0,0,3,0,24.22,0,0,99.94998749,0,1295.68,0,3.464101615,0,0,0.00,0,53.29,0,0.00,0,0,0,0,782.22,725.52,0.00,7.12,2350.34,0,0,0,0,3,0,6.32455532,0,171.51,178.54,0.00,647.15,0,0,3,0,564.43,3,99.94998749,99.94998749,0.00,0.50,0,217.51,0,0,0.00,258.85,4446.60,0.00,20,242.20,0,0,0,0,20,31.60696126,0,3,0,0,10.48,0,0.00,316.0696126,0,0,220.27,1313.27,1215.98,3993.85,0,19545.33,0,503.76,0,0,316.0696126,0,72.61,0,963.86,0.00,479.04,0.00,0,0,0.00,0,0,0,316.0696126,0,49.56767943,0.00,0,857.79,0.00,0,0,0,0,0.00,5535.42,0.00,84.87,0,316.0696126,0,0,99.94998749,518.33,1678.55,0,422.60,0,0,16.31,5397.61,440.73,0,0,0,0,1427.28,3996.76,0,0.00,402.80,20,258.25
CF26,3,0,1989.05,0,0,0,1.17,97.29,0,8.83,0,0.00,316.2119542,0,0,0,0,0,0,3,0,0,0,3,0,0,3,0,882.70,5023.83,1276.04,0,0,343.86,0,20,0,0,0,0,4.242640687,0,7.92,0,0,0,0,1291.97,0,4.242640687,0,3,0.00,0,68.64,0,0.00,0,0,0,0,799.68,581.30,0.00,6.95,1494.58,0,0,0,0,2.635025498,0,5.196152423,0,451.90,41.98,0.00,541.30,0,0,1,0,511.58,3,316.0696126,3,0.00,2.17,0,154.48,0,0,12.78,287.28,2542.31,0.00,6.32455532,233.13,0,0,0,0,0,6.32455532,0,1,0,0,9.00,0,0.00,99.94998749,3,0,490.60,1576.66,458.25,3823.68,0,15661.62,0,440.46,0,0,0,0,0.00,0,626.78,0.00,1087.78,91.93,0,0,0.00,0,0,0,20,0,0,0.00,0,517.07,0.00,0,0,0,0,0.00,4816.20,0.00,0.00,0,31.60696126,0,0,3,948.53,1680.48,0,723.73,0,0,31.89,3851.48,303.49,0,0,0,0,893.14,3872.78,0,0.00,249.24,3,194.77
CF27,3,3,879.52,0,0,0,43.83,132.70,0,19.44,0,0.00,316.0696126,0,3,0,0,0,0,99.94998749,0,0,0,3,0,0,20,20,2141.79,4566.99,493.41,0,0,710.12,0,3,0,0,0,0,20,0,2.39,0,0,99.94998749,26.69030188,1161.41,0,3,0,20.4362039,0.72,0,91.11,0,3.97,0,0,0,0,1639.94,1006.94,0.00,22.84,2993.97,0,0,0,0,3,2.878732364,6.32455532,0,904.76,139.25,0.00,902.80,0,0,1,0,525.92,3,99.94998749,6.32455532,0.00,4.12,0,172.83,0,0,30.40,757.20,2696.65,0.00,20,462.77,0,0,0,0,6.32455532,20,0,32.12401964,0,0,9.02,5.991640267,3.41,6.32455532,20,0,1531.45,3215.10,912.61,4027.43,0,5522.37,0,41.10,0,0,3,0,132.29,0,1518.45,0.00,79.81,203.06,0,0,0.00,0,0,0,20,0,0,0.00,0,1368.78,0.00,0,0,0,0,0.00,4370.61,0.00,0.00,0,154.4664933,99.94998749,0,279.4275177,587.82,1754.97,20,1768.77,0,0,65.58,3570.61,796.42,0,0,0,0,1280.96,3955.51,6.32455532,0.00,420.82,1,37.35
CF28,0,0,0.00,0,0,0,3.73,263.59,0,9.24,0,0.00,316.0696126,0,0,0,0,0,0,20,3,0,0,3,0,0,20,3,2182.99,5671.84,656.99,0,0,531.32,0,20,0,0,0,0,3,0,2.58,0,0,20,0,1363.97,0,3,0,0,0.70,0,61.88,0,5.82,0,0,0,0,590.56,1746.61,0.00,7.39,1583.15,0,0,0,0,0,0,20,0,215.47,896.23,0.00,648.75,0,0,0,0,1099.57,0,316.0696126,3,0.00,14.95,0,638.53,0,0,20.58,813.21,4314.12,0.00,20,1137.49,0,0,0,0,3,3,0,0,0,0,108.58,0,0.00,20,3,0,182.57,2208.66,203.28,4310.12,0,12740.07,0,164.88,0,0,0,0,2.38,0,1725.84,0.00,380.70,166.53,0,0,0.00,0,0,0,3,0,0,0.00,0,217.32,0.00,3,0,0,0,0.00,5569.68,0.00,56.54,0,20,3,0,20,1511.09,264.45,0,851.77,0,0,65.32,4929.67,14.82,0,0,0,0,516.92,3952.46,0,0.00,362.89,3,332.21
CF29,0,0,0.00,0,0,0,0.00,409.06,0,18.18,0,0.00,316.0696126,0,0,0,0,0,3,20,0,0,20,2.449489743,10.12056999,0,20,20,1651.03,5988.70,418.19,0,0,0.00,0,3,0,0,0,0,1,0,27.14,0,0,20,20,1300.59,0,1,0,0,0.79,0,26.60,0,0.00,0,0,0,0,27.42,848.44,0.00,0.00,135.19,0,0,0,0,0,0,20,0,9.83,1550.17,59.90,33.57,0,0,0,0,523.95,3,316.0696126,0,0.00,6.74,0,595.02,0,0,0.00,603.47,2677.24,0.00,20,1766.75,0,0,0,0,20,20,0,0,0,0,144.55,0,0.00,316.0696126,3,0,0.00,303.65,0.00,3714.64,0,22631.12,0,2259.54,0,0,58.44102453,0,0.00,0,452.48,0.00,1699.48,288.37,0,0,0.00,0,0,0,0,0,0,0.00,0,0.00,0.00,0,0,0,0,0.00,5715.51,0.00,419.75,0,20,0,0,20,3212.21,77.46,0,122.34,0,0,41.46,3315.15,0.00,0,0,0,0,72.64,2675.62,0,0.00,474.33,0,655.19
CF34,0,0,0.00,0,0,0,0.00,18.97,0,0.00,0,0.00,316.0696126,0,0,0,0,0,0,20,0,0,0,0,0,0,0,20,103.51,1643.98,727.18,0,0,8.15,0,20,0,0,0,0,0,0,342.25,0,0,316.0696126,0,316.04,0,0,0,0,0.00,0,0.00,0,0.00,0,0,0,0,0.00,35.44,0.00,0.00,8.05,0,0,0,0,0,0,3,0,0.00,243.73,0.00,42.53,0,0,0,0,76.56,0,316.2119542,0,0.00,0.00,0,55.67,0,0,0.00,18.09,1308.93,0.00,20,63.56,0,0,0,0,0,3,0,20,0,0,0.00,0,0.00,59.38087577,0,0,0.00,139.70,0.00,581.59,0,9954.99,0,2449.86,0,0,0,0,0.00,0,28.62,0.00,753.35,0.00,0,0,0.00,0,0,0,0,0,0,0.00,0,0.00,0.00,0,0,0,0,0.00,1696.03,0.00,653.73,0,154.4664933,0,0,316.0696126,668.15,18.40,0,0.00,0,0,0.00,1274.99,0.00,0,0,0,0,78.62,924.44,0,0.00,40.20,0,217.42
CF35,0,0,123.23,0,0,0,0.00,147.71,0,3.01,0,0.00,3162.119542,0,0,0,0,0,0,20,0,0,0,0,0,0,0,20,487.75,5983.64,1390.88,0,0,36.91,0,0,0,0,0,0,0,0,931.25,3,0,278.4895475,0,797.40,0,0,0,0,0.00,0,2.93,0,0.00,0,0,0,0,8.93,80.40,0.00,0.00,118.01,0,0,0,0,0,0,3,0,2.53,632.74,0.00,718.67,0,0,0,0,293.71,0,316.0696126,0,0.00,0.00,0,86.63,0,0,0.00,31.83,4873.43,0.00,316.0696126,505.99,0,0,0,0,0,3,0,0,0,0,0.00,0,0.00,3,20,0,0.00,3238.08,50.41,1052.03,0,33472.08,0,14898.05,0,0,0,0,0.00,0,22.57,0.00,2510.39,55.52,0,0,0.00,0,0,0,0,0,0,0.00,0,17.35,0.00,0,0,0,0,0.00,5828.70,0.00,1667.87,0,20,0,0,279.4275177,6578.21,791.09,0,19.20,0,0,0.00,4953.01,0.00,0,0,0,0,231.19,3687.75,0,0.00,195.63,0,878.16
CF36,0,5.840580155,1497.08,0,0,0,12.39,147.75,0,2.32,0,0.17,316.0696126,0,0,0,0,0,0,20,0,0,0,0,0,0,3,3,1049.62,5082.24,897.19,0,0,487.69,0,69.67297166,0,0,0,0,6.32455532,0,181.31,0,0,316.0696126,26.69030188,1320.80,0,3,0,0,0.00,0,42.58,0,0.00,0,0,0,0,341.91,449.36,0.00,0.00,2475.42,0,0,0,0,3,2.878732364,3,0,699.52,83.07,0.00,1239.69,0,0,2,2.257319217,411.47,0,316.0696126,16.38452182,0.00,0.00,0,91.26,0,0,17.56,303.70,3860.68,0.00,99.94998749,269.67,0,0,0,0,18.42932446,99.94998749,0,316.0696126,0,0,0.12,0,0.00,20,20,0,2124.95,4437.82,1464.01,3535.50,0,18210.25,0,5976.36,0,0,0,0,18.78,0,639.91,5.25,1005.64,101.22,0,0,0.00,0,0,0,316.0696126,0,0,0.00,0,616.29,0.00,0,0,0,0,0.00,5325.14,0.00,148.68,0,20,20,0,279.4275177,3133.67,1749.30,3,423.52,0,0,9.15,4781.42,36.23,0,0,0,0,856.70,4069.77,163.8555342,0.00,405.19,0,361.26
CF37,5,5,1492.81,0,0,0,66.84,0.00,0,16.37,0,0.55,316.0696126,0,1.77187327,0,0,0,3,20,3,0,0,20,0,0,20,0,849.32,2370.93,48.70,0,0,942.51,0,99.94998749,0,0,0,0,1.732050808,0,0.30,0,0,20,20,1383.41,0,3,3,3,1.84,0,82.64,0,77.37,0,0,0,0,1452.18,554.66,0.00,1.81,5144.00,0,0,0,0,5.477225575,3,5.477225575,0,1884.40,11.46,0.00,1449.27,0,0,1,0,310.46,1,99.94998749,20,0.00,0.00,0,34.67,0,0,101.21,478.45,1680.96,0.00,20,204.28,0,0,0,3,20,6.32455532,0,3,0,0,0.00,0,7.03,31.60696126,20,0,5074.91,4043.94,2594.25,4003.36,0,1795.49,0,13.92,0,0,20,0,83.20,1,1291.60,0.00,14.59,27.99,0,0,0.00,0,0,0,316.0696126,0,0,1.07,0,2247.43,0.00,0,20,0,0,0.00,3113.12,0.00,0.00,0,6.32455532,20,0,99.94998749,333.91,2244.24,20,1736.23,3,3,11.87,1520.63,70.98,0,0,0,0,1384.47,4036.55,99.94998749,0.00,970.36,0,9.12
CF38,0,5.840580155,230.16,0,0,0,45.78,111.69,0,7.29,0,0.00,20,0,3,0,0,0,0,20,0,0,0,5,0,0,0,0,1089.82,5047.45,1194.26,0,0,1001.05,0,20,0,0,0,0,2.83541522,0,14.07,0,0,0,0,1424.03,0,6.184859059,3,20.4362039,0.00,0,92.95,0,21.36,0,0,0,0,555.65,1550.47,0.00,10.61,3421.30,0,0,0,0,2.635025498,0,6.32455532,0,1286.25,780.91,0.00,1211.76,0,0,0,0,1059.86,1,316.0696126,20,0.00,8.80,0,317.75,0,0,11.60,1042.21,4500.10,0.00,72.18692395,1612.80,0,0,0,0,20,20,0,20,0,0,4.04,0,0.00,20,20,0,720.90,2757.77,607.66,4006.43,0,11408.86,0,146.26,0,0,20,0,5.36,0,1889.47,0.00,112.23,147.91,0,0,0.00,0,0,0,20,0,0,0.00,0,1151.50,0.00,0,0,0,0,0.00,5163.17,0.00,26.73,0,20,37.83230363,0,20,1605.33,1003.90,0,1752.36,0,0,78.82,4451.72,0.00,0,0,0,0,865.32,4070.53,163.8555342,0.00,980.48,0,193.41
CF39,0,20,103.80,0,0,0,0.00,296.09,0,14.11,0,0.00,3162.119542,0,0,0,0,0,5.449031295,6.32455532,0,0,20,6.32455532,0,0,73.39730808,48.28047247,1771.34,4956.93,508.62,0,0,310.07,0,0,0,0,0,0,3,0,3.36,0,0,3162.119542,99.94998749,1386.15,0,0,6.32455532,0,0.00,0,80.60,0,0.00,0,0,0,0,281.54,1743.24,0.00,6.41,1969.98,0,0,0,0,0,0,20,0,587.67,1093.25,8.39,723.46,0,0,0,0,783.81,0,3162.119542,20,0.00,10.83,0,519.90,0,0,3.48,1180.15,4194.31,0.00,6.32455532,2107.51,0,0,0,0,0,20,0,0,0,0,20.06,0,0.00,20,3,0,149.50,2217.87,421.95,4246.30,0,11935.30,0,151.85,0,0,58.44102453,0,0.00,0,1766.56,0.00,152.80,102.76,0,0,0.00,0,0,0,0,0,0,0.00,0,197.41,0.00,0,0,0,0,0.00,5584.35,0.00,12.34,0,316.0696126,0,0,279.4275177,2512.37,0.00,0,2162.01,0,0,99.87,4964.01,0.00,0,0,0,0,517.02,3930.01,0,0.00,752.35,3,418.29
CF44,0,0,63.60,0,0,0,0.00,6.65,0,2.74,0,0.00,316.0696126,20,0,0,0,0,0,20,0,0,3,3,0,0,0,20,55.70,809.15,311.91,0,0,0.00,0,99.94998749,0,0,0,0,0,0,92.42,0,0,316.0696126,26.69030188,174.18,0,0,0,0,0.00,0,0.00,0,0.00,0,0,0,0,0.00,0.00,0.00,0.00,19.24,0,0,0,0,0,0,6.32455532,0,0.00,22.11,0.00,16.01,0,0,0,0,28.02,0,99.94998749,0,0.00,0.00,0,12.25,0,0,0.00,0.00,530.16,0.00,6.32455532,8.64,0,0,0,0,3,99.94998749,0,20,0,0,0.00,0,0.00,20,20.09302478,2.449489743,0.00,0.00,0.00,217.14,0,4429.62,0,681.81,0,0,0,0,0.00,0,12.12,0.00,336.25,0.00,0,0,0.00,0,0,0,0,0,0,0.00,0,0.00,0.00,0,0,0,0,0.00,748.27,0.00,560.24,0,99.94998749,0,0,316.0696126,535.91,0.00,0,0.00,0,0,0.91,609.04,0.00,0,0,0,0,33.03,141.08,0,0.00,7.79,8.144301976,91.34
CF45,0,0,0.00,0,0,0,7.79,114.01,0,15.67,0,0.00,999.9499987,20,0,0,0,0,3,99.94998749,0,0,6.32455532,3,20,0,0,99.94998749,537.61,6123.06,2282.61,0,0,0.00,0,99.94998749,0,0,0,0,0,0,1323.46,3,0,999.9499987,3,1003.19,1,0,0,0,2.54,0,0.00,0,0.00,0,0,0,0,0.00,193.34,0.00,0.00,12.18,0,0,0,0,0,0,20,0,0.00,1074.12,0.00,253.97,0,0,0,0,293.38,0,999.9499987,0,0.00,2.18,0,72.01,0,0,0.00,7.10,4098.03,0.00,20,548.21,0,0,0,0,0,31.60696126,0,31.60696126,0,0,0.00,0,0.00,6.32455532,20,0,0.00,252.00,0.00,1649.92,0,33808.97,0,9635.13,0,0,20,0,0.00,0,3.79,0.00,2566.44,103.07,0,0,0.00,0,0,0,0,0,0,0.00,0,0.00,0.00,99.94998749,0,0,0,0.00,5590.51,0.00,2104.43,0,6.32455532,0,0,316.0696126,8009.26,0.00,0,0.00,0,0,0.40,4843.47,0.00,0,0,0,0,169.85,1746.75,0,0.00,242.64,20,845.88
CF46,6.32455532,0,823.66,0,0,0,17.85,165.23,0,7.10,0,0.00,3162.119542,0,0,0,0,0,6.32455532,99.94998749,20,0,3,6.32455532,0,0,20,20,1346.50,6106.07,1728.07,0,0,373.25,0,99.94998749,0,0,0,0,6.32455532,0,548.39,0,0,999.9499987,20,1204.73,0,0,14.14468365,0,0.93,0,15.06,0,0.00,0,0,0,0,125.27,687.60,0.00,1.85,1187.51,0,0,0,0,0,2.878732364,20,0,330.77,357.52,0.00,1146.30,0,0,0,0,426.97,0,999.9499987,20,0.00,0.00,0,114.02,0,0,0.00,90.98,4809.78,0.00,20,548.53,0,0,0,0,20,99.94998749,0,99.94998749,0,0,1.47,3,0.00,99.94998749,6.32455532,0,529.54,3373.99,624.77,3477.60,0,28962.44,0,9982.61,0,0,20,0,0.00,0,369.75,0.00,1686.41,230.61,0,0,0.00,0,0,0,0,0,0,0.00,0,307.42,0.00,0,0,0,0,0.00,5737.64,0.00,740.59,0,99.94998749,20,0,20,7468.66,1269.01,20,218.77,25.87805688,0,7.09,4729.42,16.59,0,0,0,0,621.39,3873.02,20,0.00,427.76,3,772.02
CF47,3,3,1696.72,0,0,0,94.14,311.95,0,65.43,0,0.00,316.0696126,0,2.247226522,0,0,0,3,20,3,0,0,3,20,0,20,20,1145.52,5046.88,620.21,0,0,736.66,0,99.94998749,0,0,0,0,3,0,83.28,0,0,31.60696126,20,1240.36,0,3,3,0,0.00,0,45.07,0,8.87,0,0,0,0,1944.10,719.18,0.00,32.99,3267.51,0,0,0,0,3,0,20,0,997.19,137.57,0.00,823.08,0,0,3,0,359.92,0,316.0696126,20,0.00,67.82,0,123.22,0,0,112.94,226.52,2919.17,0.00,20,452.99,0,0,0,20,20,99.94998749,0,3,0,0,9.32,3,2.91,20,20,0,2246.09,2709.88,1107.08,3817.13,0,8195.02,0,790.39,0,0,20,0,32.91,0,922.36,0.00,489.88,112.07,0,0,0.00,0,0,0,316.0696126,0,0,0.00,0,1398.51,1.31,0,0,0,0,0.00,4792.19,0.00,101.25,0,20,6.32455532,0,20,1361.44,1573.87,20,1444.59,20,0,19.11,3934.52,524.07,0,0,0,0,1361.00,4032.48,20,0.00,330.11,3,176.85
CF48,0,3,82.22,0,0,0,87.65,133.49,0,7.55,0,0.00,316.0696126,0,0,0,0,0,0,20,0,0,0,2,0,0,20,0,1451.90,5562.46,1560.18,0,0,421.40,0,20,0,0,0,0,0,0,439.18,0,0,316.0696126,20,1265.37,3,3,3,0,6.22,0,63.88,0,2.75,0,0,0,0,379.15,1225.70,0.00,9.00,1812.36,0,0,0,0,0,0,4,0,925.65,1429.49,0.00,412.54,0,0,3,0,472.22,0,316.0696126,3,0.00,7.87,0,145.98,0,0,0.00,557.42,4213.53,0.00,20,2076.32,0,0,0,0,3,20,0,20,0,0,27.06,0,0.00,20,20,0,563.23,1919.76,225.88,3669.60,0,22546.53,0,381.63,0,0,0,0,0.00,0,725.24,0.00,961.69,190.55,0,0,0.00,0,0,0,20,0,0,0.00,0,348.55,0.00,30.85755111,0,0,0,0.00,5313.47,0.00,41.93,0,20,20,0,20,3129.14,1121.37,0,713.27,0,0,23.70,4418.76,0.00,0,0,0,0,546.11,3771.78,3,0.00,494.25,3,281.55
CF49,0,0,60.09,0,0,0,452.24,437.24,0,20.22,0,0.00,3162.119542,0,0,0,0,0,0,3,0,0,0,20,0,0,316.0696126,0,1452.01,4027.62,305.56,0,0,362.46,0,0,0,0,0,0,0,0,12.35,0,0,316.0696126,0,1316.39,0,0,20,0,80.71,0,75.22,0,0.00,0,0,0,0,769.29,1510.90,0.00,76.81,1593.16,0,0,0,0,0,0,20,0,1110.44,1089.28,0.00,685.38,0,0,0,0,750.38,0,3162.119542,0,0.00,35.51,0,195.94,0,0,0.00,511.34,4392.03,0.00,20,2790.41,0,0,0,3,0,20,0,0,22.35446761,0,31.83,0,0.00,316.0696126,3,0,62.92,1493.10,67.62,3986.54,0,13633.36,0,137.18,0,0,0,0,7.41,0,1341.28,0.00,142.81,99.06,0,0,0.00,0,0,0,65.4927168,0,0,0.00,0,48.15,0.00,0,0,0,0,0.00,5100.80,0.00,3.47,0,20,3,0,20,2364.55,468.81,3,1477.07,3,0,60.90,3710.67,0.00,0,0,0,0,653.90,3972.20,0,0.00,470.59,3,119.05
CF55,1,0,996.39,0,0,0,0.00,39.34,0,1.19,0,0.00,590.7866144,20,0,0,0,0,3,99.94998749,0,0,3,2,0,0,20,20,287.87,4003.28,1350.01,0,0,255.94,0,316.0696126,0,0,0,0,2,0,297.33,6.32455532,0,278.4895475,6.32455532,754.28,0,3,0,0,0.00,0,8.90,0,0.00,0,0,0,0,0.00,283.19,0.00,0.00,162.55,0,0,0,0,0,3,20,2.645751311,0.00,285.30,0.00,336.80,0,0,0,0,296.61,0,3162.119542,20,0.00,0.00,0,116.01,0,0,0.00,28.73,2012.44,0.00,20,144.60,0,0,0,0,3,99.94998749,0,99.94998749,0,0,0.00,0,0.00,316.0696126,20,0,454.79,29.05,526.78,1898.87,0,21650.10,0,1357.18,0,0,0,20,0.00,0,229.12,0.00,1603.51,119.49,0,0,0.00,0,0,0,65.4927168,0,0,0.00,0,210.03,0.00,20,0,0,0,0.00,3681.09,0.00,1427.34,0,99.94998749,3,0,331.0219508,1490.91,0.00,0,15.52,0,0,7.37,3414.17,0.00,0,0,0,0,213.96,1967.50,0,0.00,60.36,20,497.42
CF56,0,0,552.59,0,0,0,2.55,317.26,0,6.47,0,0.00,999.9499987,0,0,0,0,0,2,20,3.180086824,0,3,1.414213562,0,0,3,99.94998749,1706.45,6447.72,1688.97,0,0,191.42,0,99.94998749,0,0,0,0,1,0,330.27,6.32455532,0,99.94998749,99.94998749,1295.52,1,1,14.14468365,3,0.00,0,47.52,0,0.00,0,0,0,0,0.00,1093.66,0.00,0.00,172.94,0,0,0,0,0,1,3,0,0.00,1342.61,0.00,516.39,0,0,0,0,380.01,0,316.0696126,16.38452182,0.00,5.77,0,266.75,0,0,0.00,260.30,3874.90,0.00,99.94998749,459.98,0,0,0,0,18.42932446,99.94998749,0,32.12401964,0,0,0.40,0,0.00,31.60696126,20,0,0.00,418.06,253.87,3846.24,0,31491.36,0,5612.08,0,0,20,0,0.00,0,249.20,0.00,2240.57,327.35,0,0,0.00,0,0,0,0,0,0,0.00,0,61.94,0.00,20,0,0,0,0.00,5832.68,0.00,304.95,0,99.94998749,0,0,316.0696126,4959.84,323.31,0,23.30,0,0,10.54,5191.83,0.00,0,0,0,0,271.55,3070.26,0,0.00,344.96,3,879.08
CF57,3,3,399.55,0,0,0,26.64,391.16,0,20.52,0,0.00,316.2119542,0,0,0,0,0,3,99.94998749,3,0,20,3,7,0,20,6.32455532,1821.27,6194.51,1728.50,0,0,802.93,0,6.32455532,0,0,0,0,1,1,88.27,3,0,31.60696126,20,1203.99,3,3,0,3,0.84,0,24.63,0,0.00,0,0,0,0,119.29,991.93,0.00,3.18,529.66,0,0,0,0,1,3,20,0,32.59,1599.89,0.00,411.10,0,0,3,0,434.06,0,99.94998749,6.32455532,0.00,31.09,0,356.93,0,0,0.00,491.36,3955.25,0.00,99.94998749,1129.87,0,0,0,0,6.32455532,99.94998749,0,3,22.35446761,0,4.59,3,0.00,20,6.32455532,0,121.18,1265.11,91.16,3952.02,0,28099.45,0,4420.48,0,0,99.94998749,3,1.67,0,483.02,0.00,2030.36,299.23,0,0,0.00,0,0,0,20,0,0,0.00,0,130.93,0.00,3,0,0,0,0.00,5643.95,0.00,485.35,20,20,6.32455532,0,99.99499987,5340.46,621.61,0,264.21,0,0,23.43,4309.30,44.74,0,0,0,0,416.38,3701.57,163.8555342,0.00,368.50,6.32455532,738.47
CF58,0,0,257.81,0,0,0,154.25,257.11,0,35.77,0,0.00,999.9499987,0,1,0,0,0,0,20,3,0,0,3,0,0,20,316.0696126,1676.03,5288.74,1245.59,0,0,338.47,0,0,0,0,0,0,20,0,209.37,0,0,316.0696126,20,1174.15,0,3,0,0,3.29,0,52.75,0,0.00,0,0,0,0,580.45,1306.11,0.00,80.98,1158.25,0,0,0,0,0,0,20,0,121.16,1037.37,0.00,496.72,0,0,1,0,748.41,0,999.9499987,3,0.00,31.71,0,131.43,0,0,0.00,409.12,3317.58,0.00,20,1609.33,0,0,0,20,20,0,0,0,0,0,13.72,0,0.00,316.0696126,20,0,161.08,1344.31,81.31,3786.61,0,19607.21,0,196.77,0,0,20,0,2.13,0,887.93,0.00,512.83,69.73,0,0,0.00,0,0,0,20,0,0,0.00,0,309.27,0.00,0,0,0,0,0.00,5268.33,0.00,31.80,0,20,3,0,0,3726.33,1061.73,0,742.41,0,0,38.68,4336.35,217.89,0,0,0,0,651.28,3941.83,0,0.00,454.04,20,359.29
CF59,0,3,434.40,0,0,0,1294.25,526.59,0,17.26,0,0.17,316.0696126,0,0,0,0,0,0,20,0,0,0,4.981287692,0,0,20,0,1049.56,3156.01,953.69,0,0,254.94,0,0,0,0,0,0,2.83541522,0,4.75,0,0,20,3,1195.31,0,0,20,0,147.57,0,89.10,0,67.83,0,0,0,0,1127.98,1742.46,0.00,50.17,2441.08,0,0,0,0,0,0,3,0,666.93,898.01,0.00,532.18,0,0,0,0,917.56,0,20,0,0.00,37.88,0,143.86,0,0,17.56,521.69,3398.16,39.26,20,2786.64,0,0,0,0,0,3,0,0,0,0,12.83,0,0.40,20,20,0,400.09,2125.86,300.66,3752.37,0,16875.96,0,148.68,0,0,20,0,39.52,0,1085.89,0.00,81.18,32.67,0,0,0.00,0,0,0,0,0,0,0.00,0,137.59,0.00,0,0,0,0,0.00,4491.12,0.00,6.80,0,316.0696126,0,0,279.4275177,4785.89,1265.95,0,1056.66,0,0,64.03,1926.02,0.00,0,0,0,0,819.85,3789.68,20,0.00,606.88,3,140.15
CF65,0,0,211.83,0,0,0,0.00,55.21,1,2.48,0,0.00,163.4708404,6.32455532,0,0,0,0,0,99.94998749,0,0,0,3,10.12056999,0,73.39730808,6.32455532,145.70,2718.70,1055.51,0,0,388.83,0,6.32455532,0,0,0,0,2.83541522,0,269.36,3,0,20,26.69030188,596.95,0,0,0,0,0.00,0,3.76,0,0.00,0,0,0,0,0.00,381.32,0.00,0.00,69.35,5.942432162,2.34520788,0,0,0,0,3,0,0.00,424.32,0.00,72.88,0,0,0,0,193.92,0,316.0696126,0,0.00,0.00,0,117.69,0,0,0.00,55.74,1747.06,0.00,20,101.43,0,0,0,0,18.42932446,20,3,3,3,0,0.00,0,0.00,6.32455532,20.09302478,0,11.42,0.00,102.88,1474.87,0,14696.11,0,2448.53,0,0,0,0,0.00,0,90.42,0.00,1097.47,43.23,0,0,0.00,6.011892975,0,0,0,0,0,0.00,0,30.56,0.00,0,3,0,0,0.00,2558.47,0.00,1222.55,0,316.0696126,0,0,20,2709.81,41.23,0,15.74,0,0,2.75,2504.71,0.00,0,0,0,0,97.66,1608.15,0,0.00,86.79,8.144301976,336.76
CF66,4.705080365,3,1065.93,0,0,0,0.00,314.93,0,98.38,0,0.00,316.0696126,0,0,0,0,0,0,20,7.071067812,0,2.828427125,1.414213562,0,0,20,20,1255.67,6159.47,1556.75,0,0,500.57,0,20,0,0,0,0,1.732050808,0,57.72,3,0,316.0696126,20,1327.69,4.384130876,6.184859059,14.14468365,0,0.00,0,49.67,0,0.00,0,0,0,0,22.88,1274.01,0.00,5.66,343.95,0,0,0,0,0,3,7.071067812,0,0.00,577.80,0.00,650.42,0,0,3,0,540.13,1.414213562,316.0696126,4.472135955,0.00,10.38,0,480.86,0,0,0.00,368.49,4223.14,0.00,20,352.57,0,0,0,0,20,99.94998749,0,20,0,0,171.04,0,0.00,20,3,0,0.00,27.20,502.47,3873.34,0,23928.65,0,432.93,0,0,20,12.281368,0.00,0,340.84,0.00,634.98,68.22,0,0,0.00,0,0,0,20,0,0,0.00,0,133.96,0.00,0,0,0,0,0.00,5672.27,0.00,101.07,0,99.94998749,0,0,316.0696126,944.41,94.32,56.73598759,313.51,0,0,27.90,5698.51,48.55,0,0,0,0,388.72,3909.11,3,0.00,233.24,20,591.60
CF67,2,4,670.86,0,0,0,5.14,304.98,0,16.67,0,0.00,252,0,0,0,0,0,3,11,1,0,4,7,0,0,13,17,2356.83,6114.29,1532.28,0,0,816.17,0,56,0,0,0,0,1,0,19.46,2,0,75,11,1296.11,0,0,14.14468365,0,0.00,0,63.36,0,0.00,0,0,0,0,303.90,1447.78,0.00,8.24,1642.52,0,0,0,0,0,0,4,0,62.61,959.17,0.00,826.20,0,0,1,0,742.00,2,363,5,0.00,7.35,0,215.51,0,0,0.00,640.45,4511.71,0.00,59,406.05,0,0,0,0,9,27,0,15,0,0,129.38,2,0.00,49,1,0,440.71,1483.90,1260.53,3902.14,0,22436.85,0,1158.99,0,0,14,1,0.00,0,641.31,0.00,571.52,161.40,0,0,0.00,0,0,0,5,0,0,0.00,0,535.57,0.00,0,0,0,0,0.00,5730.29,0.00,31.23,0,142,1,0,345,2307.80,1417.67,8,419.68,0,0,15.63,5201.22,174.15,0,0,0,0,945.67,3951.54,33,0.00,687.44,1,366.19
CF68,3,3,1510.91,0,0,0,51.38,238.81,0,93.83,0,0.00,516.9401866,0,1,0,0,0,3,99.94998749,3,0,20,6.32455532,20,0,6.32455532,3,1187.13,5032.67,268.79,0,0,644.26,0,6.32455532,0,0,0,0,3,0,10.44,0,0,99.94998749,99.94998749,1201.97,0,3,3,0,0.71,0,74.30,0,5.66,0,0,0,0,1562.79,1325.63,0.00,30.18,2675.38,0,0,0,0,3,3,6.32455532,3,479.41,271.64,0.00,1096.32,0,0,0,0,1043.67,3.066526022,316.0696126,6.32455532,0.00,90.23,0,178.75,0,0,194.97,424.36,4456.77,0.00,20,630.56,0,0,0,3,20,20,0,20,0,0,20.56,3,0.00,99.94998749,20,0,2172.39,3028.12,1425.12,3965.76,0,7059.75,0,81.06,0,0,20,0,9.24,0,1156.32,25.32,132.64,2.66,0,0,0.00,0,0,0,99.94998749,0,0,0.00,0,823.42,0.00,0,0,0,0,0.00,5173.01,0.00,25.12,0,20,20,0,99.94998749,1932.12,1676.16,6.32455532,1885.16,6.32455532,0,45.13,3349.06,578.21,0,0,0,0,1141.94,4069.11,6.32455532,0.00,478.60,3,146.73
CF69,5,7,929.25,0,0,0,532.57,331.77,0,28.62,0,0.80,999.9499987,0,3,0,0,0,0,25,3,0,0,4,20,0,6.32455532,0,428.45,2372.23,135.26,0,0,324.21,0,20,0,0,0,0,2.83541522,0,14.05,0,0,316.0696126,3,1223.49,3,3,3,3,82.97,0,88.13,0,18.33,0,0,0,0,1542.87,1148.12,0.00,35.38,4412.23,0,0,0,0,2.635025498,0,7,0,397.66,520.37,0.00,943.67,0,0,0,0,800.57,0,316.0696126,3,0.00,14.11,0,96.26,0,0,90.93,597.61,3091.60,0.00,20,1842.34,0,0,0,3,3,6.32455532,0,6.32455532,0,0,0.87,0,0.00,6.32455532,25,0,932.30,2346.60,813.50,3481.05,0,12101.29,0,115.97,0,0,20,0,48.75,0,843.21,0.00,230.48,2.44,0,0,0.00,0,0,0,6.32455532,0,0,0.00,0,255.64,0.00,0,0,0,0,0.00,3117.41,0.00,3.17,0,20,3,0,31.60696126,5919.65,1198.01,20,1303.52,25.87805688,0,13.29,903.40,33.27,0,0,0,0,888.03,3403.68,6.32455532,0.00,353.21,10,134.42
CF75,0,0,0.00,0,0,0,0.00,0.00,0,0.33,0,0.00,20,0,0,0,0,0,0,1,0,0,0,0,0,0,0,0,13.35,313.25,140.20,0,0,8.80,0,0,0,0,0,0,0,0,10.60,0,0,278.4895475,0,74.78,0,0,0,0,0.00,0,0.00,0,0.00,0,0,0,0,0.00,18.41,0.00,0.00,14.29,0,0,0,0,0,0,0,0,0.00,29.75,0.00,0.00,0,0,0,0,29.54,0,20,0,0.00,0.39,0,11.96,0,0,0.00,3.51,95.16,0.00,0,8.66,0,0,0,0,0,118.7456423,0,3,0,0,0.00,0,0.00,0,0,0,0.00,0.00,0.00,72.55,0,2075.45,0,223.39,0,0,0,0,0.00,0,3.00,0.00,137.91,0.00,0,0,0.00,0,0,0,0,0,0,0.00,0,0.00,0.00,0,0,0,0,0.00,339.22,0.00,91.35,0,0,0,0,20,256.14,0.00,0,0.00,0,0,0.34,293.41,0.00,0,0,0,0,7.68,143.42,0,0.00,1.16,0,21.01
CF76,0,1,326.74,0,0,0,1.45,177.62,0,117.02,0,0.00,3162.119542,0,0,0,0,0,0,20,4,0,20.28995068,1,0,0,20,316.0696126,499.86,5793.31,2220.57,0,0,999.78,0,20,0,0,0,0,1,0,303.97,6.32455532,0,316.2119542,2,1209.69,0,0,0,0,0.00,0,28.31,0,0.00,0,0,0,0,67.50,802.55,0.00,26.54,270.30,0,0,0,0,0,1,7,0,0.00,719.14,0.00,41.59,0,0,1,0,660.98,0,999.9499987,99.94998749,0.00,23.60,0,196.43,0,0,0.00,92.05,3533.69,0.00,99.94998749,221.23,0,0,0,0,20,20,0,20,1,0,123.04,0,0.00,20,20,0,0.00,0.00,341.11,3049.98,0,29158.25,0,2707.73,0,0,58.44102453,1,0.00,0,207.22,0.00,1650.24,10.50,0,0,0.00,0,0,0,0,0,0,0.00,0,109.97,0.00,0,0,0,0,0.00,5543.65,0.00,910.30,0,316.0696126,20,0,331.0219508,4589.94,23.89,0,184.17,0,0,8.90,5413.04,287.59,0,0,0,0,469.84,3547.87,0,0.00,113.43,3,219.98
CF77,5.291502622,1.732050808,1173.16,0,0,0,12.42,244.24,0,62.64,0,0.00,316.0696126,0,3,0,0,0,5.449031295,20,3.16227766,0,1.414213562,2.236067977,0,0,20,20,1670.60,5528.52,1083.67,0,0,982.34,0,20,0,0,0,0,1.732050808,0,79.60,2.449489743,0,20,2.828427125,1108.23,0,1.414213562,0,0,0.79,0,57.27,0,0.00,0,0,0,0,880.40,1166.11,0.00,102.78,2042.84,0,0,0,0,1,0,10.19803903,0,146.23,500.33,0.00,508.96,0,0,1,0,867.07,1,316.0696126,16.38452182,0.00,30.67,0,211.49,0,0,22.73,522.36,4235.48,0.00,20,303.46,0,0,0,5.916079783,20,20,0,6.708203932,0,0,194.86,4.898979486,0.00,20,2.828427125,0,944.04,979.35,1904.56,3762.27,0,14977.78,0,1545.12,0,0,6.32455532,0,0.00,0,671.46,0.00,639.31,13.39,0,0,0.00,0,0,0,8.485281374,0,0,0.00,0,1063.58,0.00,0,0,0,0,0.00,5569.93,0.00,236.84,0,20,5.196152423,0,316.0696126,2055.32,986.76,20,826.03,4,0,27.81,5525.74,1055.25,0,0,0,0,1335.55,3986.64,20,0.00,397.79,2.236067977,216.02
CF78,2,1.732050808,1653.25,0,0,0,274.36,157.95,0,86.88,0,0.00,26.83281573,0,0,0,0,0,3,0,1.732050808,0,0,2.828427125,0,0,14.83239697,0,1494.54,3769.86,163.20,0,0,1230.82,0,6,0,0,0,0,1.732050808,0,17.40,0,0,20,2,1265.24,0,2.449489743,3,0,1.69,0,93.19,0,5.64,0,0,0,0,1611.66,1701.83,0.00,47.16,4635.28,0,0,0,0,1,3,2,0,1079.39,173.38,0.00,1113.58,0,0,1,0,1252.60,0,10.95445115,4.898979486,0.00,26.67,0,89.03,0,0,117.02,821.15,4616.33,0.00,6.92820323,623.24,0,0,0,1,16,6.32455532,0,3,0,0,36.13,0,0.00,14.83239697,5,0,3601.02,3173.21,2349.08,3892.34,0,8457.29,0,70.47,0,0,9.219544457,0,0.00,0,1393.31,51.22,58.76,9.77,0,0,0.00,0,0,0,6,0,0,0.00,0,2332.00,0.00,0,0,0,0,0.00,5269.95,0.00,0.00,0,21,3.16227766,0,67.82329983,1888.55,1818.48,4,2231.19,0,0,37.56,4560.70,238.22,0,0,0,0,2163.36,4068.07,7.874007874,0.00,559.79,1,20.52
CF79,4.898979486,6.32455532,1800.19,0,0,0,411.52,297.83,0,59.81,0,0.18,316.0696126,0,1,0,0,0,0,0,0,0,0,6.92820323,0,0,20,0,984.82,2825.82,361.17,0,0,1154.94,0,20,0,0,0,0,1.732050808,0,40.91,0,0,20,4.242640687,1371.27,0,3.872983346,3.872983346,0,45.07,0,116.52,0,5.64,0,0,0,0,1691.70,1747.72,0.00,37.04,4916.87,0,0,0,0,1,2.878732364,1.414213562,0,1500.52,430.40,0.00,1347.87,0,0,0,0,1183.69,1.203735682,20,7.745966692,0.00,7.04,0,91.65,0,0,308.34,1053.65,4374.65,0.00,20,1610.39,0,0,0,0,3,20,0,8.94427191,0,0,0.55,0,0.00,20,20,0,3402.02,3081.72,1779.11,4047.69,0,12903.06,0,58.15,0,0,20,0,9.85,0,2093.68,0.00,75.32,195.34,0,0,0.00,0,0,0,65.4927168,0,0,0.00,0,2201.50,0.00,0,0,0,0,0.00,5304.01,0.00,6.91,0,20,20,0,20,3130.36,2355.04,2.449489743,2501.14,5.578978401,0,20.35,3722.23,107.66,0,0,0,0,2066.31,4035.90,20,0.00,892.70,0,83.23
CF86,1.414213562,1.414213562,1557.28,0,0,0,2.09,101.81,0,5.99,0,0.00,316.0696126,0,0,0,0,0,0,17.32050808,3,0,20.28995068,1.414213562,0,0,20,20,435.77,4906.15,1913.44,0,0,975.79,0,20,0,0,0,0,1,0,276.22,1.732050808,0,20,8.485281374,1069.88,4.384130876,1.414213562,0,3.765875487,0.00,0,23.87,0,0.00,0,0,0,0,102.02,747.74,0.00,2.76,1098.53,0,0,0,0,2.635025498,1.414213562,6.32455532,0,0.00,447.71,0.00,126.01,0,0,0,0,862.86,2.407471364,316.0696126,1.732050808,0.00,35.51,0,160.42,0,0,0.00,56.94,3225.86,0.00,20,120.92,0,0,0,7.108617267,20,20,3.973123996,20,20,0,5.36,0,0.00,20,6.92820323,0,94.74,327.24,1320.03,2890.63,0,25542.47,0,2235.21,0,0,6.32455532,0,0.00,0,317.46,0.00,1569.45,11.14,0,0,0.00,0,0,0,3.464101615,0,0,0.00,0,1092.41,0.00,30.85755111,5.602932905,0,0,0.00,4967.00,0.00,716.65,0,6.32455532,2.236067977,0,316.0696126,4020.97,1196.84,2.236067977,379.85,0,0,5.98,4852.10,268.67,0,0,0,0,1178.01,3129.55,4.242640687,0.00,118.48,3,319.40
CF87,1.732050808,3,866.39,0,0,0,1.64,376.04,0,11.39,0,0.00,3162.119542,0,0,0,0,0,0,20,1.732050808,0,20.28995068,2,0,0,20,6.32455532,1405.64,6053.44,2064.61,0,0,840.73,0,20,0,0,0,0,1.414213562,0,100.01,6.32455532,0,316.0696126,3,1203.35,4.384130876,2,0,0,0.00,0,27.00,1,0.00,0,0,0,0,78.52,1110.71,0.00,9.53,1622.58,0,0,0,0,1,1,2,0,10.43,1426.03,0.00,263.20,0,0,1,0,1313.77,1,316.0696126,1,0.00,27.63,0,102.25,0,0,0.00,179.04,4407.41,0.00,99.94998749,368.91,0,0,0,0,3,20,0,20,0,0,16.45,0,0.00,20,2,0,85.50,426.30,635.13,3425.21,0,27867.71,0,5813.67,0,0,58.44102453,0,2.35,0,331.53,0.00,1965.32,163.80,0,0,0.00,0,0,0,3,0,0,0.00,0,463.72,0.00,0,0,0,0,0.00,5742.44,0.00,156.62,0,20,3,0,3162.119542,5368.32,2598.95,0,216.23,0,0,3.22,5506.16,172.36,0,0,0,0,1436.71,3691.01,6.32455532,0.00,455.28,0,471.97
CF88,0,1.414213562,867.80,0,0,0,16.91,539.19,0,4.24,0,0.00,316.0696126,0,0,0,0,0,1,20,1.414213562,0,0,2,0,0,20,3,1972.74,5719.36,1801.59,0,0,1149.35,0,20,0,0,0,0,2.83541522,0,164.45,5.028715727,0,20,4,1323.20,0,1.414213562,0,0,3.96,0,76.79,0,0.00,0,0,0,0,298.19,1622.54,0.00,17.20,4029.90,0,0,0,0,0,2.828427125,10,0,137.90,1183.03,0.00,365.55,0,0,1,0,1897.13,0,316.0696126,3,0.00,6.24,0,80.94,0,0,6.85,444.19,5070.28,0.00,20,510.40,0,0,0,0,6.92820323,20,0,20,0,0,9.30,0,0.00,20,20,0,824.25,2591.54,1390.52,3602.89,0,25520.35,0,4378.48,0,0,20,0,0.00,0,1098.47,21.09,1477.60,330.78,0,0,0.00,0,0,0,6.92820323,0,0,0.00,0,1631.00,0.00,0,0,0,0,0.00,5769.24,0.00,2.71,0,316.0696126,4.898979486,0,316.0696126,4516.65,3164.02,0,811.03,0,0,10.03,5525.69,16.50,0,0,0,0,2022.00,3955.05,20,0.00,486.62,3,321.62
CF89,4.705080365,20,2380.23,0,0,0,74.45,166.64,0,6.98,0,0.00,20,0,0,0,0,0,0,20,3.180086824,0,0,2,0,0,20,20,535.87,3906.70,1332.60,0,0,1307.24,0,20,0,0,0,0,2.83541522,0,138.09,0,0,316.0696126,26.69030188,1310.20,0,3,20,20,4.64,0,103.64,0,0.00,0,0,0,0,633.55,1603.57,0.00,32.85,4047.07,0,0,0,0,0,0,3,0,548.80,339.06,0.00,851.93,0,0,0,0,1419.43,0,316.0696126,20,0.00,1.36,0,79.31,0,0,3.18,318.14,3939.51,0.00,20,629.20,0,0,0,0,3,20,0,20,0,0,3.91,0,0.00,59.38087577,3,0,2198.13,2945.67,1330.78,4006.71,0,20771.03,0,211.61,0,0,20,0,0.00,0,1782.59,0.00,654.65,270.98,0,0,0.00,0,0,0,65.4927168,0,0,0.00,0,2552.51,0.00,0,0,0,0,0.00,5450.28,0.00,35.24,0,20,3,0,0,3896.52,2643.96,56.73598759,1587.04,0,0,13.66,5263.90,14.78,0,0,0,0,1919.18,4086.01,20,0.00,349.89,3,60.40
CF96,0,0,539.61,0,0,0,0.00,16.49,0,1.79,0,0.00,372,1,0,0,0,0,0,20,0,0,0,1,0,0,3,22,168.07,3701.19,1413.42,0,0,130.94,0,4,0,0,0,0,2.83541522,0,70.14,1,0,12,26.69030188,766.37,0,0,0,0,0.00,0,8.43,0,0.00,0,0,0,0,15.40,386.84,0.00,0.00,283.32,0,0,0,0,0,0,2,0,0.00,265.49,0.00,129.27,0,0,0,0,202.83,1,140,1,0.00,0.69,0,70.47,0,0,0.00,29.82,2369.59,0.00,40,99.92,0,0,0,0,6,25,0,15,11,0,0.99,0,0.00,12,1,0,112.60,24.16,457.45,1613.44,0,19785.40,0,1063.81,0,0,0,0,0.00,0,146.83,0.00,1324.04,0.00,0,0,0.00,6.011892975,0,0,0,0,0,0.00,0,275.35,0.00,0,0,0,0,0.00,3509.58,0.00,1826.38,0,110,0,0,237,2165.06,56.85,0,67.42,0,0,6.37,3347.90,52.08,0,0,0,0,400.17,2225.31,0,0.00,30.52,1,318.82
CF97,1.414213562,2.828427125,2031.62,0,0,0,1.72,306.59,0,45.32,0,0.00,2,0,0,0,0,0,0,8.660254038,1.414213562,0,0,1.414213562,0,0,20,2.828427125,830.52,5956.32,1881.53,0,0,947.85,0,20,0,0,0,0,1,0,44.19,0,0,20,7.071067812,1237.07,4.384130876,6.184859059,0,0,0.00,0,65.49,0,0.00,0,0,0,0,118.27,1075.05,0.00,9.72,1571.60,0,0,0,0,2.635025498,1.732050808,2.449489743,0,2.39,523.30,0.00,764.70,0,0,0,0,1068.95,3.066526022,8,20,0.00,30.57,0,180.37,0,0,0.00,213.91,4497.83,0.00,20,237.12,0,0,0,7.108617267,10.24695077,20,0,1,2.236067977,0,80.92,0,0.00,2,20,0,400.49,915.22,1979.84,3155.29,0,26296.80,0,1844.36,0,0,20,0,4.45,0,501.87,0.00,1265.60,229.38,0,0,0.00,0,0,0,2.828427125,0,0,0.00,0,855.11,0.00,0,0,0,0,0.00,5753.88,0.00,92.59,0,5,2.828427125,0,27,4231.74,1074.45,0,330.28,0,0,20.09,5561.96,543.83,0,0,0,0,1730.73,3773.69,163.8555342,0.00,296.26,0,370.93
CF98,0,0,253.48,0,0,0,0.00,562.38,0,0.00,0,0.00,590.7866144,0,0,0,0,0,0,99.94998749,0,0,0,3,0,0,316.0696126,48.28047247,580.19,6343.98,2164.58,0,0,200.22,0,316.0696126,0,0,0,0,2.83541522,0,116.23,0,0,3162.119542,0,1329.25,0,0,0,0,0.75,0,55.45,0,0.00,0,0,0,0,3.77,739.76,0.00,0.40,3458.57,0,0,0,0,0,0,20,0,0.00,1366.83,0.00,541.85,0,0,0,0,1532.12,0,7,16.38452182,0.00,5.53,0,53.58,0,0,0.00,96.97,5078.21,0.00,316.0696126,338.64,0,0,0,0,0,316.0696126,0,20,22.35446761,0,0.26,0,0.00,316.0696126,20,0,0.00,1088.13,0.00,2623.30,0,32071.58,0,5978.41,0,0,58.44102453,0,0.00,0,176.98,98.86,2142.86,345.71,0,0,0.00,0,0,0,0,0,0,0.00,0,483.02,0.00,0,0,0,0,0.00,5815.27,0.00,64.37,0,3162.119542,20,0,34,3547.74,3306.28,0,83.48,0,0,1.16,5499.71,0.00,0,0,0,0,1187.25,3781.36,163.8555342,0.00,272.55,8.144301976,332.75
CF99,4.705080365,5.840580155,1462.45,0,0,0,1.17,86.85,0,0.66,0,0.00,590.7866144,0,0,0,0,0,5.449031295,32.35282205,3.180086824,0,0,4.981287692,0,0,73.39730808,48.28047247,610.76,5688.61,2324.97,0,0,1060.54,0,69.67297166,0,0,0,0,2.83541522,0,333.76,0,0,278.4895475,26.69030188,1428.36,0,6.184859059,0,0,0.00,0,103.14,0,0.00,0,0,0,0,42.28,1603.40,0.00,0.42,3265.04,0,0,0,0,2.635025498,2.878732364,10.12173988,0,33.68,857.95,0.00,981.05,0,0,1.913932948,0,1138.30,0,531.2865308,16.38452182,0.00,0.19,0,95.49,0,0,0.00,223.96,5054.49,0.00,72.18692395,225.93,0,0,0,0,18.42932446,118.7456423,0,32.12401964,0,0,0.27,0,0.00,59.38087577,20.09302478,0,364.33,1710.79,726.46,3963.63,0,29003.86,0,1138.80,0,0,58.44102453,12.281368,2.94,0,705.54,5.30,1691.88,211.55,0,0,0.00,0,0,0,65.4927168,0,0,0.69,0,1437.80,0.00,30.85755111,0,0,0,0.00,5733.24,0.00,302.06,0,154.4664933,37.83230363,0,279.4275177,6532.84,3093.57,56.73598759,763.53,0,0,6.33,5592.73,0.00,0,0,0,0,1672.82,4032.15,163.8555342,0.00,362.15,8.144301976,372.42
CG00,0,0,0.00,0,0,0,2.28,321.58,1,10.35,0,0.00,590.7866144,0,0,0,0,0,5.449031295,20,0,0,6.32455532,3,20,32.43500556,73.39730808,6.32455532,271.61,3844.66,1850.72,0,0,0.00,0,20,6.32455532,4.690669262,0,0,2.83541522,3.140721956,216.73,6.32455532,0,278.4895475,26.69030188,1101.42,4.384130876,6.184859059,0,20,51.64,0,26.73,0,0.00,0,0,0,0,0.00,50.90,0.00,0.00,0.00,0,0,0,2.828427125,2.635025498,3,3,0,0.00,1312.63,138.69,0.00,0,0,0,0,1028.54,0,531.2865308,16.38452182,0.00,101.36,14,20.88,0,0,0.00,13.38,3849.76,725.43,20,2235.26,3.718489007,0,0,0,0,118.7456423,0,32.12401964,0,0,7.98,0,0.00,20,20.09302478,0,0.00,21.61,0.00,26.65,0,29537.68,0,11104.93,0,0,58.44102453,0,0.00,0,0.00,0.00,2667.04,409.01,0,0,0.00,0,7.348469228,0,0,0,49.56767943,0.00,0,0.00,0.00,20,68.05562138,0,0,0.00,4099.09,0.00,545.24,0,154.4664933,0,0,279.4275177,6798.59,38.26,0,0.00,0,9.518589722,1.11,1647.60,0.00,3,0,0,0,27.86,277.28,0,0.00,868.36,8.144301976,430.16
CG01,0,5.840580155,39.95,0,0,0,7.98,160.87,0,6.98,0,0.00,590.7866144,0,0,0,0,0,0,20,0,0,20,3,0,0,73.39730808,48.28047247,227.91,4624.02,2385.04,0,0,30.98,0,20,0,8,0,0,0,0,162.75,5.028715727,0,278.4895475,0,1370.27,0,0,0,3,109.87,0,18.11,0,0.00,0,0,0,0,0.00,371.72,0.00,0.00,91.13,0,0,0,0,2.635025498,2.878732364,20,0,0.00,839.64,0.00,10.80,0,0,0,0,1276.69,0,3162.119542,20,0.00,1.88,0,9.49,0,0,0.00,2.45,5349.82,96.73,316.0696126,1961.32,3,0,0,0,0,118.7456423,0,0,22.35446761,0,0.09,0,0.00,20,20.09302478,0,0.00,680.99,0.00,426.13,0,33349.23,0,15822.29,0,0,0,0,0.00,0,2.95,0.00,2746.73,502.82,0,0,0.00,0,0,0,0,0,0,0.00,0,0.00,0.00,316.0696126,68.05562138,0,0,0.00,5512.99,0.00,2062.18,0,316.0696126,0,0,279.4275177,10021.89,445.30,0,0.00,0,0,0.00,980.43,0.00,0,0,0,0,130.14,2750.02,20,0.00,1267.68,8.144301976,509.26
CG02,0,0,20.72,0,0,0,11.62,481.71,0,8.47,0,0.00,99.94998749,0,0,0,0,0,0,6.32455532,0,0,6.32455532,6.32455532,20,0,0,20,206.85,2980.08,1178.31,0,0,0.00,0,316.0696126,0,3,3,0,0,1,113.77,0,0,316.0696126,3,1165.14,6.32455532,0,14.14468365,0,331.16,0,15.40,0,0.00,0,0,0,0,0.00,576.15,0.00,0.00,131.32,0,0,0,10.24695077,0,2.878732364,10,0,0.00,1311.89,8.90,0.00,0,0,0,0,888.17,0,99.99499987,3,0.00,252.17,0,33.34,0,0,0.00,12.56,3803.39,2787.04,31.60696126,2905.01,3.718489007,0,0,0,0,31.60696126,0,0,0,0,5.96,0,0.00,20,20.09302478,0,0.00,721.04,0.00,584.56,0,26720.37,0,8448.01,0,0,3,0,0.00,0,50.03,0.00,2615.89,402.50,0,0,0.00,0,0,0,0,0,0,0.00,0,0.00,0.00,20,0,0,0,0.00,3912.43,0.00,631.95,0,3,0,0,279.4275177,4460.44,391.92,0,159.10,0,0,5.26,546.57,0.00,3,0,0,0,251.23,1912.58,163.8555342,0.00,863.20,20,495.71
CG03,0,5.840580155,303.73,0,0,0,2.40,895.00,0,82.61,0,0.00,20,0,0,0,0,0,3,20,0,0,20,1,3,0,20,20,1205.20,3144.84,23.90,0,0,0.00,0,3,0,1,0,1,1.414213562,1.414213562,2.17,6.32455532,0,20,3,1311.04,7.071067812,3,20,20,213.13,0,43.40,0,2.92,0,0,0,0,171.87,1061.89,0.00,133.68,317.08,0,0,0,1.414213562,0,3,3.872983346,0,770.42,1347.33,410.63,58.01,0,0,0,0,415.11,0,20,3,0.00,350.72,0,403.54,0,0,0.00,744.49,2602.11,656.42,20,3065.80,3.718489007,1,0,0,3,3,0,0,0,0,302.01,5.991640267,0.00,6.32455532,6.32455532,0,0.00,526.16,0.00,2902.44,0,9694.72,0,389.72,0,0,20,0,0.00,0,739.48,0.00,1315.49,100.98,0,0,0.00,0,0,0,20,0,49.56767943,0.00,0,23.51,0.00,20,0,0,0,0.00,2641.75,0.00,6.80,0,20,0,0,316.0696126,517.31,0.00,0,3476.50,0,0,294.08,1523.59,1357.96,20,0,0,0,207.04,2027.13,163.8555342,0.00,239.38,3,407.85
CG04,0,5.840580155,792.72,0,0,0,32.10,293.89,0,44.40,0,0.00,20,0,2.247226522,0,0,0,0,0,0,0,0,3,0,0,316.0696126,0,2050.19,3403.64,11.55,0,0,0.00,0,69.67297166,0,0,0,0,3,0,0.00,0,0,0,0,1347.86,0,3,3,20,26.57,0,104.42,0,69.83,0,0,0,0,526.72,1545.58,0.00,56.04,1647.66,0,0,0,0,2.635025498,0,3,0,1628.37,119.70,39.73,270.52,2.093504511,2.449489743,1,0,405.01,0,20,0,0.00,30.47,0,223.57,0,0,0.00,445.64,4675.99,0.00,20,1362.31,0,0,0,0,20,3,0,3,0,1.414213562,111.12,0,0.00,20,0,0,0.00,3108.21,0.00,4015.89,0,2594.82,0,6.97,0,0,20,0,28.94,0,1557.74,0.00,31.28,0.00,0,0,0.00,0,0,0,3,0,3,0.00,0,461.39,0.00,0,0,0,0,0.00,3462.91,0.00,0.00,0,20,20,0,316.0696126,0.00,298.83,0,5386.65,0,0,923.68,3435.20,2768.61,0,0,0,0,575.56,3674.16,163.8555342,0.00,233.36,0,17.85
CG05,0,0,167.33,0,0,0,20.08,94.27,0,28.38,0,0.00,316.2119542,0,0,0,0,0,0,3,0,0,0,0,0,0,20,0,1180.39,746.85,0.00,0,0,0.00,0,69.67297166,0,0,0,0,2.83541522,0,0.00,0,0,20,0,582.29,0,6.184859059,6.32455532,0,6.85,0,35.99,0,5.74,0,0,0,0,448.59,541.37,0.00,46.91,838.94,0,0,0,0,2.635025498,0,6.32455532,0,746.42,39.75,0.00,29.30,2.093504511,6.32455532,3,0,94.20,0,316.2119542,0,3.16,16.16,0,56.76,0,0,0.00,177.56,1979.49,0.00,3,358.04,0,0,0,0,3,3,0,0,0,2,14.59,0,0.64,20,0,0,0.00,1595.35,0.00,1797.96,0,1001.03,0,2.82,0,0,0,0,131.71,0,758.53,0.00,3.37,0.00,0,0,0.00,0,0,0,20,16.45605217,6.32455532,0.00,0,302.31,0.00,0,0,0,0,0.00,1350.75,0.00,0.00,0,20,0,0,20,0.00,580.53,0,2118.89,0,0,319.25,745.58,1429.11,0,0,0,0,273.76,1569.56,0,0.00,78.11,0,10.23
CG06,4.705080365,5.840580155,0.00,0,0,0,0.00,2.72,0,0.36,0,0.00,20,0,3,0,0,0,0,32.35282205,2,0,0,3,0,0,73.39730808,0,44.99,28.56,0.00,0,0,0.00,0,20,0,0,0,0,3,0,0.00,0,0,278.4895475,26.69030188,74.51,0,6.184859059,20,20,0.00,0,4.61,0,0.00,0,0,0,0,29.46,9.66,0.00,0.00,195.37,0,0,0,0,3,2.878732364,20,0,98.18,0.00,0.00,12.09,3,20,0,2.257319217,3.59,0,3162.119542,16.38452182,0.00,0.00,0,1.38,0,0,0.00,5.90,224.61,0.00,20,31.95,3,3,0,0,18.42932446,316.0696126,0,20,0,3,0.00,5.991640267,0.00,20,20.09302478,0,0.00,211.31,0.00,222.80,0,0.00,0,0.89,0,0,3,0,21.75,0,93.25,0.00,0.00,0.00,0,0,0.00,0,0,0,316.0696126,16.45605217,20,0.00,0,21.55,0.00,0,68.05562138,0,0,0.00,49.58,0.00,0.00,0,154.4664933,20,0,316.0696126,0.00,95.18,56.73598759,116.44,0,9.518589722,2.31,18.89,22.37,0,0,0,0,44.08,186.77,163.8555342,0.00,4.37,8.144301976,1.97
CG10,0,0,0.00,0,0,0,40.53,348.21,0,5.50,0,0.00,316.0696126,0,0,0,0,0,3,99.94998749,0,0,20,1,0,0,0,3,205.52,4944.65,2204.28,0,0,0.00,0,99.94998749,0,4.242640687,0,0,0,0,1112.19,0,0,316.0696126,6.32455532,1390.18,0,0,3,6.32455532,105.37,0,29.76,0,0.00,0,0,0,0,0.00,100.72,0.00,0.00,0.00,0,0,0,0,0,1.116257921,24.49489743,0,0.00,1639.31,0.00,0.00,0,0,0,0,1905.73,0,316.0696126,0,0.00,0.58,0,0.81,0,0,0.00,0.00,4988.50,38.09,99.94998749,2401.99,0,0,0,0,0,2.449489743,0,0,0,0,0.00,0,0.00,20,20,0,0.00,0.00,0.00,0.00,0,34000.84,0,14882.89,0,0,0,0,0.00,0,0.00,0.00,2732.68,628.09,0,0,0.00,0,0,0,0,0,0,0.00,0,0.00,0.00,316.0696126,0,0,0,0.00,4700.54,0.00,1149.10,0,20,0,0,20,11281.27,0.00,0,0.00,0,0,0.00,2231.27,0.00,0,0,0,0,24.98,2408.53,0,0.00,1510.38,3,350.02
CG11,0,0,0.00,0,0,0,151.09,70.15,0,3.57,0,0.00,316.0696126,0,0,0,0,0,0,20,0,0,3,2.449489743,3,0,0,0,161.28,4295.91,1995.12,0,0,0.00,0,316.0696126,0,4.242640687,2.852793324,0,2.83541522,3.140721956,828.16,3,0,316.0696126,3,1373.01,1.732050808,0,3,3,195.62,0,54.65,0,0.00,0,0,0,0,0.00,90.63,0.00,0.00,12.57,0,0,0,0,0,1,20,0,0.00,1568.68,0.00,0.00,0,0,0,0,1528.49,0,316.0696126,16.38452182,0.00,4.50,0,1.80,0,0,0.00,0.00,4980.86,155.37,20,2736.19,1.414213562,0,0,0,0,3,0,3,4,0,0.00,0,0.00,20,20,0,0.00,99.15,0.00,54.73,0,34311.40,0,15393.50,0,0,0,12.281368,0.00,0,6.08,0.00,2747.19,603.95,0,0,0.00,0,0,0,0,0,0,0.00,0,0.00,0.00,20,0,0,0,0.00,4044.75,0.00,987.63,0,20,0,0,20,11329.00,89.58,0,0.00,0,0,0.00,580.28,0.00,0,0,0,0,88.92,2369.91,3,0.00,1327.78,3,482.66
CG12,0,5.840580155,23.34,0,0,0,57.74,362.13,0,8.17,0,0.00,590.7866144,0,0,0,0,0,3,20,0,0,20,3,3,0,73.39730808,20,203.56,2256.17,1081.57,0,0,0.00,0,69.67297166,0,6.244997998,2.852793324,0,3,2,424.93,3,0,278.4895475,26.69030188,1295.65,6.32455532,0,3,20,327.29,0,31.11,0,0.00,0,0,0,0,0.00,350.25,0.00,0.00,92.43,0,0,0,18.16590212,0,3,6.32455532,0,0.00,1616.52,43.25,0.00,0,0,0,0,1044.69,0,531.2865308,16.38452182,0.00,333.33,0,52.73,0,0,0.00,51.66,3518.85,1646.32,20,2744.23,3.718489007,0,0,0,0,20,0,3,0,0,23.10,0,0.00,3,20,0,0.00,326.76,0.00,278.16,0,27953.76,0,8286.97,0,0,6.32455532,12.281368,0.00,0,278.31,0.00,2593.56,299.20,0,0,0.00,0,0,7.348469228,0,0,0,0.00,0,0.00,0.00,30.85755111,173.2050808,0,0,0.00,3183.33,0.00,547.82,0,154.4664933,0,0,3,7609.28,167.27,0,822.16,0,0,7.60,507.53,0.00,20,0,0,0,166.17,882.92,3,0.00,656.54,20,408.86
CG13,3,5.840580155,213.48,0,0,0,1.28,642.74,0,76.09,0,0.00,316.0696126,0,0,0,0,0,5.449031295,20,4,0,20,3.464101615,0,0,20,20,1818.01,3629.59,594.41,0,0,10.31,0,316.0696126,0,4.690669262,2.852793324,0,2,3.140721956,33.37,6.32455532,0,20,20,1441.56,3,3,20,20,92.67,0,67.16,0,0.00,0,0,0,0,92.36,1662.94,0.00,254.90,343.68,0,0,0,0,1,3,20,0,1016.36,1201.67,483.61,63.06,0,0,0,2.257319217,713.65,0,316.2119542,20,0.00,281.99,0,481.73,0,0,0.00,813.16,4177.99,37.01,316.0696126,2754.50,3.718489007,0,0,3,20,316.0696126,0,20,0,0,584.06,5.991640267,0.00,20,20.09302478,0,0.00,901.16,0.00,3045.39,0,16024.03,0,815.76,0,0,316.0696126,0,1.83,0,953.38,0.00,1560.82,49.99,0,0,0.00,0,0,0,316.0696126,0,0,0.00,0,10.59,0.00,20,316.0696126,0,0,0.00,4054.56,0.00,290.02,0,316.0696126,3,0,316.2119542,2962.88,208.24,0,3580.95,0,9.518589722,308.23,1213.76,949.61,20,0,0,0,249.81,2972.82,20,0.00,314.03,8.144301976,554.30
CG14,0,0,1043.30,0,0,0,99.08,437.94,0,65.89,0,0.00,316.0696126,0,0,0,0,0,0,20,0,0,0,3,0,0,20,0,2547.68,2703.09,71.49,0,0,8.07,0,0,0,0,0,0,3,0,0.36,0,0,0,0,1466.08,0,6.184859059,20,0,64.36,0,107.01,0,96.53,0,0,0,0,476.67,1964.74,0.00,188.33,1672.47,0,0,0,0,0,2.878732364,20,0,1971.77,327.17,0.00,529.68,0,3,0,0,675.07,0,316.0696126,0,0.00,8.14,0,394.03,0,0,0.00,1038.99,5096.96,0.00,316.0696126,2180.16,0,0,0,7.108617267,18.42932446,118.7456423,0,20,0,2.198329607,52.86,0,0.00,20,20,0,0.00,3548.99,0.00,4232.40,0,6626.03,0,19.87,0,0,20,0,39.31,0,2053.20,0.00,214.13,0.00,0,0,0.00,0,0,0,3,0,20,0.00,0,321.23,0.00,0,0,0,0,0.00,2461.39,0.00,3.46,0,316.0696126,37.83230363,0,316.0696126,136.79,1441.49,0,5758.04,0,0,1157.92,1226.15,1955.51,0,0,0,0,466.84,3911.89,0,0.00,417.28,0,51.78
CG15,0,0,879.49,0,0,0,173.62,225.23,0,61.11,0,1.28,316.0696126,0,1,0,0,0,0,0,0,0,0,0,0,0,20,0,2462.71,2175.16,0.00,0,0,0.00,0,0,0,0,0,0,0,0,0.00,0,0,278.4895475,0,1368.72,0,3,14.14468365,0,83.99,0,95.20,0,69.52,0,0,0,0,1122.15,1377.40,0.00,170.75,2561.68,0,0,0,0,2.635025498,0,3,0,1953.88,205.11,0.00,556.31,1,3,0,0,254.50,0,316.0696126,0,47.83,2.17,0,123.88,0,0,0.00,723.23,3544.57,0.00,20,1265.96,0,0,0,20,18.42932446,3,0,0,0,0,1.44,0,46.23,20,20,0,86.73,3560.83,0.00,4313.71,0,7266.95,0,20.99,0,0,58.44102453,0,340.11,0,2035.07,21.30,124.82,0.00,0,0,11.80,0,0,0,20,16.45605217,20,0.00,0,1295.22,0.00,0,0,0,0,0.00,2020.71,0.00,0.00,0,20,20,0,20,158.23,2022.30,0,4976.73,0,0,1201.48,462.47,2429.96,0,0,0,0,486.82,3850.65,0,3.79,401.96,0,103.42
CG16,3,3,230.69,0,0,0,74.59,440.49,0,65.32,0,0.00,590.7866144,0,3,0,0,0,0,3,0,0,0,3,0,0,20,20,1861.85,2723.97,0.00,0,0,0.00,0,69.67297166,0,0,0,0,3,0,0.00,0,0,278.4895475,3,1246.95,0,3,20,3,21.51,0,134.60,0,175.81,0,0,0,0,1054.24,1132.59,0.00,176.70,2060.67,0,0,0,0,2.635025498,2.878732364,20,0,1543.46,47.68,0.00,444.65,0,3.464101615,0,3,184.64,0,20,6.32455532,23.28,25.92,0,127.05,0,0,0.00,606.78,4155.60,0.00,20,1753.60,3.718489007,3,0,6.32455532,18.42932446,20,0,0,0,3,4.13,5.991640267,0.00,6.32455532,3,0,14.62,2825.65,0.00,4263.04,0,5270.87,0,11.71,0,0,20,0,242.81,0,1214.83,5.47,21.55,0.00,0,0,0.00,0,0,0,20,0,3,0.00,0,465.15,0.78,0,0,0,0,0.00,2200.43,0.00,0.00,0,3,20,0,20,9.52,1073.76,0,3592.54,0,0,482.81,428.37,2010.98,0,0,0,0,411.77,3480.89,3,0.00,145.94,0,181.00
CG17,3,3,502.41,0,0,0,13.52,387.12,0,47.11,0,0.00,590.7866144,0,3,0,0,0,0,32.35282205,3,0,0,6.32455532,0,0,20,0,798.86,1069.82,0.00,0,0,0.00,0,6.32455532,0,0,0,0,20,0,0.00,0,0,20,99.94998749,1027.34,0,6.32455532,6.32455532,20,6.19,0,112.20,0,55.56,0,0,0,0,1855.49,586.75,0.00,178.42,957.16,0,0,0,0,3,2.878732364,6.32455532,0,999.34,34.59,0.00,253.59,0,3,0,0,77.32,0,999.9499987,16.38452182,12.34,7.36,0,80.16,0,0,0.00,261.40,2675.29,79.68,99.94998749,869.45,3,3,0,0,3,316.0696126,0,316.0696126,0,3,1.66,0,6.39,20,20,0,15.20,1906.36,0.00,3549.86,0,2777.69,0,11.34,0,0,0,0,161.15,0,482.72,0.00,78.66,25.13,0,0,0.00,0,0,0,99.94998749,0,20,0.75,0,144.60,0.00,0,0,0,0,0.00,1480.11,0.00,0.00,0,154.4664933,3,0,20,30.57,177.75,0,2495.45,0,0,155.62,167.63,513.82,0,0,0,0,327.02,2460.80,99.94998749,0.00,78.58,8.144301976,21.50
CG18,4.705080365,5.840580155,330.11,0,0,0,56.94,267.34,0,38.75,0,4.39,20,0,3,0,0,0,3,32.35282205,3,0,0,6.32455532,0,0,3,0,804.30,1311.24,0.00,0,0,33.83,0,20,0,0,0,0,3,0,0.00,0,0,6.32455532,26.69030188,668.84,0,6.32455532,6.32455532,0,35.28,0,70.80,0,15.54,0,0,0,0,694.07,650.98,11.85,150.70,796.42,0,0,0,0,3,6.32455532,6.32455532,0,710.78,24.60,0.00,182.28,3,20,0,2.257319217,49.27,0,31.60696126,20,125.03,0.25,0,45.98,0,0,0.00,282.93,2047.83,0.00,20,1175.61,3,3,0,7.108617267,6.32455532,20,0,32.12401964,0,3,0.19,5.991640267,9.88,6.32455532,6.32455532,0,53.85,1095.63,0.00,2243.96,0,5162.85,0,10.17,0,0,20,0,169.75,0,520.19,42.01,239.30,197.90,0,0,51.36,0,0,0,20,20,99.94998749,9.11,0,145.94,0.91,0,0,0,0,0.00,970.41,0.00,0.00,0,154.4664933,20,0,20,10.15,675.41,20,1183.76,25.87805688,0,102.44,65.46,148.11,0,0,0,0,318.83,1991.91,99.94998749,4.71,106.18,8.144301976,42.27
CG19,3,3,2030.95,0,0,0,47.30,19.64,0,1.79,48.95519325,5.65,20,0,3,0,0,0,6.32455532,0,3,0,0,3,0,0,3,0,902.55,1990.12,10.84,0,0,658.54,0,20,0,0,0,0,3,0,0.00,0,0,0,0,827.91,0,6.32455532,20,20,38.06,0,83.43,0,140.99,0,0,3,0,1545.89,593.39,151.51,4.89,3225.59,0,0,0,0,3,3,6.32455532,0,1157.40,0.00,0.00,685.89,3,20,0,3,0.00,0,99.94998749,20,277.61,0.00,0,0.57,0,0,0.00,139.51,1881.10,0.00,3,345.95,3,3,0,20,20,20,0,6.32455532,0,3,0.00,0,4.72,6.32455532,6.32455532,0,328.55,2795.99,137.38,2611.51,0,8089.55,0,99.56,11.57271299,0,20,0,656.04,0,878.88,543.18,352.03,299.58,0,0,292.60,0,0,0,99.94998749,0,99.94998749,106.58,0,1729.93,29.33,0,0,0,6.32455532,0.00,1639.18,234.55,3.68,0,0,20,0,20,159.17,2075.59,20,296.42,0,0,29.88,2.40,31.76,0,0,0,0,1317.61,2384.93,99.94998749,28.38,259.59,3,46.32
CG20,0,0,0.00,0,0,0,28.07,358.89,0,12.63,0,0.00,316.2119542,0,0,0,0,0,5.449031295,20,0,0,20,3,0,0,0,99.94998749,361.41,4135.70,1597.27,0,0,0.00,0,99.94998749,0,3,0,0,0,1,564.44,0,0,316.0696126,6.32455532,1273.29,4.384130876,0,0,20.4362039,59.05,0,24.05,0,0.00,0,0,0,0,0.00,204.64,0.00,0.00,8.03,0,0,0,0,0,0,6.32455532,0,0.00,1919.64,0.00,0.00,0,0,0,0,1051.37,0,99.94998749,0,0.00,12.29,0,44.25,0,0,0.00,31.76,3906.45,188.13,99.94998749,2493.89,0,0,0,0,0,0,0,0,0,0,0.03,0,0.00,59.38087577,0,0,0.00,10.70,0.00,462.53,0,31819.10,0,13494.39,0,0,0,0,0.00,0,27.06,0.00,2658.54,605.08,0,0,0.00,0,0,0,0,0,0,0.00,0,0.00,0.00,31.60696126,0,0,0,0.00,4355.19,0.00,850.17,0,20,0,0,3,10613.97,0.00,0,16.08,0,0,0.36,1572.66,0.00,6.32455532,0,0,0,34.99,897.61,0,0.00,1020.06,20,294.15
CG21,0,0,0.00,0,0,0,111.87,29.98,0,1.37,0,0.00,316.0696126,0,0,0,0,0,0,99.94998749,0,0,20,1.500915472,6.32455532,0,0,6.439417807,121.87,4429.22,2058.07,0,0,0.00,0,316.0696126,0,3,1,0,0,0,955.86,0,0,316.0696126,0,1200.02,0,0,0,5.954371961,137.25,0,53.64,0,0.00,0,0,0,0,0.00,4.39,0.00,0.00,0.00,0,0,0,0,0,1.116257921,19.36491673,0,0.00,1531.24,0.00,0.00,0,0,0,0,1705.31,0,3162.119542,0,0.00,1.56,0,0.42,0,0,0.00,0.00,4163.86,0.00,20,2330.71,1.217161239,0,0,0,0,3.16227766,0,3.16227766,3.741657387,0,0.00,0,0.00,20,20,0,0.00,0.00,0.00,0.00,0,34426.43,0,13567.73,0,0,0,12.281368,0.00,0,0.00,0.00,2699.72,606.84,0,0,0.00,0,0,0,0,0,0,0.00,0,0.00,0.00,20,0,0,0,0.00,3013.11,0.00,1886.34,0,20,0,0,99.94998749,11845.96,0.00,0,5.14,0,0,0.00,673.41,0.00,0,0,0,0,12.12,3274.30,0,0.00,1092.06,7.071067812,124.05
CG22,0,0,0.00,0,0,0,118.56,415.66,0,9.02,0,0.00,99.94998749,0,0,0,0,0,6.32455532,99.94998749,0,0,99.94998749,1.500915472,3,0,20,20,275.47,3967.12,1938.30,0,0,0.00,0,99.94998749,0,1.575677194,2.852793324,0,1,7.483314774,1016.10,3.16227766,0,316.0696126,20,1372.74,2,0,3.16227766,1,349.36,0,79.01,0,0.00,0,0,0,0,0.00,170.80,0.00,0.00,43.43,0,0,0,0,0,2,10.95445115,0,0.00,1832.61,127.67,0.00,0,0,0,2.257319217,1286.84,0,999.9499987,3.16227766,0.00,129.80,0,19.34,0,0,0.00,17.44,4777.14,409.10,99.94998749,3066.98,0,0,0,0,0,6.32455532,0,2.236067977,0,0,8.58,0,0.00,20,20,0,0.00,0.00,0.00,653.62,0,32300.78,0,11992.23,0,0,6.32455532,0,0.00,0,295.09,0.00,2619.36,588.36,0,0,0.00,0,0,0,0,0,0,0.00,0,0.00,0.00,20,0,0,0,0.00,2781.89,0.00,1304.55,0,20,0,0,20,9880.59,36.01,0,647.57,0,0,1.09,668.56,0.00,20,0,0,0,120.52,2614.82,0,0.00,656.32,6.32455532,431.26
CG23,2.449489743,2.828427125,144.65,0,0,0,1.14,831.16,0,100.68,0,0.00,316.0696126,0,0,0,0,0,0,20,3.872983346,0,5.916079783,3.872983346,0,0,20,20,1019.57,4442.53,1555.15,0,0,25.09,0,99.94998749,0,0,1.414213562,0,2,0,32.32,2.449489743,0,316.2119542,20,1433.84,0,3.464101615,20,0,41.10,0,82.43,0,0.00,0,0,0,0,94.62,1305.30,0.00,18.12,340.49,0,0,0,0,1.732050808,2.449489743,5.656854249,0,415.78,1498.45,0.00,193.17,0,12.29725579,1,1,574.96,0,316.2119542,3,0.00,253.31,0,281.74,0,0,0.00,209.83,4744.56,0.00,316.0696126,2352.32,3.718489007,0,0,7.108617267,20,316.0696126,0,99.94998749,0,2.198329607,492.88,6.480740698,0.00,15.49193338,8.94427191,0,0.00,1196.09,0.00,3124.99,0,21854.12,0,1318.31,0,0,20,0,12.55,0,649.65,0.00,1715.91,436.88,0,0,0.00,0,0,0,316.0696126,0,20,0.00,0,35.78,0.00,6.32455532,300,0,0,0.00,4620.33,0.00,519.33,0,99.94998749,6.32455532,0,279.4275177,6358.56,1597.55,0,3039.30,0,0,70.47,834.53,1178.25,20,0,0,0,328.94,3610.64,20,0.00,310.54,5.916079783,613.56
CG24,3,3.872983346,957.71,0,0,0,17.87,283.40,0,29.67,0,0.00,316.0696126,0,1.732050808,0,0,0,0,32.35282205,2.449489743,0,0,2.828427125,0,0,99.94998749,0,1822.72,3065.77,87.86,0,0,8.43,0,316.0696126,0,0,0,0,2,0,0.00,0,0,99.94998749,20,1443.81,0,4.472135955,20,0,0.79,0,71.58,0,58.14,0,0,0,0,567.40,1089.89,0.00,24.36,1527.20,0,0,0,0,2.828427125,0,3.464101615,0,1700.37,49.33,0.00,411.37,0,14.14213562,1.414213562,2.449489743,185.65,0,99.94998749,0,1.27,51.35,0,238.15,0,0,0.00,313.85,4744.43,0.00,20,577.34,2.449489743,0,0,0,20,99.94998749,0,99.94998749,0,1.414213562,103.44,3,0.00,99.94998749,0,0,0.00,3599.73,0.00,4123.59,0,679.41,0,9.34,0,0,99.94998749,0,172.27,0,1474.48,40.61,12.21,124.07,0,0,0.00,0,0,0,316.0696126,0,99.94998749,0.72,0,803.29,0.00,0,0,0,0,0.00,3512.52,0.00,0.00,0,99.94998749,3.464101615,0,279.4275177,20.37,2772.06,0,5774.32,0,0,520.57,1630.78,3403.85,0,0,0,0,847.68,3967.75,20,0.00,230.86,0,6.85
CG25,3,5.840580155,1703.90,0,0,0,24.53,224.38,0,21.19,0,11.94,20,0,2.247226522,0,0,0,0,3,0,0,0,0,0,0,0,0,1214.16,2509.83,10.91,0,0,0.00,0,20,0,0,0,0,3,0,0.09,0,0,20,0,1472.21,0,3,20,20.4362039,7.50,0,87.39,0,115.04,0,0,0,0,777.51,586.76,0.00,38.24,3143.89,0,0,0,0,2.635025498,0,3,3,1898.01,47.27,0.00,803.64,2.093504511,3,0,0,127.94,0,316.0696126,3,20.31,1.43,0,95.93,0,0,0.00,197.24,3504.00,0.00,20,343.56,3,2.704163457,0,20,20,20,0,20,0,2,5.70,0,3.56,20,0,0,41.55,4057.51,0.00,4352.08,0,3659.37,0,34.74,0,0,58.44102453,0,313.10,0,1646.18,193.55,28.98,147.67,0,0,0.00,0,0,0,316.0696126,16.45605217,316.0696126,6.40,0,1469.33,0.00,0,0,0,0,0.00,2695.17,94.48,0.00,0,154.4664933,20,0,20,117.23,2978.24,0,5213.98,20,0,281.53,940.39,1448.75,0,0,0,0,1102.72,3940.14,0,7.44,176.03,8.144301976,16.03
CG26,4.705080365,3,1340.99,0,0,0,6.55,419.15,0,76.23,0,0.00,20,0,3,0,0,0,0,32.35282205,0,0,0,3,0,0,20,0,866.08,4184.29,197.61,0,0,57.82,0,20,0,0,4.123105626,0,2.83541522,0,10.35,0,0,278.4895475,26.69030188,1429.82,0,6.32455532,20,20.4362039,29.11,0,136.95,0,399.04,0,0,0,0,328.92,1467.45,0.00,183.13,2248.34,0,0,0,0,2.635025498,1,6.32455532,0,1571.36,549.83,0.00,517.22,0,12.29725579,0,2.257319217,480.82,0,99.94998749,16.38452182,0.33,10.57,0,241.49,0,0,0.00,366.09,4913.07,0.00,20,1669.22,6.32455532,2.704163457,0,7.108617267,0,20,0,3,0,2.198329607,36.59,0,0.00,20,3,0,0.00,3553.49,0.00,4351.37,0,15691.28,0,566.41,0,3,20,0,20.52,0,976.55,0.00,359.62,109.08,0,0,0.00,0,0,0,65.4927168,0,49.56767943,0.00,0,145.68,0.00,0,68.05562138,0,0,0.00,4125.43,0.00,353.36,0,20,6,0,20,1253.03,2415.71,0,2761.82,0,0,201.59,417.54,392.41,0,0,0,0,664.77,3862.41,20,0.00,131.51,1,204.50
CG27,3,3,1428.57,0,0,0,2.39,410.69,0,24.28,0,0.00,99.94998749,0,0,0,0,0,2,0,3.180086824,0,0,3,0,0,3,0,659.69,3498.48,76.49,0,0,0.00,0,20,0,0,0,1,0,0,0.29,0,0,0,0,1335.99,0,3,20,0,22.44,0,126.01,0,315.39,0,0,0,0,933.85,1518.08,0.00,68.12,2773.92,0,0,0,0,2,2.878732364,3,0,1510.90,371.89,0.00,545.41,3,0,0,0,254.17,0,316.0696126,20,21.94,3.97,0,160.73,0,0,3.44,264.12,4531.21,0.00,316.0696126,1530.23,1,0,0,0,3,20,0,0,0,2,25.83,0,9.72,20,2.449489743,0,72.35,2442.18,0.00,4231.55,0,14265.93,0,86.65,0,0,0,0,160.17,0,676.66,0.00,294.11,133.27,0,0,0.00,0,0,0,20,0,20,5.36,0,307.03,0.00,0,0,0,0,0.00,3602.81,0.00,292.44,0,20,2.645751311,0,0,764.36,1543.23,0,2529.14,0,20,125.86,217.99,171.61,0,0,0,0,551.83,3790.94,20,0.00,125.35,1,173.98
CG28,4.705080365,0,1859.29,0,0,0,134.48,208.68,0,22.00,0,13.59,20,0,2.247226522,0,0,0,0,0,3,0,0,3,0,0,0,0,1015.48,2000.94,11.43,0,0,419.53,0,3,0,0,0,1.118033989,3,0,0.00,0,0,20,26.69030188,1223.60,0,6.32455532,3,20,14.25,0,134.72,0,254.78,0,0,3,0,1748.65,898.67,13.30,215.88,3581.11,0,0,0,0,3,0,3,3,1509.89,8.61,0.00,774.67,1,15,0,3,10.70,0,6.32455532,20,509.59,1.21,0,15.24,0,0,52.30,347.98,3277.67,0.00,3,1269.72,0,3,0,0,18.42932446,6.32455532,0,0,0,2,0.00,0,51.03,3,3,0,525.56,2352.60,157.13,3984.10,0,13510.23,0,19.60,0,0,6.32455532,0,636.38,0,1101.74,294.12,279.84,389.33,0,0,52.39,0,0,0,6.32455532,0,37,140.46,0,1073.63,14.95,0,0,0,0,0.00,2039.72,66.07,0.00,0,0,3,0,279.4275177,189.71,1764.35,56.73598759,1455.54,6.32455532,0,72.44,50.40,101.16,0,0,0,0,1131.82,3893.77,6.32455532,9.60,338.57,3,57.59
CG29,0,0,2224.18,0,0,0,340.73,77.57,0,8.49,0,52.07,20,0,0,0,0,0,5.449031295,0,0,0,0,3,0,0,0,0,1861.07,3155.08,0.00,0,0,763.80,0,0,0,0,0,0,3,0,0.00,0,3.464101615,20,0,1133.74,0,3,20,0,96.92,0,129.44,0,353.32,0,0,0,0,2271.91,780.44,312.41,316.29,4571.99,0,0,0,0,2.635025498,0,3,0,1772.21,13.23,0.00,505.60,2.093504511,12.29725579,0,2.257319217,0.00,0,20,20,1716.79,0.09,0,0.00,0,0,9.93,370.67,1525.60,0.00,0,1234.04,0,3,0,7.108617267,0,20,0,20,0,2.198329607,0.00,0,78.52,6.32455532,0,0,530.05,3203.46,273.62,3679.97,3,12140.42,0,40.69,11.57271299,2.926150761,0,0,1019.45,0,1488.71,747.46,199.49,490.27,0,0,516.87,0,0,0,20,0,20,354.96,0,1119.46,91.38,0,0,0,0,44.88,2169.18,55.10,0.00,0,0,37.83230363,0,3,0.00,2554.86,20,427.36,3,0,39.10,0.00,0.00,0,0,0,0,1577.94,3854.18,20,12.38,815.87,0,14.50
CG30,4.705080365,0,0.00,0,0,0,45.47,728.72,0,20.95,0,0.00,999.9499987,0,0,0,0,0,0,20,0,0,20,3,10.12056999,0,20,20,599.09,2381.45,163.63,0,0,18.87,0,31.60696126,0,0,0,0,1,9.16515139,110.10,5.028715727,0,316.0696126,99.94998749,1157.22,8.94427191,6.184859059,3,15.49193338,153.10,0,6.80,0,0.00,0,0,0,1,7.61,531.34,0.00,0.00,110.51,0,0,0,2,0,1.414213562,6.32455532,0,20.58,2265.33,18.09,74.59,0,0,0,1.007905261,389.90,0,316.2119542,16.38452182,0.00,137.32,0,261.31,0,0,0.00,321.96,1453.33,1122.48,31.60696126,3226.94,0,0,0,0,0,20,0,0,0,0,0.33,0,0.00,31.60696126,20.09302478,0,0.00,259.18,0.00,1471.34,0,21253.99,0,4123.73,0,0,58.44102453,12.281368,0.00,0,329.27,0.00,1895.53,345.13,0,0,0.00,0,0,0,0,0,0,0.00,0,0.00,0.00,30.85755111,0,0,0,0.00,2713.31,0.00,233.08,0,31.60696126,0,0,279.4275177,5589.45,0.00,0,797.78,0,0,9.51,1944.20,0.00,20,0,0,0,78.03,1193.83,0,0.00,298.79,8.144301976,529.22
CG31,0,0,0.00,0,0,0,39.35,229.74,0,0.76,0,0.00,999.9499987,0,0,0,0,0,3,20,0,0,20,4.981287692,0,0,0,20,146.51,3953.94,1871.91,0,0,0.00,0,20,0,5,0,0,0,2.645751311,207.77,0,0,999.9499987,0,1292.92,4.384130876,0,14.14468365,20.4362039,108.63,0,14.62,0,0.00,0,0,0,0,0.00,22.06,0.00,0.00,0.00,0,0,0,0,0,0,20,0,0.00,1530.90,0.00,0.00,0,0,0,0,1082.24,0,316.0696126,0,0.00,3.19,0,7.49,0,0,0.00,1.32,4143.03,169.56,20,2328.03,0,0,0,0,0,20,0,32.12401964,0,0,0.00,0,0.00,3,3,0,0.00,0.00,0.00,0.00,0,33878.21,0,10644.57,0,0,0,0,0.00,0,0.00,0.00,2681.71,584.60,0,0,0.00,0,0,0,0,0,0,0.00,0,0.00,0.00,20,0,0,0,0.00,3658.52,0.00,1613.11,0,3,0,0,316.0696126,11860.96,0.00,0,16.77,0,0,0.00,676.38,0.00,36.58712517,0,0,0,17.44,2609.20,0,0.00,1135.72,20,322.97
CG32,0,5.840580155,0.00,0,0,0,63.70,802.86,0,8.71,0,0.00,316.2119542,0,0,0,0,0,3,99.94998749,0,0,20,3,0,0,73.39730808,20,177.18,3071.16,1474.64,0,0,0.00,0,69.67297166,0,1,2.852793324,0,3,1.414213562,181.95,3,0,110.818421,26.69030188,1391.42,4.384130876,0,3,28.28427125,228.92,0,52.19,0,0.00,0,0,0,0.707106781,0.00,252.66,0.00,2.01,3.86,0,0,0,0,0,2.449489743,10.95445115,0,0.00,1645.51,361.52,25.41,0,0,0,1.007905261,659.54,0,316.2119542,0,0.00,73.92,0,65.07,0,0,0.00,35.22,4441.66,196.09,99.94998749,2951.79,0,0,0,0,0,31.60696126,0,0,0,0,16.29,0,0.00,59.38087577,20,0,0.00,0.00,0.00,160.52,0,28818.69,0,9859.04,0,0,0,0,0.00,0,268.98,0.00,2583.58,566.45,0,0,0.00,0,0,0,0,0,0,0.00,0,0.00,0.00,30.85755111,68.05562138,0,0,0.00,2390.73,0.00,2193.32,0,3,0,0,279.4275177,9578.62,0.00,0,1795.64,0,0,3.37,514.11,0.00,20,0,0,0,152.16,2687.15,0,0.00,781.18,20,637.72
CG33,4.705080365,0,0.00,0,0,0,46.21,1085.18,0,27.70,0,0.00,20,0,3,0,0,0,0,20,1,0,20,3,0,0,73.39730808,0,561.73,2135.44,1030.52,0,0,0.00,0,69.67297166,0,0,0,0,2.83541522,1,10.35,5.028715727,0,278.4895475,26.69030188,1451.18,3,0,14.14468365,20.4362039,207.31,0,50.69,0,0.00,0,0,0,0,79.69,960.17,0.00,69.82,218.17,0,0,0,0,2.635025498,0,3,0,646.29,1789.67,74.54,811.60,0,12.29725579,0,0,506.34,0,20,0,0.00,86.80,0,254.40,0,0,0.00,293.25,4675.93,0.00,20,3059.66,3,0,0,0,0,118.7456423,0,32.12401964,0,0,338.34,0,0.00,59.38087577,20.09302478,0,0.00,1737.64,0.00,3057.05,0,20493.37,0,3458.15,0,2.926150761,58.44102453,0,0.00,0,1221.67,0.00,1529.00,407.64,0,0,0.00,0,0,0,65.4927168,0,49.56767943,0.00,0,16.13,0.00,30.85755111,0,0,0,0.00,2052.51,0.00,257.77,0,154.4664933,0,0,279.4275177,4979.33,154.28,0,4654.36,0,0,121.99,507.29,132.42,36.58712517,0,0,0,291.15,3560.72,0,0.00,254.61,8.144301976,647.60
CG34,0,0,240.92,0,0,0,19.35,452.04,0,39.08,0,0.00,316.0696126,0,0,0,0,0,0,32.35282205,1,0,0,20,0,0,316.0696126,0,1276.48,2838.45,604.13,0,0,50.75,0,20,0,3,0,0,2.83541522,3.140721956,3.92,0,0,20,20,1438.73,0,6.184859059,20,0,83.48,0,108.80,0,250.18,0,0,0,0,405.48,1777.34,0.00,57.88,1720.05,0,0,0,0,3,0,3,0,1751.18,441.79,8.95,595.66,0,20,3,0,492.90,0,99.94998749,20,2.08,52.40,0,262.17,0,0,0.00,360.34,5043.31,0.00,20,1568.64,3.718489007,0,0,0,20,20,0,20,0,1,113.40,0,0.00,20,20,0,0.00,4003.56,0.00,4118.10,0,12002.90,0,311.95,0,3,20,0,31.24,0,981.97,124.56,89.29,55.74,0,0,0.00,0,0,0,20,0,49.56767943,0.00,0,373.24,0.00,0,0,0,0,0.00,4340.02,0.00,86.18,0,316.0696126,20,0,20,697.14,912.77,20,5015.89,0,0,331.99,733.15,956.09,0,0,0,0,825.50,3868.60,20,0.00,359.99,8.144301976,137.93
CG35,4.705080365,5.840580155,1214.49,0,0,0,151.40,224.79,0,35.30,0,62.05,20,0,3,0,0,0,0,0,0,0,0,4.981287692,0,0,20,0,1100.11,1605.00,0.00,0,0,0.00,0,0,0,0,0,0,0,0,0.00,0,0,0,26.69030188,1448.86,0,3,20,0,66.89,0,110.43,0,400.10,0,0,0,0,1115.88,1537.73,0.00,54.47,4694.28,0,0,0,0,2.635025498,3,20,0,1981.86,56.27,0.00,894.16,2.093504511,20,0,3,151.47,0,316.0696126,20,87.12,0.00,0,89.30,0,0,0.00,635.89,3263.72,98.54,20,892.91,0,2.704163457,0,0,20,20,0,3,0,1,0.33,0,7.61,20,20.09302478,0,269.73,4423.72,51.63,4416.82,0,5252.13,0,34.21,0,0,20,0,301.62,0,1531.00,622.21,39.54,30.37,0,0,0.00,0,0,0,316.0696126,0,20,9.34,0,1192.70,4.98,0,0,0,0,0.00,2214.31,48.55,4.81,0,20,37.83230363,0,0,284.73,2322.86,20,4088.68,0,0,617.55,282.22,367.86,0,0,0,0,1362.92,3968.93,20,10.83,326.69,0,4.01
CG36,0,3,398.80,0,0,0,65.03,528.68,0,38.95,0,1.82,316.0696126,0,0,0,0,0,0,0,0,0,0,3,0,0,20,0,1457.02,4379.08,51.40,11.78203406,0,8.16,0,20,0,0,0,0,1,0,1.14,0,0,316.0696126,0,1421.77,4.384130876,6.32455532,20,0,170.54,0,90.00,0,154.41,0,0,0,0,496.23,2078.62,0.00,268.12,2179.68,0,0,0,0,3,0,3,0,1584.33,649.80,0.00,653.62,0,3,0,1.414213562,356.85,0,316.0696126,3,11.32,0.19,0,601.54,0,0,0.00,1037.82,5002.82,82.48,316.0696126,3082.13,3,3,0,0,0,20,0,6.32455532,0,0,6.74,0,0.00,20,3,0,0.00,3601.86,0.00,4377.27,0,23946.60,0,594.40,0,0,30,12.281368,45.55,0,1592.32,0.00,500.50,150.71,0,0,0.00,0,0,0,0,0,0,0.67,0,46.45,0.00,0,0,0,0,0.00,3866.18,0.00,66.61,0,20,4,0,0,1898.27,3220.29,0,3218.85,20,0,97.88,273.85,0.00,0,0,0,0,646.31,3932.12,20,0.00,257.52,0,253.35
CG37,0,0,1487.10,0,0,0,21.90,458.03,0,32.86,0,6.30,20,0,3,0,0,0,0,0,0,0,0,3,0,0,20,0,2182.46,3993.84,241.46,11.78203406,0,58.73,0,69.67297166,0,0,0,0,3,0,0.08,0,0,20,0,1366.01,0,3,6.32455532,173.1184566,11.05,0,110.93,0,205.39,0,0,3,0,1909.22,1541.10,0.00,186.93,2956.42,0,0,0,0,3,3,6.32455532,0,1569.92,227.33,0.00,796.55,3,6.32455532,0,3,232.33,0,99.94998749,3,51.92,4.59,0,193.42,0,0,37.14,444.83,4562.75,0.00,6.32455532,1510.48,3,2.704163457,0,20,0,20,0,32.12401964,0,1,6.80,0,18.17,20,6.32455532,0,144.20,2712.50,49.34,4321.89,0,12636.77,0,63.64,0,0,6.32455532,0,432.84,0,1440.28,20.89,327.41,85.14,0,0,0.00,0,0,0,20,0,20,17.92,0,538.45,11.28,0,0,0,0,0.00,4389.85,0.00,94.90,0,3,6.32455532,0,6.32455532,505.14,3018.09,0,4168.44,3,0,149.62,444.52,385.36,0,0,0,0,825.05,3931.63,163.8555342,0.00,248.99,0,250.96
CG38,4.705080365,5.840580155,3487.20,0,0,0,81.09,174.89,0,15.74,0,122.52,590.7866144,0,3,0,0,0,0,0,3.180086824,0,0,4.981287692,0,0,73.39730808,0,1153.81,2713.92,91.14,0,0,754.20,0,69.67297166,0,0,0,0,4,0,0.00,0,3,278.4895475,0,1373.85,0,6.184859059,14.14468365,0,28.35,0,132.54,0,304.49,0,0,3,0,3552.32,1238.82,0.00,84.29,5122.73,0,0,0,0,3,3,3,0,1906.30,9.75,0.00,1087.69,1.414213562,20,0,3,27.83,0,531.2865308,16.38452182,292.49,3.11,0,27.61,0,0,19.91,490.35,3707.39,0.00,72.18692395,878.56,3.718489007,2.704163457,0,7.108617267,18.42932446,118.7456423,0,32.12401964,0,1.414213562,0.38,0,22.50,59.38087577,20.09302478,0,366.93,3289.19,198.51,4420.21,0,9366.81,0,25.34,0,0,0,0,757.79,0,1536.89,598.50,601.47,412.12,0,0,48.63,0,0,0,65.4927168,16.45605217,49.56767943,105.05,0,1381.50,0.97,0,0,0,0,0.00,3447.79,0.00,4.25,0,154.4664933,37.83230363,0,279.4275177,1127.47,3344.76,0,2501.61,25.87805688,0,64.31,121.20,770.71,0,0,0,0,2111.82,3911.43,163.8555342,12.48,472.00,8.144301976,144.27
CG39,0,5.840580155,2267.09,0,0,0,431.19,30.88,0,7.18,20,45.37,20,0,3,0,0,0,0,0,0,0,0,0,0,0,0,0,1508.87,2247.47,0.00,0,0,655.05,0,0,0,0,0,0,2.83541522,0,0.00,0,0,20,0,963.52,0,3,6.32455532,0,66.54,0,120.38,0,325.60,0,0,6.32455532,0,2995.72,768.93,444.42,100.53,4310.21,0,0,0,0,0,0,3,0,1656.71,0.00,0.00,633.09,2.093504511,12.29725579,0,2.257319217,14.17,0,20,3,1259.08,0.00,0,0.00,0,0,11.05,421.09,1148.53,0.00,0,543.55,0,2.704163457,0,20,0,20,0,20,0,0,0.00,0,243.91,0,20,0,813.22,2899.84,221.35,3122.96,6.32455532,3367.32,0,8.97,11.57271299,2.926150761,0,0,718.13,0,1418.53,965.98,121.86,368.99,0,0,523.24,0,0,0,6.32455532,0,3,248.46,0,1599.91,96.35,0,0,0,0,271.11,1813.93,0.00,0.00,0,0,20,0,3,77.44,2523.24,20,682.87,0,0,17.47,0.00,0.00,0,8.215234361,0,0,1820.65,3527.25,20,15.53,888.94,0,10.94
CG40,0,0,19.25,0,0,0,108.06,481.60,0,18.71,0,0.00,999.9499987,0,0,0,0,0,0,99.94998749,0,0,20,6.32455532,3,0,3,3,636.58,3851.38,95.84,0,0,0.00,0,20,0,0,0,0,1,1.414213562,14.65,0,0,999.9499987,26.69030188,1182.23,3,0,3,20.4362039,49.62,0,20.11,0,0.00,0,0,0,0,235.02,1012.62,0.00,34.75,381.02,0,0,0,0,0,0,20,0,40.85,2032.43,9.41,303.46,0,0,0,3,536.54,0,999.9499987,0,0.00,28.02,0,311.23,0,0,0.00,251.74,1258.45,0.00,20,3148.38,0,0,0,0,0,20,0,6.32455532,0,0,4.67,0,0.00,3,20,0,0.00,1103.42,0.00,2969.46,0,22269.69,0,308.22,0,0,3,0,2.13,0,825.64,0.00,1500.53,297.00,0,0,0.00,0,0,0,0,0,0,0.00,0,0.00,0.00,3,0,0,0,0.00,4047.66,0.00,61.93,0,20,1,0,0,6477.61,0.00,0,985.30,0,0,55.41,2069.02,0.00,3,0,0,0,194.19,2958.33,0,0.00,198.79,20,345.80
CG41,0,0,0.00,0,0,0,47.73,976.23,0,23.56,0,0.00,316.2119542,0,0,0,0,0,3,20,0,0,31.60696126,3,10.12056999,0,73.39730808,48.28047247,289.46,1104.93,96.21,0,0,0.00,0,6.32455532,0,0,1,0,3,10.24695077,252.33,5.028715727,0,316.2119542,99.94998749,1156.64,3,0,14.14468365,20,134.99,0,3.34,0,0.00,0,0,0,0,28.35,175.67,0.00,7.73,8.01,0,0,0,0,0,3,6.32455532,0,0.00,2251.83,0.00,69.08,0,0,0,3,412.00,0,316.2119542,0,0.00,63.02,0,141.59,0,0,0.00,133.41,1416.18,643.32,99.94998749,3435.14,0,0,0,0,0,3,0,3,3,0,4.66,0,0.00,20,20.09302478,0,0.00,394.06,0.00,1135.19,0,25148.07,0,1340.44,0,0,3,12.281368,0.00,0,147.83,0.00,2409.52,452.15,0,0,0.00,0,0,0,0,0,0,0.00,0,0.00,0.00,20,0,0,0,0.00,1814.13,0.00,130.49,0,6.32455532,0,0,20,9087.27,0.00,0,1348.32,0,0,2.86,705.80,0.00,99.94998749,0,0,0,58.86,444.48,0,0.00,195.81,20,549.21
CG42,0,0,0.00,0,0,0,84.10,1267.38,0,16.21,0,0.00,590.7866144,0,0,0,0,0,5.449031295,20,0,0,20,4.981287692,10.12056999,0,73.39730808,48.28047247,152.46,237.92,118.93,0,0,0.00,0,20,0,1,0,0,2.83541522,1,27.89,0,0,278.4895475,4.242640687,1370.35,4.384130876,0,14.14468365,20.4362039,332.85,0,4.17,0,0.00,0,0,0,0,0.00,189.57,0.00,2.71,32.29,0,0,0,0,0,2.878732364,20,0,18.25,2155.42,237.25,248.57,0,0,0,2.257319217,479.78,0,316.0696126,0,0.00,153.98,0,194.49,0,0,0.00,257.50,3009.36,243.03,72.18692395,3353.31,3.718489007,2.704163457,0,0,0,118.7456423,0,0,0,0,25.46,0,0.00,59.38087577,20.09302478,0,0.00,103.94,0.00,637.73,0,13211.39,0,1230.47,0,0,58.44102453,0,0.00,0,504.87,0.00,2165.70,301.12,0,0,0.00,0,0,0,0,0,0,0.00,0,0.00,0.00,30.85755111,0,0,0,0.00,516.15,0.00,320.36,0,154.4664933,0,0,279.4275177,7030.54,0.00,0,3505.52,0,0,7.59,462.36,0.00,316.0696126,0,0,0,148.28,1587.16,163.8555342,0.00,250.53,8.144301976,583.96
CG43,3,0,68.36,0,0,0,36.02,1325.98,0,52.25,0,0.00,316.0696126,0,0,0,0,0,5.449031295,20,1,0,20,3,0,0,316.0696126,316.0696126,462.94,1146.43,387.97,0,0,0.00,0,316.0696126,0,0,0,0,3,3.140721956,8.41,0,0,278.4895475,3,1463.20,0,3,3,20,262.00,0,44.52,0,0.00,0,0,0,0,15.31,1459.66,0.00,205.74,341.81,0,0,0,0,3,3,20,0,1019.25,1742.76,227.49,1191.04,0,0,0,3,435.94,0,316.0696126,20,0.00,241.13,0,331.97,0,0,0.00,1056.71,4613.96,0.00,316.0696126,3297.40,3,3,0,0,0,20,0,20,0,0,130.77,0,0.00,316.0696126,20,0,0.00,1732.96,0.00,3784.00,0,11086.60,0,703.83,0,0,316.0696126,0,0.00,0,1823.52,0.00,931.70,373.94,0,0,0.00,0,0,0,3,0,0,0.00,0,0.00,0.00,3,3,0,0,0.00,1581.02,0.00,16.68,0,316.0696126,0,0,279.4275177,3854.12,674.58,20,5098.29,0,0,78.10,797.68,14.25,3,0,0,0,303.20,3582.94,0,0.00,315.60,20,615.18
CG44,0,0,1851.90,0,0,0,14.25,470.93,0,23.57,0,0.00,316.0696126,0,0,0,0,0,0,0,0,0,0,2,0,0,73.39730808,3,606.07,2760.81,1022.77,0,0,104.85,0,20,0,2.828427125,0,0,2.83541522,3,5.24,0,0,278.4895475,20,1470.32,0,3,20,0,143.74,0,89.87,0,206.81,0,0,0,0,285.92,1886.80,0.00,104.53,1894.16,0,0,0,0,0,1.414213562,3,0,1831.50,557.10,0.00,1161.65,0,0,0,0,602.81,20,316.0696126,3,0.00,21.36,0,281.37,0,0,0.00,534.65,5153.23,0.00,20,2251.19,0,0,0,0,0,20,0,20,0,0,5.84,0,0.00,6.32455532,20,0,50.85,3982.84,0.00,4261.54,0,21141.64,0,190.49,0,2.926150761,0,0,2.03,0,2159.59,34.85,49.58,169.47,0,0,0.00,0,0,0,20,0,0,0.78,0,266.57,0.00,20,0,0,0,0.00,4477.36,0.00,38.13,0,154.4664933,20,0,3,1938.77,2650.17,56.73598759,5041.70,3,0,55.64,688.98,49.05,0,0,0,0,1075.03,3854.54,31.60696126,0.00,305.18,0,366.92
CG45,4.705080365,20,2824.31,0,0,0,226.19,135.57,0,21.18,0,10.80,20,0,0,0,0,0,0,0,3.180086824,0,0,4.981287692,0,0,20,0,1173.14,697.66,147.49,0,0,51.46,0,69.67297166,0,0,0,0,3,0,0.00,0,0,278.4895475,0,1469.00,0,6.32455532,20,20.4362039,87.92,0,123.72,0,480.72,0,0,0,0,1053.10,1229.30,0.00,13.46,4113.23,0,0,0,0,3,0,10.12173988,0,1991.29,171.70,0.00,1212.74,2,31.6227766,1.913932948,3,159.78,3,316.0696126,0,11.91,1.79,0,131.06,0,0,6.12,744.66,4482.53,0.00,20,1143.10,0,2.704163457,0,0,20,20,0,20,0,3,0.78,0,1.22,20,20,0,709.65,3981.39,580.64,4458.38,0,10180.00,0,36.33,0,2.926150761,20,0,138.39,0,2083.59,243.64,6.45,0.00,0,0,0.00,0,0,0,20,0,20,5.48,0,2083.49,0.00,0,0,0,0,0.00,3057.93,0.00,0.00,0,20,20,0,279.4275177,590.54,3104.96,56.73598759,5094.02,25.87805688,0,299.27,317.94,143.68,0,0,0,0,1619.39,3875.06,20,0.00,349.58,8.144301976,179.34
CG46,4.705080365,5.840580155,1839.87,0,0,0,158.90,153.87,0,14.94,0,25.96,590.7866144,0,2.247226522,0,0,0,0,0,3.180086824,0,0,3,0,0,73.39730808,0,1101.12,1210.78,157.09,0,0,92.31,0,3,0,0,0,0,2.83541522,0,0.00,0,0,278.4895475,0,1439.05,0,3,20,0,67.14,0,120.66,0,294.72,0,0,6.014896852,0,2623.17,1146.25,0.00,17.93,4477.31,0,0,0,0,2.635025498,0,10.12173988,0,1959.99,91.26,0.00,982.06,2.093504511,6.32455532,1,0,76.13,0,531.2865308,20,77.44,0.28,0,110.48,0,0,16.40,928.27,3173.03,0.00,20,927.77,6,4,0,7.108617267,18.42932446,118.7456423,0,0,0,2,0.00,0,3.33,59.38087577,20.09302478,0,2362.09,3075.70,1585.19,4352.61,0,7317.74,0,36.87,0,0,58.44102453,12.281368,508.64,0,2124.17,141.21,49.22,25.88,0,0,0.00,0,0,0,65.4927168,3,20,25.78,0,2226.86,9.71,0,0,0,6.925205954,15.15,1772.18,0.00,0.00,0,154.4664933,37.83230363,0,279.4275177,355.52,2331.92,56.73598759,3849.12,0,0,63.86,99.91,0.00,0,8.215234361,0,0,1141.92,3622.82,163.8555342,1.26,542.06,8.144301976,78.89
CG47,3,3,523.49,0,0,0,148.73,273.79,0,39.50,0,49.17,3,0,3,0,0,0,0,0,3,0,0,3,0,0,316.0696126,0,1603.18,178.02,0.00,0,0,277.01,0,0,0,0,0,0,3,0,0.00,0,0,20,3,1243.69,0,6.32455532,20,0,0.79,0,104.80,0,70.76,0,0,6.32455532,0,4231.05,413.67,0.00,526.22,4236.29,0,0,0,0,3,0,20,0,1808.50,0.00,0.00,1005.10,3,25,0,0,0.00,0,20,20,181.89,1.40,0,9.73,0,0,1294.02,776.00,952.49,0.00,3,332.45,3,3,0,3,3,3,0,0,0,3,0.00,0,268.69,3,3,0,3713.75,1168.38,1500.15,2614.64,0,842.55,0,4.72,0,0,58.44102453,0,731.56,0,1141.91,21.05,10.53,121.43,0,0,996.15,0,0,0,316.0696126,3,316.0696126,71.14,0,1023.71,1149.89,0,0,0,3,456.08,1334.13,15.54,0.00,0,3,20,0,20,43.73,1197.35,20,2001.22,3,0,71.63,24.28,404.51,0,7.348469228,0,0,841.59,3733.25,20,206.75,778.19,0,0.00
CG48,4.705080365,5.840580155,1166.16,0,0,0,246.42,69.59,0,9.83,0,206.72,590.7866144,0,2,0,0,0,0,0,0,0,0,4.981287692,0,0,73.39730808,0,586.04,767.60,0.00,0,0,893.57,35.96961681,69.67297166,0,0,0,0,3,0,0.00,0,0,0,0,1329.98,0,6.184859059,14.14468365,0,10.80,0,113.24,0,353.08,0,0,6.014896852,0,3908.92,221.39,61.47,78.89,5325.80,0,0,0,0,2.635025498,2.878732364,10.12173988,0,1938.31,0.00,0.00,1136.28,1.414213562,3,0,2,0.00,0,531.2865308,16.38452182,299.90,0.79,0,1.85,0,0,1155.93,858.36,610.66,0.00,72.18692395,256.99,0,3,0,7.108617267,18.42932446,118.7456423,0,32.12401964,0,1,0.00,0,139.31,59.38087577,20.09302478,0,3789.14,1152.96,1865.59,2432.10,0,1399.01,0,5.54,3,0,0,0,589.48,0,1531.59,561.41,65.67,307.89,0,0,679.42,0,0,0,65.4927168,16.45605217,49.56767943,179.91,0,1204.29,572.32,0,0,30.54178746,6.925205954,387.78,1883.95,32.10,0.00,0,154.4664933,37.83230363,0,0,169.61,2356.33,56.73598759,1392.57,25.87805688,0,23.54,12.18,163.70,0,16.88194302,0,0,1837.84,3751.42,163.8555342,464.02,971.33,0,4.37
CG49,4.705080365,0,2393.06,3.482017295,0,0,199.67,42.23,0,4.93,0,233.80,316.0696126,0,3,0,0,0,0,0,0,0,0,3,0,0,73.39730808,0,883.82,2971.44,268.03,0,0,573.15,0,69.67297166,0,0,0,0,2.83541522,0,0.00,0,3.464101615,0,0,1024.32,0,3,6.32455532,0,14.19,0,115.17,0,192.88,0,0,6.014896852,0,2991.38,753.28,331.64,78.59,4318.88,0,0,0,0,0,2.878732364,3,0,1765.87,0.00,0.00,1028.60,0,12.29725579,0,3,49.59,0,316.0696126,6.32455532,1152.71,0.00,0,4.30,0,0,142.23,255.38,2353.96,0.00,1,396.78,3,3,0,0,0,20,0,20,0,3,0.00,0,78.26,3,6.32455532,0,1610.02,2735.75,213.38,3365.65,0,9330.06,0,55.05,11.57271299,2.926150761,0,0,578.59,0,1623.48,541.50,134.49,146.54,0,0,121.65,0,0,0,20,0,0,185.28,0,1118.82,81.12,0,0,0,0,120.43,3267.68,32.79,4.44,0,154.4664933,37.83230363,0,0,209.45,3179.39,20,1129.57,0,0,14.73,39.25,17.31,0,8.215234361,0,0,2001.05,3884.56,99.94998749,27.17,369.79,0,0.00
CG50,12,20,394.89,0,0,0,940.66,486.02,0,13.18,0,0.00,590.7866144,0,0,0,0,0,2,30,6,0,2,10,3,0,20,3,699.73,1303.87,148.37,0,0,226.00,0,316.0696126,0,0,0,0,1,1,5.47,0,0,20,3,1278.88,3,6.32455532,20,20,191.60,0,56.75,0,75.70,0,0,0,0,1633.14,1813.76,0.00,84.73,3092.73,0,0,0,0,0,0,15,0,513.02,847.35,246.74,952.25,0,0,0,0,885.36,0,3162.119542,3,0.00,5.95,0,203.37,0,0,0.00,505.92,2520.26,0.00,316.0696126,3032.90,0,0,0,0,3,316.0696126,0,316.0696126,0,0,18.08,0,0.52,20,50,0,260.68,4069.49,193.69,3903.64,0,14941.99,0,132.01,0,0,316.0696126,20,33.90,0,1520.54,0.00,354.31,23.47,0,0,0.00,0,0,0,20,0,0,0.00,0,119.41,0.00,0,0,0,0,0.00,3415.76,0.00,0.00,0,3162.119542,15,0,20,5006.14,674.93,56.73598759,1920.26,0,0,32.86,1172.66,0.00,0,0,0,0,704.99,3836.58,316.0696126,0.00,259.18,20,282.96
CG51,0,5.840580155,0.00,0,0,0,733.11,916.01,0,12.37,0,0.00,316.2119542,0,0,0,0,0,3,20,0,0,20,5,1,0,316.0696126,20,604.61,873.03,380.41,0,0,0.00,0,316.0696126,0,0,0,0,2,1,32.01,6.32455532,0,99.94998749,26.69030188,1304.94,0,3,14.14468365,20,204.02,0,41.26,0,0.00,0,0,0,0,429.36,1211.95,0.00,143.77,291.93,0,0,0,0,0,0,20,0,10.00,1919.22,255.60,769.97,0,0,0,0,685.57,0,3162.119542,20,0.00,25.13,0,480.09,0,0,0.00,641.22,3356.30,54.00,316.0696126,3403.63,0,0,0,0,18.42932446,20,0,0,22.35446761,0,61.16,0,0.00,20,20,0,0.00,2744.38,0.00,3133.92,0,20580.67,0,686.80,0,0,58.44102453,12.281368,8.19,0,1301.85,0.00,1771.35,352.74,0,0,0.00,0,0,0,0,0,0,0.00,0,0.00,0.00,0,0,0,0,0.00,2768.72,0.00,25.42,0,316.0696126,0,0,279.4275177,9421.40,142.50,0,4331.20,0,0,30.60,1609.87,0.00,3,0,0,0,239.49,3456.06,0,0.00,253.33,8.144301976,577.15
CG52,2,3,0.00,0,0,0,934.89,1169.53,0,14.68,0,0.00,316.2119542,0,0,0,0,0,3,99.94998749,0,0,99.94998749,6.32455532,3,0,316.0696126,316.0696126,200.91,48.85,0.00,0,0,0.00,0,20,0,0,2.852793324,1,1.414213562,1.732050808,22.43,1,0,999.9499987,3,1382.43,0,0,14.14468365,3,376.39,0,4.89,0,0.00,0,0,0,0,11.76,809.22,0.00,51.05,84.85,0,0,0,0,0,0,316.0696126,0,13.41,2154.89,0.00,788.57,0,0,0,1.414213562,551.53,0,316.2119542,0,0.00,35.97,0,401.03,0,0,0.00,584.72,3779.83,0.00,99.94998749,3475.52,3.718489007,0,0,0,0,6.32455532,0,0,0,0,11.31,0,0.00,99.94998749,20,0,0.00,1644.06,0.00,1409.17,0,17699.27,0,903.58,0,0,3,0,0.00,0,1123.83,0.00,1818.96,171.80,0,0,0.00,0,0,0,0,0,0,0.00,0,0.00,0.00,0,0,0,0,0.00,980.62,0.00,15.67,0,316.0696126,3,0,3,10216.64,213.81,0,5186.74,0,3,12.23,283.95,0.00,6.32455532,0,0,0,188.38,2977.86,0,0.00,287.74,20,659.56
CG53,3,0,195.82,0,0,0,223.57,1142.90,0,57.00,0,0.00,316.0696126,0,0,0,0,0,0,3,3,0,3,3,0,0,316.0696126,316.0696126,876.17,1273.64,46.12,0,0,15.78,0,316.0696126,0,0,1,0,3,3.140721956,12.32,5.028715727,0,278.4895475,3,1440.89,0,3,3,20,186.08,0,68.57,0,2.81,0,0,0,0.707106781,210.32,1550.91,0.00,1569.26,450.32,0,0,0,0,0,2.878732364,20,0,1096.18,1455.73,87.91,1181.52,0,0,0,3,562.46,0,316.0696126,20,0.00,61.98,0,541.10,0,0,0.00,1035.77,4818.85,0.00,316.0696126,3335.71,3.718489007,0,0,0,20,20,0,316.0696126,0,0,135.31,0,0.00,316.0696126,20,0,0.00,2953.73,0.00,3209.69,0,18218.87,0,244.03,0,0,316.0696126,0,3.48,0,1712.39,0.00,640.30,319.58,0,0,0.00,0,0,0,0,0,0,0.00,0,18.51,0.00,0,0,0,0,0.00,3030.96,0.00,4.04,0,316.0696126,3,0,0,8754.63,524.14,20,5260.92,0,0,65.59,575.53,107.24,36.58712517,0,0,0,466.74,3762.21,20,0.00,257.73,0,687.06
CG54,0,3,2627.80,0,0,0,52.31,420.58,0,27.00,0,0.18,316.0696126,0,0,0,0,0,0,3,0,0,0,20,0,0,20,48.28047247,507.24,2153.72,683.25,0,0,274.13,0,99.94998749,0,0,0,0,3,0,4.94,0,0,278.4895475,3,1430.37,0,3,20,0,130.08,0,97.48,0,39.34,0,0,0,0,438.76,1443.35,0.00,76.65,2686.16,0,0,0,0,0,0,3,0,1776.37,438.58,0.00,1016.07,0,0,0,1.414213562,353.02,6.32455532,316.2119542,20,0.00,24.51,0,220.05,0,0,4.27,459.79,4666.24,0.00,99.94998749,1899.44,0,1,0,0,0,99.94998749,0,3,0,0,17.90,0,0.00,20,20,0,41.84,3524.02,150.56,4265.19,0,15917.99,0,128.98,0,0,99.94998749,0,9.51,0,2178.10,0.00,34.79,203.78,0,0,0.00,0,0,0,20,0,0,0.00,0,689.25,0.00,0,20,0,0,0.00,4916.41,0.00,17.90,0,99.94998749,20,0,0,2476.90,2782.64,20,4979.79,25.87805688,0,36.63,626.79,94.21,0,0,0,0,1397.73,3860.88,99.94998749,0.00,161.56,0,336.41
CG55,0,0,3469.82,0,0,0,9.85,124.93,0,15.31,0,1.90,316.0696126,0,0,0,0,0,0,0,0,0,0,3,0,0,316.0696126,0,353.25,1724.20,304.15,0,0,1010.39,0,20,0,0,0,0,3,0,3.99,0,0,278.4895475,20,1435.11,0,6.32455532,20,0,63.63,0,103.92,0,334.11,0,0,0,0,1111.93,1207.12,0.00,10.71,4077.75,0,0,0,0,3,3,3,0,1903.10,253.98,0.00,864.20,0,12.29725579,3,2.257319217,174.43,1,20,0,6.77,13.72,0,100.15,0,0,11.02,276.72,4134.85,0.00,20,971.88,3.718489007,3,0,0,18.42932446,20,0,20,0,2.198329607,0.85,0,0.00,316.0696126,0,0,774.19,4148.97,799.58,4433.13,0,11624.42,0,107.54,0,0,20,0,129.66,0,2204.49,22.63,103.81,68.45,0,0,0.00,0,0,0,20,0,20,10.94,0,1568.93,0.00,30.85755111,2,0,0,0.00,3903.49,0.00,60.45,0,316.0696126,20,0,0,2099.95,3464.25,20,3818.01,0,0,16.26,347.94,141.89,0,0,0,0,1789.67,3927.44,316.0696126,0.00,190.42,0,233.90
CG56,3,3,3047.60,0,0,0,72.04,91.98,0,16.85,0,37.36,20,0,3,0,0,0,3,20,3,0,0,3,0,0,316.0696126,0,661.95,641.20,23.79,20,0,1113.93,0,3,0,0,0,0,3,0,0.32,0,0,20,20,1409.95,0,6.32455532,20,0,5.48,0,128.91,0,462.73,0,0,3,0,3347.46,889.68,0.00,16.18,5287.05,0,0,0,0,3,3,3,0,1926.95,19.65,0.00,1288.16,0,0,0,3,21.00,0,20,20,75.02,14.84,0,28.13,0,0,1050.09,731.96,2405.78,0.00,3,333.00,3,0,0,0,20,20,0,316.0696126,0,1,0.00,0,37.51,20,0,0,3329.13,3599.05,2517.19,4138.72,0,2211.44,0,22.78,0,3,316.0696126,0,572.98,0,2274.60,239.68,18.35,129.24,0,0,114.43,0,0,0,316.0696126,0,20,60.55,0,2794.08,14.64,0,0,0,6.925205954,110.88,2594.79,257.34,6.66,0,20,316.0696126,0,3,173.09,3177.66,316.0696126,2886.65,0,0,67.60,136.30,256.91,0,1.414213562,0,0,1596.83,3913.62,3162.119542,14.32,567.34,0,7.38
CG57,3,3,1262.02,0,0,0,96.81,200.65,0,66.02,0,39.27,590.7866144,0,2,0,0,0,0,3,3,0,0,3,0,0,316.0696126,0,863.93,647.37,0.00,0,0,821.81,0,0,0,0,0,0,3,0,0.00,0,0,20,3,1325.92,0,6.32455532,20,0,20.57,0,118.49,0,194.82,0,0,3,0,3121.50,976.08,0.00,100.60,4941.12,0,0,0,0,3,2.878732364,20,0,1907.02,31.74,0.00,1229.01,3,15,0,2.257319217,27.94,0,20,20,54.71,25.55,0,40.85,0,0,69.98,865.68,2881.81,135.02,3,595.24,3,3,0,3,20,20,0,3,0,2,0.27,0,37.29,20,3,0,2887.83,3738.07,1999.10,3996.60,0,4779.12,0,47.66,0,0,20,0,784.94,0,1983.59,25.65,27.05,236.83,0,0,206.84,0,0,0,316.0696126,3,316.0696126,70.70,0,1641.06,149.11,0,0,0,3,80.97,2929.81,196.67,2.81,0,20,20,0,20,358.49,3056.37,20,3085.05,3,0,427.26,106.73,363.08,0,3,0,0,1771.32,3894.61,316.0696126,40.67,298.91,0,45.32
CG58,4.705080365,0,936.61,0,0,0,1047.71,80.38,0,9.92,48.95519325,420.52,20,0,0,0,0,0,0,0,0,0,0,3,0,0,3,0,1154.13,1305.58,0.00,0,0,852.57,0,0,0,0,0,0,3,0,0.00,0,0,20,0,1212.83,0,3,20,0,65.10,0,140.14,0,256.24,0,0,3,0,2996.62,656.82,182.63,118.84,4888.20,0,0,0,0,3,0,6.32455532,0,1900.51,0.00,0.00,981.37,3,3,0,2.257319217,0.00,0,99.94998749,20,1435.76,0.00,0,0.00,0,0,486.57,918.82,955.35,0.00,0,579.44,0,0,0,7.108617267,0,20,0,20,0,3,0.00,0,224.06,3,0,0,4412.33,2314.08,1723.37,2908.35,0,6413.63,0,10.78,11.57271299,3,6.32455532,0,801.07,0,1491.01,464.03,28.22,193.54,0,0,827.50,0,0,0,20,0,20,133.30,0,2163.65,186.30,0,0,3,0,388.29,2354.89,21.01,0.00,0,0,6.32455532,0,20,24.21,2479.55,20,1002.31,20,0,38.65,0.00,14.38,0,8.215234361,0,0,1168.11,3864.74,20,281.14,1035.17,0,11.89
CG59,0,5.840580155,617.70,3.482017295,0,0,968.41,29.79,0,2.21,20,350.57,20,0,2.247226522,0,0,0,0,0,0,0,0,0,0,0,6.32455532,0,659.01,537.22,0.00,0,0,603.61,0,0,0,0,0,0,3,0,0.00,0,0,0,0,1070.60,0,6.184859059,20,0,28.55,0,120.67,0,381.88,0,0,6.32455532,0,1892.77,111.66,204.47,44.11,4489.97,0,0,0,0,0,0,20,0,1892.28,0.00,0.00,874.40,0,12.29725579,0,0,0.00,0,99.94998749,3,793.98,0.00,0,0.00,0,0,5296.28,601.67,67.74,0.00,0,136.91,0,0,0,6.32455532,0,20,0,0,0,0,0.00,0,240.08,0,0,0,5405.00,838.61,2893.89,1171.80,0,3607.00,0,7.13,11.57271299,0,0,0,740.58,0,599.61,333.20,13.58,75.98,0,0,2908.83,0,0,0,20,0,0,210.20,0,1993.00,1462.55,0,0,0,6.925205954,2119.28,1526.86,17.07,0.00,0,0,20,0,0,0.00,1252.13,20,195.77,20,0,17.06,0.00,0.00,0,6.32455532,0,0,939.90,2406.64,20,269.39,1483.91,0,0.00
CG60,3,5.840580155,550.78,0,0,0,2607.02,474.38,0,4.22,0,0.56,3162.119542,0,0,0,0,0,0,20,0,0,3,4,0,0,316.0696126,0,716.41,143.37,0.00,0,0,284.03,0,69.67297166,0,0,0,0,2.83541522,0,4.98,0,0,20,0,1320.35,0,6.184859059,20,0,249.53,0,81.79,0,67.54,0,0,0,0,787.11,1102.99,0.00,12.33,3982.84,0,0,0,0,0,0,1.414213562,0,875.45,649.38,0.00,1328.74,0,0,0,0,909.21,0,316.0696126,0,0.00,7.38,0,123.33,0,0,0.00,482.36,3666.40,0.00,316.0696126,3140.50,0,0,0,0,0,3,0,32.12401964,0,0,1.22,0,0.00,20,20,0,573.05,2898.41,452.35,3775.23,0,18467.55,0,173.53,0,0,3,0,13.68,0,1800.52,0.00,146.99,134.02,0,0,0.00,0,0,0,65.4927168,0,0,0.00,0,113.99,0.00,0,0,0,0,0.00,3002.55,0.00,0.00,0,20,0,0,20,5420.69,1348.04,20,2625.03,0,0,10.29,330.71,0.00,0,0,0,0,827.86,3896.35,20,0.00,298.02,0,349.68
CG61,3,20,410.14,0,0,0,3231.81,538.91,0,8.95,0,0.00,3162.119542,0,0,0,0,0,5.449031295,20,0,0,20.28995068,6.32455532,0,0,316.0696126,316.0696126,770.38,856.46,0.00,0,0,456.04,0,20,0,0,0,0,3,0,2.83,0,0,20,0,1365.45,0,3,20,0,262.89,0,101.48,0,181.61,0,0,0,0,528.31,1615.52,0.00,108.62,2250.76,0,0,0,0,0,3,3,0,419.04,1040.39,9.72,1521.72,0,0,0,2.257319217,826.87,0,3162.119542,0,0.00,16.73,0,144.30,0,0,0.00,991.99,4264.39,417.41,20,3351.27,0,0,0,0,0,20,0,0,0,0,4.78,0,0.00,20,20,0,118.24,4122.57,145.22,3981.45,0,20945.27,0,228.16,0,0,20,3,9.36,0,2105.98,0.00,205.32,322.52,0,0,0.00,0,0,0,0,0,0,0.75,0,80.53,0.00,0,0,0,0,0.00,4261.04,0.00,14.59,0,316.0696126,20,0,3162.119542,7805.94,2272.23,0,4952.30,0,0,19.59,343.62,0.00,0,0,0,0,886.44,3994.67,20,0.00,505.70,20,621.64
CG62,3,3,180.00,0,0,0,2428.34,838.22,0,29.57,0,0.00,3162.119542,0,0,0,0,0,0,20,0,0,20,3,0,0,316.0696126,0,592.61,1159.17,11.56,0,0,35.64,0,3,0,0,0,0,3,3,12.90,0,0,316.0696126,0,1427.06,0,0,20,0,342.04,0,90.08,0,0.00,0,0,0,0,375.45,1625.04,0.00,355.71,768.20,0,0,0,0,0,0,3,0,470.00,1522.17,0.00,1341.37,0,0,0,3,723.00,0,316.0696126,3,0.00,13.62,0,481.53,0,0,0.00,1043.78,4706.59,414.89,20,3474.33,0,0,0,0,0,20,0,3,0,0,2.90,0,0.00,316.0696126,20,0,0.00,4086.59,0.00,3668.15,0,24556.72,0,579.54,0,0,20,3,0.00,0,2009.00,0.00,573.42,159.89,0,0,0.00,0,0,0,0,0,0,0.77,0,10.64,0.00,0,0,0,0,0.00,3573.50,0.00,30.08,0,316.0696126,0,0,0,10164.79,2486.52,0,5300.33,0,0,23.85,376.75,0.00,0,0,0,0,533.48,3866.54,0,0.00,330.50,3,740.75
CG63,0,20,1559.87,0,0,0,264.57,1004.07,0,62.07,0,1.44,3162.119542,0,0,0,0,0,0,3,3,0,0,3,0,0,20,0,1719.88,2109.51,78.64,0,0,32.82,0,316.0696126,0,0,0,0,3,0,3.48,0,0,20,20,1431.96,0,6.32455532,20,0,106.67,0,127.23,0,73.05,0,0,0,0,1705.25,1803.36,0.00,881.68,1762.26,0,0,0,0,0,3,3,0,1377.12,731.71,0.00,1339.48,0,0,0,3,482.45,0,3162.119542,20,0.00,213.00,0,416.82,0,0,3.49,1240.36,4721.16,0.00,316.0696126,2711.92,0,3,0,0,3,316.0696126,0,20,0,0,52.95,0,0.00,20,20,0,0.00,4148.50,36.98,4091.84,0,13981.38,0,250.86,0,0,20,0,56.10,0,2157.05,5.74,419.44,339.59,0,0,0.00,0,0,0,316.0696126,0,0,3.54,0,295.99,0.00,0,0,0,0,0.00,4872.88,0.00,15.50,0,3162.119542,3,0,20,5790.92,1939.84,316.0696126,5272.31,0,0,123.58,921.25,168.26,0,0,0,0,1276.41,3884.19,316.0696126,0.00,598.91,3,626.95
CG64,0,5.840580155,4168.80,0,0,0,285.84,342.54,0,17.15,0,17.48,20,0,0,0,0,0,0,20,0,0,0,20,0,0,20,0,497.72,149.13,99.00,0,0,873.08,0,3,0,0,0,0,0,0,0.00,0,0,20,26.69030188,1470.61,0,3,20,0,263.70,0,131.77,0,231.28,0,0,0,0,791.93,1709.41,0.00,7.92,4996.43,0,0,0,0,0,3,20,0,1829.14,493.63,0.00,1375.04,0,0,0,2.257319217,85.22,0,20,0,1.84,18.05,0,114.28,0,0,61.70,628.67,4095.39,0.00,20,1767.76,0,0,0,0,0,20,0,0,0,0,0.01,0,0.00,3,20,0,358.87,3866.47,1232.63,4440.39,0,16222.45,0,85.61,0,0,0,0,12.68,0,2254.07,0.00,27.82,321.58,0,0,0.00,0,0,0,20,0,0,2.53,0,1331.08,0.00,0,0,0,0,0.00,4667.94,0.00,0.00,0,20,20,0,0,2285.69,2936.17,0,4710.65,0,0,9.63,152.34,57.75,0,0,0,0,1540.97,3969.56,20,0.00,220.16,3,481.05
CG65,20,5.840580155,3744.50,0,0,0,163.78,196.26,0,14.83,0,12.71,3162.119542,0,0,0,0,0,0,0,0,0,0,6.32455532,0,0,20,0,322.16,401.05,135.27,0,0,848.46,0,20,0,1,0,0,3,0,0.85,0,0,20,0,1470.24,0,6.32455532,20,0,91.07,0,137.66,0,616.76,0,0,0,0,872.03,1341.52,0.00,4.82,4796.18,0,0,0,0,0,3,0,0,1973.52,306.20,0.00,984.30,0,12.29725579,0,1,29.38,0,99.94998749,0,1.50,0.56,0,55.57,0,0,23.74,574.22,4104.92,0.00,20,953.59,20,0,0,0,0,20,0,3,0,0,0.00,0,0.00,20,20,0,2087.40,3943.78,728.15,4504.57,0,13739.99,0,34.53,0,0,20,0,23.39,0,2276.85,0.00,42.74,75.01,0,0,0.00,0,0,0,6.32455532,0,0,9.80,0,2327.47,0.00,0,14.14213562,0,0,6.96,4217.71,0.00,55.79,0,99.94998749,20,0,0,1211.26,3394.12,20,3920.96,0,0,0.69,145.85,16.91,0,0,0,0,1627.80,3888.39,20,0.00,278.48,8.144301976,284.47
CG66,4.705080365,20,2520.77,0,0,0,102.94,252.83,0,24.66,0,55.95,590.7866144,0,0,0,0,0,0,3,3,0,0,2,0,0,73.39730808,0,973.96,943.80,12.97,0,0,667.44,0,0,0,0,0,0,3,0,0.21,0,0,278.4895475,6.32455532,1400.88,0,6.184859059,20,20,10.20,0,114.24,0,288.04,0,0,3,0,1557.96,899.25,0.00,143.40,5075.06,0,0,0,0,3,0,3,0,1903.95,74.61,0.00,1177.52,0,6,0,0,32.47,0,316.2119542,16.38452182,135.16,11.98,0,34.07,0,0,101.62,602.35,2885.50,0.00,20,354.68,0,0,0,3,18.42932446,20,0,0,0,2.198329607,0.02,0,27.52,20,3,0,2369.74,2476.94,1932.77,4083.41,0,3095.46,0,33.60,0,1,20,0,418.21,0,2108.59,25.26,39.61,100.82,0,0,68.60,0,0,0,20,0,20,102.62,0,2990.63,29.49,0,0,0,0,105.60,3965.21,53.03,4.03,0,20,6.32455532,0,0,325.90,3202.03,6.32455532,3127.84,0,0,25.14,138.93,538.60,0,8.215234361,0,0,1308.99,3813.44,99.94998749,45.87,314.23,0,35.22
CG67,3,3,1891.32,0,0,0,210.66,410.33,0,16.84,0,130.68,590.7866144,0,1,0,0,0,0,0,0,0,0,2,0,0,73.39730808,0,588.12,1122.68,77.37,0,0,232.69,0,6.32455532,0,0,0,0,1,0,1.72,0,0,278.4895475,0,1303.21,0,6.32455532,20,20,13.96,0,105.15,0,22.69,0,0,6.014896852,0,2223.55,995.12,0.00,65.56,4208.80,0,0,0,0,2,3,3,0,1740.51,71.70,0.00,1165.94,1,9.797958971,0,2.257319217,80.52,0,99.94998749,20,78.97,77.58,0,61.85,0,0,62.85,435.53,3491.80,0.00,20,514.07,1,2.704163457,0,20,3,20,0,3,0,1,0.11,0,31.88,20,20.09302478,0,2087.83,2995.66,730.29,4201.60,0,6388.41,0,218.16,11.57271299,1,316.0696126,0,920.24,0,1566.77,45.00,246.52,86.78,0,0,90.21,0,0,0,20,20,99.94998749,100.60,0,983.50,16.44,0,0,0,0,48.18,3236.58,0.00,37.25,0,154.4664933,20,0,279.4275177,740.86,3080.21,20,2223.47,6.32455532,0,73.73,146.45,163.85,0,8.215234361,0,0,1137.05,3911.99,20,36.36,257.56,0,56.52
CG68,0,3,3593.96,0,0,0,307.79,85.99,0,5.50,0,88.52,20,0,0,0,0,0,0,0,0,0,0,3,0,0,20,0,742.21,2342.54,351.02,0,0,1036.42,0,20,0,0,0,0,3,0,0.08,0,0,20,0,1373.15,0,3,20,0,7.54,0,139.64,0,262.79,0,0,0,0,2366.18,953.73,0.00,17.65,4836.10,0,0,0,0,0,0,3,0,1726.94,16.30,0.00,1263.78,0,0,0,3,37.36,0,316.0696126,6.32455532,689.72,0.05,0,56.38,0,0,11.25,326.07,3736.88,139.70,3,414.62,3.718489007,0,0,0,3,20,0,0,0,3,0.00,0,7.66,20,20,0,2703.14,4340.68,1783.98,4444.40,0,13805.81,0,382.09,0,0,58.44102453,0,639.91,0,1706.90,532.38,269.96,15.34,0,0,30.38,0,0,0,20,0,0,64.20,0,1657.13,32.96,0,0,0,0,69.07,3738.79,216.00,611.24,0,3,20,0,279.4275177,1315.39,3647.81,0,2183.06,0,0,128.62,37.99,58.19,0,8.215234361,0,0,2133.35,3967.47,316.0696126,24.17,379.45,0,174.11
CG69,3,5,2215.05,3.482017295,0,0,321.82,58.53,0,2.47,0,351.97,20,0,0,0,0,0,0,0,0,0,0,3,0,0,6.32455532,0,904.71,1663.62,133.60,3,0,1162.22,0,0,0,0,0,0,2.83541522,0,0.00,0,3.464101615,0,0,1227.90,0,6.32455532,6.32455532,0,12.65,0,143.84,0,549.08,0,0,6.014896852,0,2694.49,874.14,44.52,13.10,5217.40,0,0,0,0,3,0,20,0,1894.36,9.52,0.00,857.00,0,0,0,2.257319217,93.49,0,316.0696126,3,1341.20,0.00,0,51.68,0,0,886.55,554.59,1844.03,0.00,72.18692395,239.16,3,2.704163457,0,0,0,20,0,0,0,3,0.00,0,22.01,6.32455532,6.32455532,0,3941.77,2661.56,2344.27,3560.02,0,10222.48,0,80.82,0,3,6.32455532,0,820.73,0,1532.98,787.73,109.02,9.34,0,0,1154.06,0,0,0,20,0,0,197.84,0,2623.87,278.52,0,0,0,6.925205954,499.15,3300.53,68.33,204.92,0,154.4664933,6.32455532,0,99.94998749,438.80,3164.10,20,2078.48,20,0,114.43,2.36,0.00,0,8.215234361,0,0,1667.21,3857.39,20,39.18,886.68,0,147.06
CG70,0,5.840580155,1873.08,0,0,0,157.17,284.24,0,8.83,0,0.39,3162.119542,0,0,0,0,0,0,2.449489743,0,0,0,2.449489743,0,0,316.0696126,0,535.49,2404.61,65.23,0,0,848.64,0,20,0,0,0,0,2.83541522,0,41.17,0,0,20,1.414213562,1373.80,0,1.414213562,20,0,25.53,0,122.89,0,12.16,0,0,0,0,1019.33,1144.46,0.00,80.78,3791.54,0,0,0,0,0,0,0,0,680.22,582.53,0.00,1397.50,0,0,0,1,1394.40,0,999.9499987,0,0.00,21.63,0,135.01,0,0,20.29,290.61,4742.01,0.00,316.0696126,1778.67,0,0,0,0,20,20,0,4.472135955,0,0,3.82,0,0.00,316.0696126,0,0,1325.36,3594.07,1368.18,3972.72,0,20513.08,0,110.30,0,0,0,0,0.00,0,1915.93,0.00,29.23,434.49,0,0,0.00,0,0,0,99.94998749,0,0,0.00,0,451.21,0.00,1.414213562,0,0,0,0.00,5325.87,0.00,4.55,0,20,0,0,20,1895.90,1960.27,20,2267.72,2.449489743,0,15.44,1668.06,50.81,0,0,0,0,1132.79,4059.19,316.0696126,0.00,272.39,3,84.32
CG71,0,0,474.47,0,0,0,1553.05,644.99,0,50.58,0,0.00,316.0696126,0,0,0,0,0,0,0,0,0,0,3,0,0,73.39730808,0,1184.51,2154.75,238.19,0,0,205.41,0,69.67297166,0,0,0,0,2.83541522,0,4.30,0,0,316.0696126,26.69030188,1202.44,0,6.184859059,3,0,185.12,0,106.60,0,24.94,0,0,0,0,973.39,1249.73,0.00,298.77,1448.77,0,0,0,0,0,0,10.12173988,0,415.88,871.75,0.00,840.37,0,0,0,0,1245.99,0,316.0696126,3,0.00,156.65,0,139.75,0,0,0.00,448.71,4386.94,158.61,20,3098.76,0,0,0,7.108617267,18.42932446,118.7456423,0,32.12401964,0,0,18.80,0,0.00,59.38087577,20.09302478,0,99.74,2386.86,109.21,3576.18,0,14473.42,0,172.09,0,0,58.44102453,0,0.00,0,1179.62,0.00,151.67,250.70,0,0,0.00,0,0,0,20,0,0,0.73,0,103.63,0.00,0,0,0,0,0.00,4262.99,0.00,0.00,0,20,0,0,279.4275177,5126.56,1984.31,56.73598759,3956.58,0,0,37.52,1370.74,620.89,0,0,0,0,810.59,3919.51,163.8555342,0.00,215.32,0,337.54
CG72,3,3,1099.80,0,0,0,763.18,497.37,0,43.29,0,0.94,99.94998749,0,0,0,0,0,0,6.32455532,0,0,20.28995068,3,3,0,73.39730808,0,1215.99,2344.23,704.75,0,0,177.51,0,3,0,0,0,0,3,0,3.89,0,0,99.94998749,3,1345.90,0,3,6.32455532,3,164.45,0,101.51,0,21.78,0,0,0,0,723.83,1301.02,0.00,149.35,2767.75,0,0,0,0,0,0,3,0,1321.70,567.79,0.00,992.00,0,0,0,0,898.63,0,99.94998749,3,0.00,66.22,0,184.96,0,0,3.35,730.94,4624.21,77.68,20,3155.79,0,0,0,0,0,20,0,20,0,0,0.27,0,0.00,3,20,0,32.00,2782.77,137.96,3870.91,0,17357.97,0,218.76,0,0,20,0,9.92,0,1724.39,0.00,572.68,142.35,0,0,0.00,0,0,0,20,0,0,2.89,0,71.75,0.00,0,0,0,0,0.00,4384.38,0.00,29.52,0,20,20,0,20,8172.42,1331.62,0,3374.21,20,0,37.76,601.23,44.17,0,0,0,0,1027.91,3775.53,20,0.00,313.05,3,452.37
CG73,4.705080365,5.840580155,2479.66,0,0,0,523.98,536.60,0,74.69,0,9.38,20,0,0,0,0,0,0,0,0,0,0,6.32455532,0,0,20,0,1367.48,1979.72,179.36,0,0,371.11,0,3,0,0,0,0,3,0,0.53,0,0,20,20,1333.57,0,6.32455532,20,0,165.16,0,125.21,0,354.25,0,0,0,0,2815.01,1830.64,0.00,192.64,3794.66,0,0,0,0,0,3.464101615,1.732050808,0,1631.05,395.51,0.00,996.32,0,0,0,1.414213562,601.57,0,20,0,1.81,66.86,0,159.82,0,0,0.00,1258.93,4518.59,0.00,20,2681.22,0,0,0,0,3,20,0,3,0,0,2.40,0,0.44,20,20,0,210.83,3500.87,421.09,4211.10,0,12598.22,0,133.31,0,0,0,0,98.20,0,2017.17,5.23,93.88,235.18,0,0,0.00,0,0,0,20,0,0,0.70,0,773.63,0.00,0,0,0,0,0.00,4778.04,0.00,0.00,0,20,20,0,0,4757.09,2708.83,0,4479.26,3,0,90.61,597.81,179.55,0,0,0,0,1263.21,3891.40,20,0.00,637.67,3,425.92
CG74,3,3,2009.29,0,0,0,1106.17,676.38,0,29.95,0,314.52,316.0696126,0,0,0,0,0,20,6.32455532,0,0,0,5.477225575,0,0,20,0,1315.80,1929.38,1154.47,0,0,721.87,0,20,0,0,0,0,3.464101615,0,0.55,0,0,316.0696126,3,1328.58,0,20,20,0,333.73,0,110.74,0,275.41,0,0,0,0,2376.38,1743.14,0.00,114.25,3649.82,0,0,0,0,0,4.898979486,3.872983346,0,1519.80,635.06,0.00,1181.33,0,0,0,2,443.33,0,531.2865308,3,34.77,36.45,0,103.83,0,0,71.33,1059.14,4207.19,0.00,20,2973.49,0,2.704163457,0,0,0,20,0,6.32455532,0,0,0.01,0,8.57,20,20,0,598.96,4089.09,486.89,4179.47,0,21422.14,0,262.46,0,0,20,0,251.59,0,1956.21,73.98,389.72,324.05,0,0,0.00,0,0,0,20,0,0,23.62,0,508.01,0.00,0,0,0,0,0.00,4504.10,112.43,7.04,0,20,20,0,20,6899.05,3190.50,0,4053.37,3,0,39.08,178.17,0.00,0,0,0,0,1109.85,3856.11,20,0.00,415.84,20,469.19
CG75,2.449489743,7.937253933,4211.21,0,0,0,681.13,62.97,0,11.93,0,70.75,316.0696126,0,0,0,0,0,0,6.92820323,1.414213562,0,0,4.472135955,0,0,20,0,451.12,1133.78,159.34,0,0,1136.83,0,3,0,0,0,0,1.414213562,0,0.10,0,0,316.0696126,20,1419.10,0,6.32455532,20,0,142.66,0,141.33,0,621.66,0,0,3,0,2501.40,1455.63,0.00,0.45,5625.07,0,0,0,0,0,1.414213562,1.414213562,0,1929.64,240.74,0.00,1364.97,0,0,0,1,40.09,0,999.9499987,3,20.41,0.51,0,38.38,0,0,54.68,1034.22,3693.00,0.00,20,1355.74,0,0,0,0,0,316.0696126,0,3,0,0,0.00,0,2.63,20,20,0,4111.07,4738.10,2037.18,4425.47,0,18469.41,0,52.35,0,0,316.0696126,3,261.31,0,2124.07,291.61,135.16,258.81,0,0,0.00,0,0,0,20,0,0,105.51,0,2846.19,2.16,0,0,0,0,12.72,3589.49,764.68,8.29,0,20,20,0,20,2356.64,3325.75,20,3685.10,3,0,1.16,101.26,0.00,0,0,0,0,1930.40,3941.05,20,0.00,530.74,3,441.75
CG76,2.828427125,4.242640687,1943.32,0,0,0,432.14,54.91,0,25.35,3,27.04,590.7866144,0,1,0,0,0,6.32455532,3,3,0,0,2.449489743,0,0,20,0,1187.90,36.15,0.00,0,0,715.29,0,0,0,0,0,0,2,0,0.00,0,0,3,20,1176.75,0,6.32455532,20,0,3.43,0,103.47,0,358.40,0,0,3,0,2794.73,803.86,0.00,27.23,4784.28,0,0,0,0,3.464101615,2,4.472135955,0,1936.34,2.28,0.00,661.80,1.414213562,1,0,1.414213562,6.96,0,316.2119542,6.32455532,131.68,0.00,0,7.79,0,0,2459.29,1121.25,609.93,0.00,20,155.86,0,0,0,6.32455532,0,99.94998749,0,0,0,1,0.00,0,243.05,3,20,0,4907.10,2354.89,2764.40,2431.70,0,1300.23,0,0.88,0,1,20,0,756.74,0,1453.25,312.49,0.00,2.30,0,0,1541.73,0,0,0,20,44.72135955,20,142.75,0,3354.44,1360.90,0,0,0,0,845.72,3108.51,122.54,0.00,0,3,20,0,20,124.76,1216.80,20,2067.23,0,0,19.89,36.25,284.06,0,7.071067812,0,0,1021.16,3334.87,20,133.88,818.08,8.144301976,7.65
CG77,3,3,1143.55,0,0,0,421.39,155.57,0,9.82,20,69.93,0,0,1,0,0,0,3,0,3,0,0,1.732050808,0,0,20,0,1059.81,368.50,0.00,20,0,550.27,0,0,0,0,0,0,2,0,0.00,0,0,3,0,1094.52,0,6.32455532,20,0,3.05,0,112.97,0,239.87,0,0,3,0,3363.79,185.99,0.00,96.65,4974.31,0,0,0,0,3,3,3,0,1778.44,0.00,0.00,700.30,1,3,0,3,3.46,0,20,20,411.47,6.02,0,8.88,0,0,3259.33,845.35,1030.50,0.00,72.18692395,154.50,0,0,0,3,3,20,0,20,0,2.198329607,0.00,0,235.47,3,20,0,4978.73,1291.48,2090.31,2092.73,0,326.20,0,3.71,0,0,0,0,688.42,0,1304.23,63.23,3.26,0.00,0,0,1665.99,0,0,0,20,6.32455532,31.60696126,222.07,0,2756.49,1423.40,0,0,0,3,1290.72,2042.52,212.87,0.00,0,0,20,0,0,21.04,965.81,20,1625.46,6.32455532,0,23.88,2.34,153.66,0,6.32455532,0,0,1273.72,3095.27,6.32455532,249.12,1224.63,0,0.00
CG78,0,3,2569.13,0,0,0,164.15,64.90,0,3.61,0,182.97,20,0,0,0,0,0,6.32455532,0,0,0,0,3,0,0,20,0,470.68,1236.16,334.24,0,0,1039.38,0,3,0,0,0,0,3,0,0.11,0,0,20,0,1310.03,0,3,20,0,3.68,0,137.41,0,438.82,0,0,1.414213562,0,2030.80,487.99,80.85,70.70,5411.65,0,0,0,0,0,2.878732364,3,0,1785.82,13.95,0.00,944.17,0,0,0,3,58.35,0,316.0696126,3,811.71,0.10,0,22.07,0,0,569.14,525.02,2489.48,90.48,0,385.00,0,0,0,7.108617267,0,20,3,3,0,0,0.00,0,22.83,20,20,0,4237.92,3370.52,1937.07,3763.82,0,6350.19,0,438.05,11.57271299,3,20,12.281368,413.13,0,1448.26,418.84,210.95,7.57,0,0,517.58,0,0,0,20,0,49.56767943,301.56,0,1944.37,130.40,0,0,0,0,269.80,3099.88,189.49,372.33,0,0,20,0,0,1239.74,2940.35,316.0696126,2177.36,0,0,12.93,2.65,42.24,0,8.215234361,0,0,1858.39,3858.12,20,47.66,610.58,8.144301976,93.62
CG79,4.705080365,3,857.29,2,0,0,144.97,27.01,0,1.38,20,353.83,999.9499987,0,2.247226522,0,0,0,0,0,0,0,0,3,0,0,20,0,486.59,1513.70,482.38,0,0,670.60,0,20,0,0,0,0,1.414213562,0,0.44,0,0,278.4895475,0,1217.01,0,20,20,0,3.30,0,128.01,0,389.18,0,0,3,0,1968.56,423.86,65.01,4.22,4714.31,0,0,0,0,3,0,3,2.645751311,1717.22,38.86,0.00,926.52,0,0,0,3,169.55,0,999.9499987,16.38452182,786.09,0.00,0,43.95,0,0,472.87,346.93,2495.06,0.00,20,304.07,0,0,0,3,3,3162.119542,20,32.12401964,0,1,0.00,0,7.10,20,20,0,3351.73,3167.48,1422.09,3372.93,0,7572.65,0,672.49,0,0,20,12.281368,660.43,0,1299.27,638.55,334.12,42.21,0,0,447.12,0,0,0,20,0,49.56767943,165.83,0,1308.76,167.07,0,0,3,0,396.06,2901.10,54.18,604.62,0,154.4664933,37.83230363,0,0,1808.58,2952.14,0,1810.46,25.87805688,0,140.14,14.75,0.00,0,8.215234361,0,0,1801.20,3725.32,163.8555342,79.76,624.52,3,88.23
CG80,20,5.840580155,996.91,0,0,0,45.19,368.07,0,9.19,0,0.00,316.2119542,0,0,0,0,0,0,2.449489743,3.180086824,0,0,3,0,0,73.39730808,0,509.78,2384.24,1253.93,0,0,752.07,0,6.32455532,0,0,0,0,1,0,112.44,0,0,999.9499987,26.69030188,1323.96,0,6.184859059,20,20,18.83,0,59.18,0,0.00,0,0,0,0,532.33,1621.63,0.00,46.57,1807.26,0,0,0,0,2.635025498,0,6.32455532,0,165.39,1022.96,0.00,908.32,0,0,0,0,1276.19,0,999.9499987,16.38452182,0.00,16.68,0,160.27,0,0,13.11,410.50,4640.55,0.00,31.60696126,1592.70,0,0,0,0,18.42932446,20,0,20,22.35446761,0,10.65,0,0.00,20,3,0,299.46,2688.95,557.57,3583.25,0,27866.41,0,408.44,0,0,58.44102453,0,4.31,0,1410.45,0.00,1020.73,304.82,0,0,0.00,0,0,0,20,0,0,0.00,0,575.20,0.00,0,3,0,0,0.00,5274.35,0.00,233.93,0,3,37.83230363,0,20,6295.54,2363.32,0,1723.13,0,0,10.81,3952.60,154.20,0,0,0,0,957.08,3958.80,20,0.00,170.83,8.144301976,240.54
CG81,3,0,789.97,0,0,0,234.13,495.11,0,95.83,0,2.25,31.60696126,0,0,0,0,0,0,99.94998749,0,0,0,3.464101615,0,0,316.0696126,0,1424.06,2154.48,25.42,0,0,113.55,0,69.67297166,0,0,0,0,1,0,3.02,0,0,0,3,1176.11,0,6.184859059,6.32455532,20.4362039,37.64,0,121.21,0,6.77,0,0,0,0,1983.98,1358.79,0.00,786.50,2299.59,0,0,0,0,0,3,3,0,519.80,402.63,0.00,498.44,0,0,0,0,1106.10,0,316.0696126,0,0.00,148.15,0,160.17,0,0,12.53,616.50,4396.84,0.00,99.94998749,1994.84,0,0,0,3,3,3,0,20,0,0,48.89,0,0.00,31.60696126,20,0,71.72,1291.19,399.10,3577.79,0,7722.91,0,91.48,0,0,58.44102453,0,0.00,0,1252.55,0.00,59.66,239.19,0,0,0.00,0,0,0,0,0,0,0.00,0,163.54,0.00,0,0,0,0,0.00,4750.37,0.00,0.00,0,31.60696126,6.32455532,0,316.0696126,3528.81,1583.54,0,3545.40,6.32455532,0,29.63,1705.13,1576.78,0,0,0,0,712.19,4033.09,6.32455532,0.00,141.48,20,28.98
CG82,3,3,1843.34,0,0,0,299.75,361.75,0,49.32,0,2.33,316.0696126,0,0,0,0,0,20,20,3,0,0,20,0,0,316.0696126,0,427.50,2194.55,473.86,0,0,661.74,0,20,0,0,0,0,3,0,5.52,0,0,20,20,1358.30,0,3,20,0,62.45,0,125.60,0,88.05,0,0,0,0,1950.22,1805.93,0.00,88.04,4263.52,0,0,0,0,0,3,20,0,1445.34,371.02,0.00,1257.90,0,0,0,1,760.27,0,3162.119542,20,1.13,59.44,0,120.52,0,0,326.15,1120.71,4473.78,0.00,316.0696126,2011.60,0,0,0,7.108617267,0,316.0696126,0,20,0,0,0.28,0,0.00,20,20,0,473.93,2677.31,1217.14,4106.36,0,19063.97,0,116.64,0,0,0,0,117.46,0,1861.61,0.00,74.69,110.26,0,0,0.00,0,0,0,20,0,0,2.22,0,828.73,0.00,0,0,0,0,0.00,4999.81,0.00,8.76,0,316.0696126,99.94998749,0,0,6022.34,1884.22,0,3547.37,0,0,33.27,829.18,263.51,0,0,0,0,1602.00,3991.87,0,0.00,430.45,3,277.03
CG83,0,3,2069.37,0,0,0,447.94,467.71,0,53.72,0,4.97,20,0,0,0,0,0,0,0,3,0,0,3,0,0,20,0,561.57,1819.90,76.49,0,0,555.70,0,20,0,0,0,0,3,0,1.60,0,0,20,20,1295.80,0,3,20,0,117.81,0,107.62,0,232.53,0,0,0,0,2384.75,1834.02,0.00,209.94,3645.90,0,0,0,0,0,3,3,0,1327.70,478.72,0.00,1092.79,0,0,0,3,700.31,0,316.0696126,0,0.00,68.52,0,180.31,0,0,642.09,1320.80,4718.32,0.00,3,2292.26,0,0,0,0,0,3,0,20,0,0,0.41,0,0.00,20,20,0,427.08,2382.71,1303.34,4136.69,0,14695.80,0,139.77,0,0,20,0,111.82,0,1853.48,28.19,27.47,166.68,0,0,0.00,0,0,0,3,0,0,0.67,0,1022.67,0.00,0,0,0,0,0.00,4984.74,0.00,0.00,0,20,20,0,0,4431.01,2724.93,20,4266.62,0,0,38.75,1195.88,408.63,0,0,0,0,1500.06,3950.85,20,0.00,417.14,3,401.93
CG84,20,20,3335.33,0,0,0,635.79,357.86,0,23.14,0,11.96,316.0696126,0,0,0,0,0,0,3,3,0,0,3,0,0,20,0,739.84,1991.62,1185.20,0,0,1001.92,0,20,0,0,0,0,3,0,2.08,0,0,20,20,1408.95,0,20,20,0,246.79,0,129.56,0,331.86,0,0,3,0,3006.00,1765.13,0.00,88.76,4389.15,0,0,0,0,0,3,3,0,1605.46,721.30,0.00,1447.77,0,12.29725579,0,0,402.23,0,3162.119542,20,1.04,41.99,0,133.90,0,0,445.98,1312.69,4561.83,0.00,316.0696126,2268.62,0,2.704163457,0,0,3,316.0696126,0,316.0696126,0,0,0.14,0,0.00,316.0696126,20,0,1512.67,3948.14,1877.28,4330.41,0,24083.03,0,538.36,0,0,316.0696126,0,436.79,0,2049.49,524.35,149.45,423.17,0,0,0.00,0,0,0,316.0696126,0,0,23.93,0,1809.08,0.00,0,0,0,0,0.00,5266.10,32.45,20.10,0,316.0696126,20,0,316.0696126,5890.47,3380.56,316.0696126,4286.10,20,0,21.17,417.89,0.00,0,0,0,0,1800.10,3888.22,316.0696126,0.00,741.35,20,637.94
CG85,20,20,4672.13,0,0,0,139.80,32.26,0,2.18,0,9.17,99.94998749,0,0,0,0,0,0,0,3,0,0,6.32455532,0,0,316.0696126,0,655.51,595.31,272.71,11.78203406,0,1439.14,0,20,0,0,0,0,3,0,0.00,0,0,20,20,1375.76,0,20,20,0,74.01,0,151.24,0,611.09,0,0,3,0,3707.02,1114.78,0.00,1.63,5913.21,0,0,0,0,0,3,3,0,1984.82,181.75,0.00,1371.15,0,12.29725579,0,3,33.86,3.066526022,99.94998749,20,22.04,4.24,0,23.97,0,0,2060.17,780.27,3443.68,0.00,20,577.17,0,0,0,0,3,99.94998749,0,20,0,0,0.00,0,0.00,99.94998749,20,0,5434.20,4638.05,3463.78,4440.87,0,8106.43,0,34.46,0,0,20,0,402.37,0,2283.04,1032.55,7.61,361.87,0,0,0.00,0,0,0,99.94998749,0,0,151.08,0,3759.78,11.40,0,0,0,0,38.78,4220.02,244.97,0.00,0,99.94998749,20,0,316.0696126,1533.74,3645.73,316.0696126,4607.72,3,0,0.38,93.96,12.94,0,0,0,0,2614.33,3989.86,99.94998749,0.00,739.71,20,301.08
CG86,3,3,2843.65,0,0,0,34.02,12.28,0,5.26,0,17.91,20,0,0,0,0,0,3,0,3,0,0,3,0,0,20,0,764.38,258.61,33.01,11.78203406,0,1205.96,0,3,0,0,0,0,3,0,0.00,0,0,20,3,1112.09,0,20,20,0,3.60,0,116.43,0,456.57,0,0,3,0,3407.74,1112.93,0.00,6.12,5614.88,0,0,0,0,1,3,3,0,1860.51,5.35,0.00,984.55,0,12.29725579,0,1,3.96,0,316.0696126,16.38452182,161.99,0.00,0,3.77,0,0,1080.50,877.78,1952.71,0.00,3,166.48,0,0,0,0,0,20,0,3,0,1,0.00,0,46.83,20,3,0,5665.07,4077.94,2946.53,3444.44,0,3535.98,0,5.34,0,0,20,0,469.10,0,1846.38,405.14,20.42,55.75,0,0,405.90,0,0,0,20,0,316.0696126,333.78,0,3155.07,126.23,0,0,0,0,208.97,3598.23,261.52,0.00,0,0,20,0,0,455.44,2153.87,0,2669.69,0,0,4.38,7.67,72.22,0,3,0,0,1649.19,3892.28,20,35.27,840.42,0,6.56
CG87,0,5.840580155,365.18,3,0,0,74.13,5.83,0,6.05,3,22.78,590.7866144,0,2.247226522,0,0,0,0,32.35282205,3,0,0,4.981287692,0,0,3,0,422.67,66.97,0.00,11.78203406,0,875.84,0,0,0,0,0,0,2.83541522,0,0.00,0,0,278.4895475,0,1143.88,0,6.184859059,3,0,0.00,0,69.69,0,482.06,0,0,3,0,2697.79,132.53,0.00,23.05,5442.68,0,0,0,0,2.449489743,2.878732364,3,2.645751311,1978.83,0.00,0.00,333.58,2.093504511,12.29725579,0,0,3.58,0,531.2865308,3,418.79,0.40,0,1.10,0,0,5532.21,494.50,164.05,0.00,0,78.34,0,0,0,3,0,118.7456423,0,0,0,0,0.00,0,93.87,0,3,0,5899.19,667.84,3332.79,723.47,0,619.17,0,9.09,0,0,0,0,569.60,0,590.55,238.77,5.63,50.71,0,34.99659847,2578.21,0,0,0,20,20,49.56767943,451.32,0,2647.04,3483.25,0,0,0,20,1721.78,1408.16,15.99,0.00,0,0,20,0,0,71.71,162.29,56.73598759,456.27,25.87805688,0,7.52,0.00,36.30,0,3,0,0,1104.06,3369.17,163.8555342,280.36,1476.17,0,0.00
CG88,0,0,896.41,2,0,0,273.19,33.16,0,8.75,20,182.59,590.7866144,0,3,0,0,0,0,0,0,0,0,3,0,0,20,0,339.29,170.17,0.00,0,0,738.42,0,0,0,0,0,0,3,0,0.00,0,0,0,0,864.48,0,20,20,0,2.74,0,78.68,0,316.45,0,0,3,0,2276.59,127.64,241.74,217.65,4376.06,0,0,0,0,0,2.878732364,3,0,1663.91,5.77,0.00,662.56,3,0,0,3,0.00,0,20,3,770.27,0.10,0,1.16,0,0,1559.01,426.57,686.84,0.00,0,169.51,0,0,0,20,3,20,0,3,0,0,0.00,0,184.29,3,3,0,4491.57,1424.97,2377.71,1878.18,77.80607124,810.87,0,14.05,11.57271299,0,58.44102453,0,769.08,0,936.81,155.11,5.70,5.04,0,20,2057.17,0,0,0,20,20,20,278.61,0,1956.47,1031.56,0,0,0,0,1135.53,1820.81,77.37,0.00,0,0,20,0,0,66.29,1531.31,0,875.59,0,0,12.33,0.00,146.35,0,6,0,2.814249456,1395.30,2667.07,20,232.10,919.28,0,0.00
CG89,0,0,1199.55,3,0,0,471.83,11.56,0,2.54,48.95519325,350.71,590.7866144,0,0,0,0,0,0,32.35282205,0,0,0,4.981287692,0,0,73.39730808,0,367.86,427.59,63.97,0,0,618.92,0,0,0,0,0,0,2.83541522,0,0.00,0,0,278.4895475,0,932.57,0,6.184859059,14.14468365,0,0.70,0,92.62,0,490.30,0,3.923088707,0,0,2277.57,153.44,261.58,11.40,4779.90,0,0,0,0,0,0,10.12173988,0,1838.72,0.00,0.00,865.69,3,12.29725579,0,0,26.58,0,531.2865308,16.38452182,609.67,0.00,0,4.77,0,0,3352.19,476.91,1136.44,0.00,0,130.66,0,0,0,0,18.42932446,118.7456423,0,32.12401964,0,2.198329607,0.00,0,214.71,59.38087577,20.09302478,0,4767.99,1758.92,2538.59,2037.92,0,2720.13,0,26.33,11.57271299,0,58.44102453,0,773.01,0,934.13,196.13,35.54,31.82,0,0,1756.80,0,0,0,65.4927168,16.45605217,49.56767943,256.31,0,1307.63,1328.02,0,0,30.54178746,0,1852.89,1819.28,35.32,0.00,0,0,37.83230363,0,0,457.69,1730.67,56.73598759,911.09,0,0,19.61,4.69,13.69,0,8.215234361,0,0,1385.41,2769.62,163.8555342,284.63,1137.64,0,0.00
CG90,0,1,2134.30,0,0,0,5.47,77.88,0,30.41,0,0.00,999.9499987,0,0,0,0,0,0,20,3.180086824,0,0,2,0,0,20,0,648.05,3462.20,865.96,0,0,1004.92,0,20,0,0,0,0,1.414213562,0,49.04,0,0,99.94998749,20,1312.73,0,6.32455532,3,0,0.00,0,110.42,0,0.00,0,0,0,0,799.30,1208.25,0.00,47.95,3738.32,0,0,0,0,2.449489743,0,2,0,464.88,169.51,0.00,1092.57,0,0,0,0,1477.24,1,316.2119542,6.32455532,0.00,21.29,0,75.32,0,0,32.33,334.85,4217.90,0.00,99.94998749,425.55,0,0,0,0,99.94998749,20,0,32.12401964,22.35446761,0,0.02,0,0.00,20,0,0,1710.64,2786.18,2259.09,3819.37,0,17349.39,0,246.00,0,0,20,0,24.16,0,1917.29,28.75,566.96,185.74,0,0,0.00,0,0,0,99.94998749,0,0,0.00,0,1672.81,0.00,0,0,0,0,0.00,5263.94,34.42,89.19,0,20,20,0,316.0696126,2744.00,2899.11,20,2794.11,0,0,7.43,4767.31,347.23,0,0,0,0,2152.95,4111.59,20,0.00,166.52,0,189.00
CG91,0,2.449489743,1137.51,0,0,0,24.70,315.28,0,65.10,0,0.65,316.0696126,0,0,0,0,0,0,3.464101615,0,0,0,1.414213562,0,0,20,20,531.15,2233.24,175.40,0,0,306.76,0,20,0,0,0,0,1,0,15.96,0,0,316.0696126,20,1326.23,0,1,20,0,0.81,0,112.22,0,0.00,0,0,0,0,908.51,1543.23,0.00,95.45,2829.06,0,0,0,0,0,0,0,0,379.08,456.19,0.00,804.65,0,0,0,0,1259.02,0,316.0696126,20,0.00,66.12,0,169.42,0,0,54.03,813.79,3943.83,0.00,316.0696126,1233.50,0,0,0,0,1,20,0,20,0,0,0.89,0,0.00,3.16227766,0,0,286.39,2150.23,1380.98,3937.38,0,12930.27,0,433.34,0,0,20,0,0.00,0,1643.82,25.39,287.26,209.81,0,0,0.00,0,0,0,0,0,0,0.00,0,507.26,0.00,0,0,0,0,0.00,5443.16,0.00,8.81,0,20,1,0,0,2797.66,2031.23,56.73598759,1683.71,0,0,21.24,3607.45,322.48,0,0,0,0,1357.98,4048.45,163.8555342,0.00,187.16,2,146.28
CG92,0,0,657.14,0,0,0,44.86,413.97,0,45.32,0,0.00,316.0696126,0,0,0,0,0,0,20,3,0,0,3,0,0,316.0696126,0,437.52,1982.61,188.94,0,0,0.00,0,20,0,0,0,0,0,3.140721956,74.25,0,0,20,0,1301.67,0,0,20,0,11.44,0,71.04,0,0.00,0,0,0,0,1093.77,1758.19,0.00,151.78,1265.24,0,0,0,0,0,3,3,0,268.88,799.57,0.00,532.65,0,0,0,0,825.52,0,20,20,0.46,111.48,0,217.91,0,0,13.66,878.84,3640.22,0.00,20,1931.97,0,0,0,0,0,20,0,20,0,0,10.64,0,0.00,20,20,0,22.61,1627.66,217.01,3931.44,0,23868.11,0,664.72,0,0,20,0,7.36,0,658.42,5.00,294.57,171.61,0,0,0.00,0,0,0,0,0,0,0.00,0,150.56,0.00,0,0,0,0,0.00,5517.60,0.00,72.21,0,20,3,0,316.0696126,4832.16,1431.42,0,2369.37,0,0,44.44,2522.08,759.51,0,0,0,0,993.43,3893.03,20,0.00,148.24,0,303.17
CG93,0,0,3427.89,0,0,0,2.49,205.62,0,25.08,0,0.00,316.0696126,0,0,0,0,0,0,3,3,0,0,20,0,0,316.0696126,0,447.43,1437.98,436.76,0,0,816.07,0,316.0696126,0,0,0,0,3,0,30.72,0,0,0,20,1385.26,0,3,20,0,3.52,0,127.46,0,28.40,0,0,0,0,2387.13,1622.52,0.00,65.58,4469.80,0,0,0,0,3,0,3,0,950.95,280.17,0.00,1391.44,0,0,0,3,1168.62,0,316.0696126,3,0.00,104.29,0,106.74,0,0,945.55,917.38,4880.49,0.00,20,693.18,0,0,0,0,20,316.0696126,0,20,0,0,8.50,0,0.00,316.0696126,20,0,461.50,2774.29,2521.86,4244.94,0,16521.13,0,210.18,0,0,20,0,4.22,0,1844.99,0.00,59.59,400.97,0,0,0.00,0,0,0,20,0,0,0.00,0,1590.15,0.00,0,0,0,0,0.00,5519.29,0.00,68.47,0,316.0696126,316.0696126,0,0,3265.65,3226.91,0,3995.10,0,0,19.87,4258.90,703.68,0,0,0,0,2311.16,4010.74,20,0.00,329.01,3,114.26
CG94,3,3,3051.17,0,0,0,194.22,520.16,0,31.41,0,6.00,316.0696126,0,0,0,0,0,3,3,3,0,0,3.872983346,0,0,316.0696126,0,807.72,1293.08,93.53,0,0,456.54,0,20,0,0,0,0,1,0,3.04,1,0,20,20,1402.15,0,3,20,0,97.85,0,125.93,0,191.52,0,0,0,0,2335.53,1634.06,0.00,86.17,4081.78,0,0,0,0,0,5.196152423,0,0,1348.04,511.02,0.00,1310.16,0,0,0,1,572.96,0,316.0696126,20,14.22,226.99,0,86.55,0,0,112.28,1184.73,4820.35,0.00,20,1587.52,0,0,0,3,6.708203932,316.0696126,0,3,0,0,0.26,0,0.00,20,20,0,649.20,2730.54,1957.42,4348.74,0,18264.47,0,225.04,0,0,4.242640687,0,159.68,0,1663.55,52.20,125.27,264.65,0,0,0.00,0,0,0,20,0,0,7.91,0,987.86,0.00,0,0,0,0,0.00,5216.84,0.00,92.10,0,316.0696126,20,0,0,4927.42,2975.59,3,4905.80,0,0,16.45,1828.62,535.93,0,0,0,0,1733.78,3943.51,20,0.00,282.62,0,329.67
CG95,3,3,2632.29,0,0,0,323.57,383.97,0,19.72,0,200.76,20,0,0,0,0,0,3,32.35282205,3,0,0,5.916079783,0,0,316.0696126,0,922.26,245.46,317.20,0,0,1069.35,0,3,0,0,0,0,1,0,0.63,0,0,278.4895475,20,1397.20,0,5.291502622,20,0,115.70,0,118.87,0,241.34,0,0,1.629643429,0,2529.78,1280.37,0.00,300.39,5153.46,0,0,0,0,1.414213562,4.242640687,3,0,1651.40,253.17,0.00,1272.27,0,6.32455532,0,1,221.82,0,316.0696126,20,225.43,83.68,0,43.92,0,0,140.81,1048.05,2988.11,0.00,20,1368.18,0,0,0,3,0,316.0696126,0,3,0,1,0.03,0,15.66,20,20,0,3070.35,3620.44,2179.59,4263.69,0,14479.78,0,131.38,0,0,20,4.242640687,358.56,0,1902.00,573.98,39.87,295.68,0,0,0.00,0,0,0,20,0,0,289.81,0,2667.76,8.14,0,0,0,0,55.98,4257.38,18.19,0.00,0,20,20,0,0,4068.13,3190.24,20,3567.30,0,0,13.06,226.40,295.52,0,0,0,0,1968.58,3949.05,20,1.38,580.13,3,307.31
CG96,3,20,2584.48,1,0,0,57.06,0.00,0,0.00,48.95519325,274.49,0,0,2.247226522,0,0,0,5.449031295,0,0,0,0,3.872983346,0,0,20,0,109.18,15.04,0.00,3,0,1303.12,0,0,0,0,0,0,2,0,0.00,0,0,0,0,1143.78,0,20,20,0,0.69,0,103.77,0,579.33,0,0,6.32455532,0,2269.14,543.17,0.00,0.52,5891.23,0,0,0,0,2,1.732050808,3.464101615,0,1927.20,0.00,0.00,903.27,1,2.449489743,0,1.007905261,0.00,0,20,1,182.72,0.00,0,0.42,0,0,2627.88,464.08,122.91,0.00,0,118.70,0,0,0,0,2.529822128,20,0,1,0,1,0.00,0,24.36,0,0,0,6201.94,2496.63,3476.75,2677.50,0,1094.35,0,0.95,0,2.828427125,0,0,559.65,0,1502.84,1025.94,0.00,47.89,0,0,1075.85,0,0,0,20,1.414213562,49.56767943,1320.06,0,3566.84,1261.04,0,0,0,3,1084.84,1858.13,49.14,0.00,0,0,20,0,0,106.28,2262.92,316.0696126,568.24,1,0,1.13,0.00,0.00,0,8.774964387,0,0,1816.45,3979.29,163.8555342,149.06,983.09,0,0.00
CG97,3,5.840580155,1359.83,3.482017295,0,0,153.70,20.17,0,4.97,20,139.90,20,0,2.247226522,0,0,0,3,0,0,0,0,4.981287692,0,0,20,0,272.08,0.00,0.00,0,0,727.84,0,0,0,0,0,0,2.83541522,0,0.00,0,0,3,0,886.00,0,6.32455532,6.32455532,0,0.00,0,76.87,0,303.81,0,0,3,0,3186.34,120.33,0.00,31.75,5256.89,0,0,0,0,2.635025498,0,3,0,1896.76,0.00,0.00,577.54,2.093504511,12.29725579,0,0,0.00,0,99.94998749,3,374.42,0.32,0,0.69,0,0,3323.10,385.98,0.00,0.00,0,114.98,0,0,0,7.108617267,0,6.32455532,0,6.32455532,0,0,0.00,0,169.04,0,0,0,5819.79,899.73,2781.67,1116.88,0,373.02,0,7.23,0,0,0,12.281368,669.01,0,779.52,927.86,9.93,84.83,0,3,2021.21,0,0,0,20,20,20,986.80,0,1655.29,2003.73,0,0,0,6.32455532,1518.55,1144.46,16.13,0.00,0,0,20,0,0,176.81,988.65,20,357.98,25.87805688,0,4.64,0.00,0.00,0,20,0,3.872983346,1268.04,3707.01,163.8555342,187.12,1115.27,0,0.00
CG98,0,5.840580155,1008.76,3.464101615,0,0,195.63,22.10,0,7.75,20,140.01,590.7866144,0,1,0,0,0,0,0,0,0,0,4.981287692,0,0,0,0,319.51,362.31,0.00,0,0,679.70,0,0,0,0,0,0,0,0,0.00,3,0,20,0,941.86,0,20,20,0,4.45,0,78.20,0,298.11,0,0,7,0,2430.66,108.67,0.00,58.28,4682.97,0,0,0,0,1,0,10.12173988,0,1779.11,2.69,0.00,684.44,2.093504511,12.29725579,0,1,7.15,0,20,16.38452182,876.34,0.00,0,4.11,0,0,2731.60,302.16,337.87,0.00,6.32455532,181.97,0,2.704163457,0,7.108617267,0,20,0,32.12401964,0,0,0.00,0,215.51,59.38087577,3,0,4891.63,979.99,2398.37,1689.15,0,2273.39,0,29.86,0,2.926150761,20,0,570.38,0,589.77,871.57,9.17,59.23,0,6.32455532,1596.41,0,0,0,20,20,20,640.29,0,1875.32,1356.57,0,0,30.54178746,0,1410.22,1196.18,52.57,0.00,0,0,20,0,0,334.46,1513.58,99.94998749,310.48,0,0,9.27,0.00,21.35,0,7,0,3,1592.34,3030.45,20,224.42,1061.16,0,0.00
CG99,4.898979486,10.95445115,1207.44,5.196152423,0,0,486.65,90.74,0,8.55,20,475.62,316.0696126,0,2.247226522,0,0,0,0,3,1.414213562,0,0,2.828427125,0,0,20,0,668.67,1188.46,95.86,0,0,237.04,316.0696126,6.32455532,0,0,0,0,1,0,0.16,0,0,316.0696126,0,940.31,0,20,20,0,19.71,0,92.56,0,443.72,0,2,4.898979486,0,2476.43,391.47,205.62,64.96,4866.75,0,0,0,0,0,0,10.39230485,0,1920.85,12.30,0.00,712.50,0,12.29725579,0,1,71.34,0,316.0696126,20,1747.92,0.00,0,16.06,0,0,2771.12,454.77,1281.18,0.00,20,437.07,3.718489007,0,0,3,0,20,4,32.12401964,0,0,0.00,0,152.99,20,316.0696126,0,3448.81,2049.08,1475.82,2211.98,0,8436.47,0,144.00,20,0,58.44102453,0,807.82,0,517.43,535.51,120.14,164.24,0,20,1104.50,0,0,0,20,0,20,230.36,0,1393.56,1404.83,0,3,20,0,747.12,2133.87,0.00,43.12,0,20,37.83230363,0,0,2143.93,1787.30,56.73598759,342.82,20,0,18.72,0.00,49.71,0,8.215234361,0,0,1390.85,2932.48,163.8555342,221.04,1279.83,3,0.00
CH02,0,0,0.00,0,0,0,11.54,0.00,0,0.00,48.95519325,0.00,0,0,0,0,0,0,0,0,0,0,0,0,0,0,0,0,9.57,0.00,0.00,0,0,0.00,0,0,0,0,0,0,0,0,0.00,0,0,0,0,0.00,0,0,0,0,0.00,0,0.00,0,0.00,0,0,0,0,3.67,0.00,0.00,0.00,0.00,0,0,0,0,0,0,0,0,0.00,0.00,0.00,0.00,2.093504511,0,0,0,0.00,0,0,0,0.00,0.00,0,0.00,0,0,0.00,0.00,0.00,0.00,0,0.00,0,0,0,0,0,0,0,0,0,0,0.00,0,14.56,0,0,0,0.00,0.00,0.00,0.00,0,0.00,0,0.00,0,0,0,0,15.17,0,0.00,0.00,0.00,0.00,0,34.99659847,0.00,0,0,0,0,16.45605217,0,0.00,0,0.00,1.05,0,0,0,0,0.00,0.00,0.00,0.00,0,0,0,0,0,0.00,0.00,0,0.00,0,0,0.00,0.00,0.00,0,0,0,0,3.00,0.00,0,0.00,3.10,0,0.00
CH03,0,0,152.51,3.482017295,0,0,36.14,0.00,0,0.00,48.95519325,6.55,6.32455532,0,2.247226522,0,0,0,5.449031295,0,0,0,0,0,0,0,0,0,40.08,35.06,0.00,11.78203406,0,0.00,20,0,0,0,0,1.118033989,0,0,0.00,0,0,0,0,49.67,0,6.184859059,20,0,1.94,0,0.59,0,43.73,0,0,3,0,147.47,0.00,11.25,0.00,448.81,0,0,0,0,0,3,10.12173988,0,187.50,0.00,0.00,90.98,0,0,0,0,0.00,0,531.2865308,0,0.60,0.00,0,0.00,0,0,0.00,0.00,0.00,0.00,0,1.51,0,0,0,0,0,0,0,0,0,0,0.00,0,13.09,0,0,0,511.88,159.78,253.11,201.63,77.80607124,0.00,0,0.94,11.57271299,0,0,0,49.61,0,6.40,41.46,0.00,0.00,0,0,160.39,0,0,0,0,0,49.56767943,31.79,0,82.35,332.53,0,0,30.54178746,0,0.00,110.21,0.00,0.00,0,0,37.83230363,0,0,0.00,286.83,0,0.00,0,0,0.00,0.00,0.00,0,3,0,0,232.24,140.31,20,1.30,100.71,0,0.00
CH04,0,0,28.06,0,0,0,45.78,0.00,0,0.00,48.95519325,24.40,0,0,2.247226522,0,0,0,0,0,0,0,0,3,0,0,0,0,37.09,31.16,0.00,0,0,0.00,3,0,0,0,0,0,0,0,0.00,0,0,0,0,13.43,0,6.184859059,14.14468365,0,2.40,0,0.54,0,4.08,0,0,3,0,80.24,0.00,31.89,0.00,96.78,0,0,0,0,0,0,10.12173988,0,77.64,0.00,0.00,10.38,0,0,0,0,0.00,0,0,0,2.12,0.00,0,0.00,0,0,0.00,1.23,0.00,0.00,0,6.32,0,0,0,0,0,0,0,0,0,0,0.00,0,16.98,0,0,0,46.78,30.77,31.04,37.43,77.80607124,0.00,0,0.90,0,0,0,0,37.97,0,0.00,6.26,0.00,0.00,0,0,69.94,0,0,0,0,0,49.56767943,0.71,0,8.33,8.50,0,0,0,0,0.00,111.01,0.00,0.00,0,0,0,0,0,0.00,110.54,0,0.00,0,0,0.00,0.00,0.00,0,8.215234361,0,0,91.88,32.54,3,0.00,22.29,0,0.00
CH10,20,20,1983.09,0,0,0,217.71,5.73,0,2.40,20,8.53,20,0,2.247226522,0,0,0,5.449031295,0,3.180086824,0,0,20,0,0,73.39730808,0,443.46,1186.48,0.00,0,0,645.50,20,69.67297166,0,0,0,0,2.83541522,0,0.00,0,0,0,0,946.72,0,20,20,0,66.15,0,91.33,0,430.64,0,0,3,0,2580.41,476.57,381.40,59.36,3806.78,0,0,0,0,3,3,20,0,1312.62,0.00,0.00,854.55,3,12.29725579,0,0,0.00,0,316.0696126,16.38452182,233.04,0.00,0,0.00,0,0,245.50,91.34,1086.07,80.76,0,120.62,0,2.704163457,0,0,0,316.0696126,0,0,0,0,0.00,0,68.60,20,20,0,1651.55,2267.68,904.38,2555.34,20,7254.22,0,85.02,20,0,58.44102453,0,811.68,0,331.42,373.62,499.77,246.76,0,20,494.55,0,0,0,316.0696126,20,20,254.88,0,1749.38,526.42,0,0,30.54178746,0,45.87,1282.47,932.64,3.02,0,0,20,0,0,165.70,2010.55,20,49.24,20,0,7.61,0.00,0.00,0,3,0,0,1470.47,2903.11,316.0696126,45.72,684.61,0,22.11
CH11,4.705080365,5.840580155,20.92,0,0,0,256.03,0.00,0,0.75,48.95519325,16.60,0,0,2.247226522,0,0,0,0,0,0,0,0,4.981287692,0,0,0,0,131.47,18.22,0.00,11.78203406,0,39.69,35.96961681,0,0,0,0,0,2.83541522,0,0.00,0,0,0,0,312.77,0,6.184859059,14.14468365,0,7.47,0,7.77,0,101.94,0,0,6.014896852,0,436.89,0.00,148.04,13.16,1269.58,0,0,0,0,2.635025498,0,10.12173988,0,473.15,0.00,0.00,137.07,2.093504511,12.29725579,0,0,0.00,0,531.2865308,0,5.04,0.00,0,0.00,0,0,453.06,13.26,0.00,0.00,0,13.30,0,0,0,7.108617267,0,118.7456423,0,0,0,0,0.00,0,184.18,0,0,0,1472.05,155.87,632.66,42.08,77.80607124,0.00,0,2.87,11.57271299,0,0,0,569.49,0,53.35,28.44,9.36,125.52,0,34.99659847,1010.32,0,0,0,65.4927168,16.45605217,49.56767943,56.65,0,260.20,1621.26,0,0,30.54178746,0,418.76,348.67,0.00,0.00,0,0,37.83230363,0,0,0.00,194.66,56.73598759,0.00,0,0,0.00,0.00,0.00,0,8.215234361,0,0,349.08,499.37,163.8555342,50.90,625.82,0,0.00
CH12,3,3,251.47,3.482017295,0,0,483.20,0.00,0,0.00,20,228.92,20,0,1,0,0,0,0,0,0,0,0,3,0,0,0,0,444.57,18.56,0.00,0,0,0.00,20,0,0,0,0,0,1.162174406,0,0.00,0,0,3,0,353.26,0,3,20,0,7.33,0,8.24,0,82.36,0,0,17.32050808,0,1215.57,0.00,200.39,14.05,2188.79,0,0,0,0,1,0,3,0,683.70,0.00,0.00,846.00,2.093504511,0,0,0,0.00,0,20,0,2.81,2.99,0,0.00,0,0,358.19,0.00,0.00,0.00,0,3.11,1.217161239,1,8.582928793,3,0,20,0,0,0,0,0.00,0,576.44,0,0,0,2454.77,427.87,717.65,315.79,20,0.00,0,40.88,11.57271299,3,0,0,1000.90,0,59.01,93.81,7.86,110.45,0,3,1107.29,0,0,0,20,20,20,277.68,0,200.55,2771.24,0,0,6.32455532,3,515.27,737.14,16.84,0.00,0,0,20,0,0,0.00,882.11,3,0.00,0,0,0.33,0.00,0.00,0,10,0,0,1039.64,853.79,316.0696126,81.64,760.01,1.414213562,0.00
CH13,0,3,2307.79,3.482017295,0,0,323.81,0.00,0,0.00,20,125.93,20,0,3,0,0,0,0,0,0,0,0,3,0,0,0,0,370.93,707.56,11.77,11.78203406,0,8.59,35.96961681,0,0,0,0,0,2.83541522,0,0.00,0,0,20,0,679.91,0,6.32455532,20,0,7.58,0,21.19,0,278.12,2,2.449489743,20,0,2355.86,51.31,325.01,1.49,4679.70,0,0,0,0,2.635025498,0,3,0,1866.65,0.00,0.00,1020.21,2.093504511,0,0,0,0.00,0,20,20,47.42,0.00,0,0.00,0,0,10.32,15.95,89.61,0.00,0,62.21,1.217161239,1,0,7.108617267,0,20,0,20,0,0,0.00,0,110.25,0,20.09302478,0,4235.01,2295.05,1550.59,2244.84,20,4249.57,0,23.94,3,2.926150761,0,0,693.58,0,208.50,490.57,87.44,86.26,0,6.32455532,1036.09,0,0,0,20,20,20,584.07,0,784.99,1955.45,0,0,0,6.925205954,122.23,1489.68,75.06,0.00,0,0,6.32455532,0,0,24.79,2927.59,20,5.28,6.32455532,0,0.00,0.00,0.00,0,3,0,0,2313.84,2437.76,20,36.01,1104.88,0,0.00
CH14,4.705080365,0,1699.30,3.482017295,0,0,128.96,0.00,0,0.00,20,215.69,20,0,1,0,0,0,0,0,0,0,0,6.32455532,0,0,0,0,166.51,1276.16,0.00,0,0,16.49,20,0,0,0,0,0,2.83541522,0,0.00,0,0,6.32455532,0,392.17,0,6.184859059,20,0,6.30,0,4.40,0,53.03,7.071067812,4,20,0,2196.13,44.22,0.00,1.78,3615.05,0,0,0,0,2.635025498,0,10.12173988,0,1337.38,0.00,0.00,737.12,1,0,0,0,0.00,0,20,20,18.94,0.00,0,0.00,0,0,0.00,2.83,41.15,0.00,0,50.99,5.477225575,5.196152423,0,0,0,20,0,0,0,0,0.00,0,47.68,0,0,0,1535.64,2101.91,406.47,1917.17,77.80607124,3264.77,0,11.42,11.57271299,2.926150761,0,12.281368,442.10,0,198.20,614.78,4.36,15.08,0,0,779.90,0,0,0,20,0,49.56767943,244.23,0,511.94,803.29,0,0,20,6.925205954,61.47,1814.15,38.68,0.00,0,0,20,0,0,0.00,2322.40,56.73598759,0.00,0,0,0.00,2.35,0.00,0,3,0,0,1886.43,2201.12,99.94998749,17.93,544.09,0,0.00
CH20,0,5.840580155,124.94,3.482017295,0,0,1188.23,2.74,0,4.30,48.95519325,54.12,590.7866144,0,2.247226522,0,0,0,0,0,0,0,0,4.981287692,0,0,0,0,951.49,262.78,0.00,11.78203406,0,18.39,35.96961681,0,0,0,0,0,0,0,0.00,0,0,278.4895475,0,329.52,0,6.184859059,14.14468365,20.4362039,56.84,0,26.84,0,150.67,0,0,0,0,1601.03,25.21,1032.37,929.82,1630.95,0,0,0,0,2.635025498,0,10.12173988,0,630.69,0.00,0.00,98.81,0,12.29725579,0,0,0.00,0,531.2865308,0,151.49,4.44,0,0.00,0,0,1494.71,55.66,143.69,0.00,0,101.26,0,0,0,7.108617267,0,118.7456423,0,32.12401964,0,0,0.00,0,1028.62,0,20.09302478,0,711.70,401.16,361.39,528.53,77.80607124,471.31,0,15.20,11.57271299,0,0,0,1233.68,0,144.94,75.94,42.39,103.98,0,0,1969.86,0,0,0,65.4927168,16.45605217,49.56767943,74.47,0,181.25,555.35,0,0,30.54178746,0,1036.27,859.32,17.52,0.00,0,0,0,0,0,26.09,382.24,56.73598759,11.29,0,0,2.56,0.00,0.00,0,5,0,0,599.25,1589.99,163.8555342,78.35,917.04,0,0.00
CH21,20,20,45.92,3,0,0,135.62,0.00,0,0.81,99.94998749,20.79,316.2119542,0,2,0,0,0,0,0,3,0,0,20,0,0,0,0,214.28,93.23,0.00,11.78203406,0,7.77,20,0,0,0,0,0,1,0,0.00,0,0,278.4895475,0,353.63,0,20,20,20,1.54,0,13.88,0,278.51,0,0,6.32455532,0,965.58,13.48,0.00,10.06,2239.57,0,0,0,0,3,0,4,0,987.92,0.00,0.00,181.93,1,12.29725579,0,0,0.00,0,999.9499987,0,6.08,0.27,0,0.00,0,0,747.23,9.48,138.29,0.00,0,10.43,0,2.704163457,20,20,0,316.0696126,0,0,0,0,0.00,0,553.96,20,20,0,2754.24,375.95,927.37,238.07,20,85.43,0,0.00,20,2.926150761,0,0,1161.31,0,96.49,152.41,25.06,132.62,0,20,2608.31,0,0,0,316.0696126,20,99.94998749,172.29,0,148.65,2202.85,0,0,20,6.925205954,2128.49,465.80,0.00,0.00,0,154.4664933,20,0,20,9.61,387.44,20,10.48,20,0,1.28,0.00,0.00,0,10.95445115,0,1,460.59,1049.07,316.0696126,108.64,805.53,0,0.00
CH22,3,3,485.33,3.482017295,0,0,386.20,0.00,0,0.00,20,524.04,20,0,1,0,0,0,3,0,0,0,0,2.828427125,0,0,0,0,366.49,195.67,0.00,20,0,0.00,20,0,0,0,0,0,2,0,0.00,0,0,3,0,390.16,0,3,20,0,3.43,0,5.20,0,203.39,0,0,26.45751311,0,1282.55,0.00,195.99,15.02,2855.81,0,0,0,0,3,0,6.32455532,0,1248.94,0.00,0.00,778.47,1,0,0,0,0.00,0,20,0,5.53,0.53,0,0.00,0,0,527.93,8.18,0.00,0.00,0,8.19,1,1.414213562,0,0,0,20,0,3,0,0,0.00,0,567.68,0,3,0,3868.59,569.02,1551.63,580.25,20,689.85,0,30.27,3,3,0,0,1143.06,0,47.87,338.51,14.13,12.91,0,20,3160.30,0,0,0,20,20,20,258.74,0,238.16,3829.60,0,0,30.54178746,20,1347.16,1529.79,0.00,0.00,0,0,20,0,0,9.67,1200.02,20,0.00,3,0,0.00,0.00,0.00,0,15,0,0,1375.32,1337.72,99.94998749,318.02,1115.96,0,0.00
CH23,0,3,399.92,3.482017295,0,0,1368.21,0.00,0,0.77,99.94998749,266.35,590.7866144,0,1.022991509,0,0,0,0,0,0,0,0,3,0,0,0,0,1505.00,275.79,0.00,0,0,0.00,0,0,0,0,0,1.118033989,1.162174406,0,0.00,0,0,0,0,227.03,0,6.32455532,20,0,23.58,0,3.87,0,34.65,0,3.923088707,6.014896852,0,1821.11,4.14,215.41,24.17,1724.83,0,0,0,0,2.635025498,0,6.32455532,3,1002.36,0.00,0.00,311.00,1.03975049,0,0,0,0.00,0,20,0,79.92,0.00,0,0.00,0,0,0.00,3.88,0.00,0.00,0,60.35,0,1.060660172,0,0,0,20,0,3,0,0,0.00,0,695.36,0,0,0,1459.18,667.49,185.81,617.03,20,1559.49,0,32.52,11.57271299,2.926150761,0,0,1079.32,0,122.64,180.71,50.73,23.57,0,34.99659847,942.07,0,0,0,20,16.45605217,20,167.18,0,118.84,549.51,0,0,30.54178746,6.925205954,165.20,1596.19,0.00,0.00,0,0,20,0,20,9.51,1174.73,20,14.68,0,0,5.72,0.00,0.00,0,3,0,0,1123.30,1072.09,20,142.53,618.40,0,0.00
CH24,0,3,214.56,3.482017295,0,0,291.38,0.00,0,0.00,20,153.85,0,0,1,0,0,0,0,0,0,0,0,3,0,0,0,0,304.08,37.40,0.00,20,0,0.00,20,0,0,0,0,0,2.83541522,0,0.00,0,0,0,0,157.86,0,3,20,0,0.70,0,0.00,0,8.98,0,0,3,0,602.70,0.00,0.00,0.00,887.24,0,0,0,0,0,0,3,0,371.39,0.00,0.00,194.92,3,0,0,0,0.00,0,0,0,2.65,0.00,0,0.00,0,0,0.00,1.25,0.00,0.00,0,1.73,0,0,2,0,0,20,0,0,0,0,0.00,0,204.45,0,0,0,683.16,305.99,237.66,299.70,20,0.00,0,3.22,11.57271299,3,0,0,303.37,0,35.51,68.57,0.00,0.00,0,0,500.44,0,0,0,3,20,20,92.33,0,95.14,490.05,0,0,20,0,104.59,496.84,41.56,0.00,0,0,20,0,0,0.00,517.09,0,0.00,0,0,0.00,0.00,0.00,0,3,0,0,519.17,408.10,20,39.34,277.14,0,0.00
CH30,4.705080365,5.840580155,199.44,0,0,0,1102.15,0.00,0,0.97,48.95519325,31.16,590.7866144,0,1,0,0,0,0,0,0,0,0,4.981287692,0,0,0,0,795.65,108.60,0.00,0,0,37.90,0,69.67297166,0,0,0,0,3,0,0.00,0,0,0,0,249.50,0,6.184859059,14.14468365,0,53.26,0,22.12,0,67.90,0,0,0,0,650.01,11.28,558.09,78.91,997.76,0,0,0,0,2.635025498,0,10.12173988,0,361.49,0.00,0.00,59.12,1,0,0,0,0.00,0,531.2865308,16.38452182,95.06,3.42,0,0.00,0,0,170.93,47.13,0.00,0.00,0,49.97,3.718489007,2.704163457,0,7.108617267,18.42932446,118.7456423,0,32.12401964,0,0,0.00,0,951.30,0,0,0,520.46,230.95,247.57,270.35,77.80607124,0.00,0,14.25,20,0,0,0,1397.60,0,182.17,99.67,20.32,82.22,0,34.99659847,1147.76,0,0,0,65.4927168,16.45605217,49.56767943,65.02,0,215.55,599.85,0,0,30.54178746,0,1802.29,637.01,0.00,0.00,0,0,3,0,0,0.00,322.56,0,0.00,0,0,0.00,0.00,0.00,0,0,0,2.814249456,377.60,721.61,163.8555342,54.08,822.70,0,0.00
CH31,4.705080365,5.840580155,0.00,3.482017295,0,0,186.83,0.00,0,0.00,48.95519325,44.98,590.7866144,0,3,0,0,0,0,0,3.180086824,0,0,4.981287692,0,0,0,0,375.85,0.00,0.00,0,0,25.19,35.96961681,0,0,0,0,0,2.83541522,0,0.00,0,0,0,0,136.67,0,6.184859059,14.14468365,0,0.00,0,5.04,0,103.28,0,0,6.014896852,0,110.22,0.00,87.92,0.00,1025.69,0,0,0,0,2.635025498,0,10.12173988,0,491.71,0.00,0.00,115.14,2.093504511,0,0,0,0.00,0,531.2865308,0,0.00,4.63,0,0.00,0,0,1414.90,0.00,0.00,0.00,0,0.00,0,2.704163457,0,7.108617267,0,118.7456423,0,0,0,0,0.00,0,978.68,0,0,0,2084.76,16.01,1132.97,0.00,0,0.00,0,0.00,11.57271299,0,0,0,1306.99,0,0.00,0.00,0.00,0.00,0,34.99659847,2555.69,0,0,0,65.4927168,16.45605217,49.56767943,37.58,0,41.01,1699.03,0,0,30.54178746,6.925205954,3152.08,48.75,0.00,0.00,0,0,0,0,0,0.00,18.89,0,0.00,0,0,0.00,0.00,0.00,0,3,0,2.814249456,415.82,48.58,163.8555342,268.48,704.45,0,0.00
CH32,4.705080365,3,25.29,3.482017295,0,0,1103.18,0.00,0,0.00,20,334.49,20,0,1,0,0,0,0,0,0,0,0,1,0,0,0,0,1418.43,15.61,0.00,20,0,0.00,20,0,0,0,0,0,1,0,0.00,0,0,0,0,331.37,0,3,20,0,0.69,0,1.88,0,118.83,0,0,6.014896852,0,1340.23,0.00,79.79,3.90,2243.95,0,0,0,0,2.635025498,0,3,0,1167.40,0.00,0.00,574.67,1.03975049,0,0,0,0.00,0,20,0,3.58,1.39,0,0.00,0,0,581.52,7.60,0.00,0.00,0,5.39,3.718489007,1.060660172,0,3,0,20,0,3,0,0,0.00,0,787.91,0,0,0,4019.42,254.94,1682.03,118.62,0,105.87,0,16.35,20,0,0,0,1480.82,0,24.63,31.03,2.45,0.00,0,20,2870.43,0,0,0,20,20,20,129.90,0,175.83,3767.65,0,0,6.32455532,6.925205954,1419.46,904.62,0.00,0.00,0,0,20,0,0,0.00,299.21,3,0.00,0,0,4.56,0.00,0.00,0,4,0,2.814249456,1034.96,315.93,20,730.58,1052.39,0,0.00
CH33,0,0,0.00,3.482017295,0,0,1541.89,0.00,0,0.00,99.94998749,189.26,20,0,2.247226522,0,0,0,0,0,0,0,0,3,0,0,0,0,1650.23,0.00,0.00,0,0,0.00,0,0,0,0,0,0,2,0,0.00,0,0,0,0,82.50,0,0,20,0,13.63,0,5.07,0,75.50,0,0,0,0,767.13,0.00,114.50,4.48,951.62,0,0,0,0,2.635025498,0,3,0,787.79,0.00,0.00,147.07,0,0,0,0,0.00,0,531.2865308,0,11.54,0.33,0,0.00,0,0,136.09,20.14,0.00,0.00,0,23.74,0,2.704163457,3,20,0,20,0,0,0,0,0.00,0,738.55,0,0,0,1967.68,0.00,639.22,0.00,0,0.00,0,5.19,11.57271299,0,0,0,1251.84,0,42.38,0.00,5.80,0.00,0,6.32455532,881.15,0,0,0,65.4927168,20,20,91.28,0,174.29,981.67,0,0,6.32455532,6.925205954,767.10,1209.54,0.00,0.00,0,0,0,0,3,0.00,111.52,0,0.00,0,0,3.31,0.00,0.00,0,8.215234361,0,0,563.39,77.55,20,289.01,666.56,0,0.00
CH34,0,0,0.00,0,0,0,4.67,0.00,0,0.00,48.95519325,0.17,0,0,0,0,0,0,0,0,0,0,0,0,0,0,0,0,52.37,0.00,0.00,0,0,0.00,0,0,0,0,0,0,0,0,0.00,0,0,0,0,0.00,0,0,0,0,0.00,0,0.00,0,0.00,0,0,0,0,0.00,0.00,0.00,0.00,0.00,0,0,0,0,0,0,10.12173988,0,0.00,0.00,0.00,0.00,0,0,0,0,0.00,0,0,0,0.00,0.00,0,0.00,0,0,0.00,0.00,0.00,0.00,0,0.00,0,0,0,0,0,0,0,0,0,0,0.00,0,24.81,0,0,0,0.00,0.00,0.00,0.00,0,0.00,0,0.00,0,0,0,0,22.43,0,0.00,0.00,0.00,0.00,0,0,0.00,0,0,0,0,16.45605217,49.56767943,0.00,0,0.00,0.00,0,0,0,0,47.96,16.03,0.00,0.00,0,0,0,0,0,0.00,0.00,0,0.00,0,0,0.00,0.00,0.00,0,0,0,0,2.52,0.00,0,0.00,1.28,0,0.00
CH40,4.705080365,5.840580155,1311.27,3.482017295,0,0,508.93,62.69,0,4.32,48.95519325,247.00,590.7866144,0,2,0,0,0,0,0,3.180086824,0,0,4.981287692,0,0,73.39730808,0,622.81,1509.06,27.31,0,0,82.78,35.96961681,69.67297166,0,0,0,0,3,0,0.00,0,0,0,0,822.41,0,6.184859059,14.14468365,0,23.22,0,84.55,0,227.75,0,0,6.014896852,0,3259.21,342.91,698.83,35.84,4119.10,0,0,0,0,2.635025498,2.878732364,10.12173988,0,1429.11,0.00,0.00,934.15,2,12.29725579,0,2.257319217,33.22,0,531.2865308,16.38452182,773.20,0.00,0,0.47,0,0,217.43,179.63,1560.04,0.00,0,148.53,3.718489007,2.704163457,0,7.108617267,0,118.7456423,0,32.12401964,0,0,0.00,0,221.61,59.38087577,20.09302478,0,1945.76,1752.05,746.28,2185.19,0,1922.04,0,42.88,20,2.926150761,0,0,949.27,0,859.60,261.93,71.50,103.09,0,34.99659847,934.03,0,0,0,65.4927168,16.45605217,49.56767943,242.46,0,315.85,433.22,0,0,30.54178746,6.925205954,531.77,2467.68,17.13,0.00,0,154.4664933,37.83230363,0,0,33.74,2258.29,0,776.40,25.87805688,0,7.70,7.72,0.00,0,20,0,0,1592.17,3074.54,163.8555342,130.68,871.03,0,0.00
CH41,4.705080365,5.840580155,971.92,3.482017295,0,0,187.81,5.39,0,0.00,48.95519325,171.93,590.7866144,0,2,0,0,0,0,0,0,0,0,1,0,0,73.39730808,0,252.09,369.36,0.00,0,0,431.02,35.96961681,20,0,0,0,0,1,0,0.00,0,0,0,0,708.18,0,6.184859059,14.14468365,20.4362039,5.44,0,72.53,0,470.82,0,0,6.014896852,0,2232.54,33.44,273.68,2.64,4809.49,0,0,0,0,2,0,10.12173988,0,1779.59,2.85,0.00,1224.17,2,0,0,0,0.00,0,531.2865308,16.38452182,85.00,3.18,0,10.43,0,0,1734.41,42.24,1458.97,91.38,0,83.13,0,2.704163457,0,7.108617267,18.42932446,118.7456423,0,32.12401964,0,0,0.00,0,127.32,59.38087577,20.09302478,0,4528.10,2608.56,1894.68,2065.04,0,1432.17,0,16.04,11.57271299,2.926150761,58.44102453,0,1271.02,0,650.93,487.52,42.92,38.09,0,34.99659847,2018.19,0,0,0,65.4927168,16.45605217,49.56767943,289.08,0,381.68,2124.85,0,0,30.54178746,6.925205954,747.54,1800.71,17.65,0.00,0,154.4664933,37.83230363,0,0,199.99,2037.09,56.73598759,245.25,25.87805688,0,23.83,0.00,0.00,0,12,0,0,1930.28,2641.10,163.8555342,282.48,1099.94,8.144301976,0.00
CH42,4.705080365,5.840580155,353.90,3.482017295,0,0,271.55,2.92,0,2.44,20,253.94,20,0,3,0,0,0,0,0,3.180086824,0,0,4.981287692,0,0,0,0,276.20,588.37,10.75,11.78203406,0,448.59,35.96961681,20,0,0,0,0,3,0,0.00,0,0,20,0,643.62,0,6.184859059,14.14468365,20.4362039,3.57,0,64.57,0,271.97,0,0,6.014896852,0,2889.12,34.54,852.45,8.46,4104.20,0,0,0,0,2.635025498,0,10.12173988,0,1533.48,2.76,0.00,1056.62,1,12.29725579,0,0,0.00,0,20,16.38452182,119.13,0.00,0,10.87,0,0,364.78,33.18,1476.41,0.00,0,88.43,0,0,0,20,18.42932446,118.7456423,0,0,0,0,0.00,0,160.95,59.38087577,20.09302478,0,2949.19,2978.85,1075.10,2397.83,0,1258.51,0,23.51,11.57271299,2.926150761,58.44102453,0,1114.99,0,473.29,155.75,20.02,0.00,0,34.99659847,1390.72,0,0,0,20,16.45605217,49.56767943,307.02,0,302.04,1773.58,0,0,30.54178746,6.925205954,239.67,1739.49,157.09,12.15,0,154.4664933,37.83230363,0,279.4275177,227.74,1886.21,56.73598759,247.31,25.87805688,0,19.77,0.00,0.00,0,9,0,0,1567.50,2743.07,163.8555342,104.76,776.69,0,0.00
CH43,3,5.840580155,232.78,3.482017295,0,0,233.96,0.00,0,0.36,20,326.57,20,0,3,0,0,0,0,0,0,0,0,3,0,0,0,0,257.24,32.10,0.00,0,0,32.59,3,0,0,0,0,0,1,0,0.00,0,0,0,0,179.44,0,3,20,0,0.00,0,21.41,0,132.79,0,0,6.32455532,0,1003.06,0.00,193.93,7.44,1601.35,0,0,0,0,0,0,3,0,757.26,0.00,0.00,395.01,0,0,0,0,0.00,0,531.2865308,0,14.26,0.17,0,0.00,0,0,68.26,11.98,53.09,0.00,0,4.78,0,0,0,7.108617267,0,20,0,0,0,0,0.00,0,123.98,0,0,0,2292.53,409.85,884.53,450.70,0,0.00,0,0.00,11.57271299,0,0,0,668.33,0,175.53,52.63,1.15,0.00,0,34.99659847,1291.83,0,0,0,20,16.45605217,3,193.91,0,224.18,906.98,0,0,30.54178746,0,312.12,708.16,0.00,0.00,0,0,20,0,0,0.00,383.18,20,11.09,0,0,5.41,0.00,0.00,0,12,0,0,638.07,281.09,20,100.56,449.78,0,0.00
CH50,3,20,715.30,5.656854249,0,0,69.76,11.34,0,1.12,0,293.04,20,0,1.414213562,0,0,0,20,0,0,0,0,5.196152423,0,0,20,0,238.32,150.43,0.00,0,0,183.99,35.96961681,3,0,0,0,0,3.464101615,0,0.00,0,0,20,0,1170.59,0,20,20,0,0.82,0,138.74,0,343.31,0,0,20,0,3171.00,66.36,23.21,9.91,5190.41,0,0,0,0,2.635025498,0,8.660254038,3,1869.52,0.00,0.00,1283.61,3,12.29725579,0,0,0.00,0,316.0696126,20,270.97,0.09,0,2.97,0,0,1375.88,157.23,1487.27,0.00,0,83.69,0,0,0,0,14.14213562,316.0696126,0,0,0,0,0.00,0,10.74,20,20,0,4021.83,2417.45,1509.01,2574.98,0,1472.88,0,5.50,20,2.236067977,0,0,677.94,1.414213562,944.25,744.57,18.13,82.45,0,0,1333.56,0,0,0,316.0696126,0,0,469.00,0,623.91,740.15,0,0,0,3,695.04,2401.57,0.00,0.00,0,0,316.0696126,0,20,10.08,2268.62,20,640.99,0,0,10.53,0.00,0.00,0,20,0,0,1274.18,3358.19,20,98.41,919.17,0,0.00
CH51,0,5.840580155,1377.34,3.482017295,0,0,49.08,11.05,0,1.25,0,82.69,590.7866144,0,3,0,0,0,0,0,0,0,0,4.981287692,0,0,73.39730808,0,241.66,364.35,0.00,0,0,771.05,0,0,0,0,0,0,0,0,0.00,0,0,20,0,843.03,0,3,6.32455532,3,0.74,0,115.68,0,557.24,0,0,6.32455532,0,3008.50,132.82,0.00,5.89,5120.90,0,0,0,0,2.635025498,0,10.12173988,0,1938.17,0.00,0.00,1257.31,1,0,0,0,33.59,0,20,3,166.86,0.00,0,9.66,0,0,569.06,85.13,2488.81,0.00,0,54.92,0,2.704163457,0,6.32455532,0,20,0,6.32455532,0,0,0.00,0,8.96,20,6.32455532,0,3032.34,3771.94,1138.96,2908.09,0,1963.76,0,9.49,11.57271299,0,0,0,1109.56,0,993.36,913.28,168.18,170.67,0,34.99659847,828.52,0,0,0,20,16.45605217,3,254.32,0,746.82,1178.18,0,0,3,0,346.51,2756.41,0.00,0.00,0,0,3,0,20,61.31,2673.09,0,591.09,20,0,24.54,0.00,0.00,0,19,0,0,1993.28,3665.84,20,99.60,509.48,0,0.00
CH52,4.705080365,5.840580155,136.35,0,0,0,217.40,11.83,0,2.62,48.95519325,170.50,590.7866144,0,2.247226522,0,0,0,5.449031295,0,0,0,0,4.981287692,0,0,0,0,237.97,19.55,0.00,0,0,0.00,35.96961681,0,0,0,0,0,1,0,0.00,0,0,0,0,367.85,0,20,20,20,0.81,0,25.25,0,97.51,0,0,3,0,2057.42,0.00,143.33,68.37,2625.78,0,0,0,0,0,0,10.12173988,0,1137.43,0.00,0.00,499.55,2.093504511,0,0,0,30.40,0,531.2865308,0,37.34,0.82,0,0.62,0,0,136.22,56.99,462.15,0.00,0,33.29,0,2.704163457,0,7.108617267,0,20,0,0,0,0,0.00,0,605.32,59.38087577,20,0,1731.80,1432.71,393.82,438.65,3,0.00,0,2.35,11.57271299,0,0,0,1366.09,0,392.52,300.61,10.97,0.00,0,34.99659847,1253.55,0,0,0,20,16.45605217,49.56767943,174.86,0,196.56,1289.46,0,0,30.54178746,0,485.17,864.33,0.00,0.00,0,0,37.83230363,0,0,0.00,708.24,56.73598759,201.20,25.87805688,0,15.63,0.00,0.00,0,7,0,0,1124.22,1613.48,316.0696126,75.68,287.71,0,0.00
CH53,0,0,0.00,0,0,0,9.44,0.00,0,0.00,20,0.95,0,0,0,0,0,0,0,0,0,0,0,0,0,0,0,0,37.84,0.00,0.00,0,0,0.00,0,0,0,0,0,0,0,0,0.00,0,0,0,0,3.78,0,3,0,0,0.00,0,0.00,0,0.00,0,0,0,0,37.65,0.00,0.00,0.00,33.31,0,0,0,0,0,0,0,0,3.04,0.00,0.00,0.00,0,0,0,0,0.00,0,0,0,0.00,0.00,0,0.00,0,0,0.00,0.00,0.00,0.00,0,0.00,0,0,0,0,0,0,0,0,0,0,0.00,0,112.51,0,0,0,119.86,0.00,0.00,0.00,0,0.00,0,0.00,0,0,0,0,181.61,0,0.00,0.00,2.75,0.00,0,3,168.06,0,0,0,0,20,0,1.15,0,0.00,14.75,0,0,0,0,176.21,47.45,0.00,0.00,0,0,0,0,0,0.00,0.00,0,0.00,0,0,0.37,0.00,0.00,0,0,0,0,39.10,0.00,0,19.95,10.67,0,0.00
CH60,3,3,91.89,3.482017295,0,0,1437.36,5.47,0,3.75,20,315.71,316.0696126,0,3,0,0,0,0,0,0,0,0,3,0,0,73.39730808,0,587.53,16.05,0.00,6.32455532,0,402.37,0,0,0,0,0,0,3,0,0.00,0,0,3,0,827.55,0,3,3,0,2.25,0,89.66,0,507.28,0,0,20,0,1610.88,12.83,1027.33,12.23,3361.48,0,0,0,0,3,0,3,0,1553.78,0.00,0.00,536.62,0,0,0,0,0.00,0,20,16.38452182,406.18,0.00,0,0.00,0,0,2720.13,263.36,0.00,0.00,0,23.26,0,0,0,3,0,20,0,0,0,0,0.00,0,408.17,0,3,0,4748.99,241.20,2990.33,254.41,0,188.80,0,2.20,11.57271299,2.926150761,0,0,1088.33,0,310.40,433.59,1.50,4.92,0,34.99659847,3185.63,0,0,0,20,0,3,144.22,0,1401.07,3209.93,0,0,30.54178746,6.925205954,2380.88,1481.93,0.00,0.00,0,0,6.32455532,0,0,0.00,454.33,20,56.34,0,0,4.13,0.00,0.00,0,11.40175425,0,0,966.56,1260.86,20,375.97,1466.50,0,0.00
CH61,3,5.840580155,176.91,0,0,0,322.97,2.81,0,1.97,6.32455532,63.59,590.7866144,0,2.828427125,0,0,0,0,0,0,0,0,3,0,0,6.32455532,0,159.70,30.10,0.00,0,0,65.49,0,69.67297166,0,0,0,0,0,0,0.00,0,0,20,0,523.14,0,3,20,0,0.00,0,43.91,0,332.77,0,0,6.014896852,0,1536.40,4.63,16.94,25.96,3325.28,0,0,0,0,2,0,3,0,1584.37,0.00,0.00,438.53,1.414213562,0,0,0,0.00,0,99.94998749,0,44.21,0.05,0,1.06,0,0,2315.04,61.09,362.97,0.00,0,17.07,0,0,0,0,0,20,0,0,0,0,0.00,0,203.84,0,20.09302478,0,3852.53,1128.90,2214.81,621.89,0,138.49,0,10.48,11.57271299,2.926150761,0,0,1042.21,0,321.77,420.25,34.78,5.45,0,34.99659847,1764.70,0,0,0,20,3,6.32455532,201.31,0,969.26,4308.03,0,0,30.54178746,6.925205954,1926.37,1182.28,0.00,0.00,0,0,6.32455532,0,0,0.00,754.26,56.73598759,145.49,0,0,3.86,0.00,0.00,0,25,0,0,1082.61,1572.44,20,277.21,849.12,0,0.00
CH62,4.705080365,5.840580155,21.05,0,0,0,172.53,0.00,0,0.48,20,35.90,590.7866144,0,2.247226522,0,0,0,0,0,0,0,0,4.981287692,0,0,0,0,190.15,0.00,0.00,0,0,0.00,3,0,0,0,0,0,0,0,0.00,0,0,0,0,139.25,0,3,20,0,0.85,0,1.68,0,84.99,0,0,3,0,677.06,0.00,0.00,14.66,1498.82,0,0,0,0,0,0,3,0,739.49,0.00,0.00,219.72,2,12.29725579,0,0,0.00,0,0,0,8.76,16.63,0,0.00,0,0,830.60,29.13,15.47,0.00,0,0.00,0,0,0,0,0,0,0,0,0,0,0.00,0,695.41,0,0,0,1637.99,455.21,584.10,131.46,0,0.00,0,0.00,6.32455532,0,0,0,1052.12,0,92.90,85.22,9.36,0.00,0,20,1789.08,0,0,0,20,20,20,165.09,0,310.23,1662.69,0,0,30.54178746,6.925205954,1290.31,523.90,0.00,0.00,0,0,3,0,0,0.00,123.90,20,31.91,0,0,7.76,0.00,0.00,0,1,0,2.814249456,750.61,405.36,20,195.27,269.47,0,0.00
CH63,0,0,0.00,0,0,0,0.00,0.00,0,0.00,20,1.44,0,0,2.247226522,0,0,0,0,0,0,0,0,0,0,0,0,0,27.70,0.00,0.00,0,0,0.00,0,0,0,0,0,0,0,0,0.00,0,0,0,0,0.00,0,0,0,0,0.00,0,0.00,0,0.00,0,0,0,0,20.79,0.00,0.00,0.00,0.00,0,0,0,0,0,0,3,0,0.00,0.00,0.00,0.00,2.093504511,0,0,0,0.00,0,0,0,0.00,0.00,0,0.00,0,0,0.00,0.00,0.00,0.00,0,0.00,0,0,0,0,0,0,0,0,0,0,0.00,0,108.65,0,0,0,10.79,0.00,0.00,0.00,0,0.00,0,0.00,0,0,0,0,66.01,0,0.00,0.00,1.65,0.00,0,3,112.43,0,0,0,65.4927168,3,0,0.00,0,0.00,9.78,0,0,0,0,26.58,6.78,0.00,0.00,0,0,0,0,0,0.00,0.00,0,0.00,0,0,0.00,0.00,0.00,0,0,0,0,12.95,0.00,0,8.77,0.00,0,0.00
CH70,3,3,82.03,0,0,0,217.14,2.69,0,0.69,0,129.46,3,0,0,0,0,0,0,0,0,0,0,3,0,0,0,0,91.25,17.38,0.00,1,0,143.86,1,0,0,0,0,0,0,0,0.00,0,0,0,0,207.25,0,3,20,0,0.00,0,21.71,0,112.31,0,0,3,0,395.11,28.50,107.80,2.50,833.96,0,0,0,0,0,0,3,0,427.25,0.00,0.00,116.64,0,0,0,0,0.00,0,20,3,105.40,0.00,0,0.00,0,0,548.52,52.30,12.98,0.00,0,8.60,0,0,0,0,0,3,0,0,0,0,0.00,0,8.46,0,3,0,1228.39,144.19,808.17,151.01,0,500.86,0,0.00,0,0,3,0,263.72,0,117.36,133.25,0.00,2.34,0,0,706.84,0,0,0,99.94998749,0,0,53.02,0,388.15,898.88,0,0,3,0,425.02,317.18,0.00,0.00,0,0,20,0,0,11.27,216.83,20,37.46,0,0,1.28,0.00,0.00,0,8.215234361,0,0,289.54,384.30,20,63.13,319.09,0,0.00
CH71,0,0,0.00,3,0,0,72.56,0.00,0,0.00,20,1.90,0,0,2.247226522,0,0,0,0,0,0,0,0,0,0,0,0,0,25.56,0.00,0.00,0,0,0.00,0,0,0,0,0,0,0,0,0.00,0,0,0,0,49.14,0,3,0,0,0.00,0,0.57,0,18.47,0,0,0,0,47.95,0.00,0.00,1.26,114.70,0,0,0,0,0,0,0,0,120.69,0.00,0.00,0.00,2,0,0,0,0.00,0,0,0,0.00,0.98,0,0.00,0,0,362.43,7.37,0.00,0.00,0,0.00,0,0,0,0,0,0,0,0,0,0,0.00,0,111.12,0,0,0,355.53,0.00,252.09,0.00,0,0.00,0,0.00,0,0,0,0,164.79,0,0.00,0.00,2.10,0.00,0,20,265.88,0,0,0,20,20,20,4.75,0,53.23,414.82,0,0,0,6.925205954,463.73,59.56,0.00,0.00,0,0,0,0,0,0.00,0.00,0,0.00,0,0,0.00,0.00,0.00,0,8.215234361,0,0,62.06,0.00,3,69.76,115.23,0,0.00
CH72,0,0,0.00,0,0,0,0.00,0.00,0,0.00,20,0.00,0,0,0,0,0,0,0,0,0,0,0,0,0,0,0,0,1.39,0.00,0.00,0,0,0.00,0,0,0,0,0,0,0,0,0.00,0,0,0,0,0.00,0,3,0,0,0.00,0,0.00,0,0.00,0,0,0,0,0.00,0.00,0.00,0.00,0.00,0,0,0,0,0,0,0,0,0.00,0.00,0.00,0.00,0,0,0,0,0.00,0,0,0,0.00,0.00,0,0.00,0,0,0.00,0.00,0.00,0.00,0,0.00,0,0,0,0,0,0,0,0,0,0,0.00,0,9.37,0,0,0,0.00,0.00,0.00,0.00,0,0.00,0,0.00,0,0,0,0,13.49,0,0.00,0.00,0.00,0.00,0,3,0.00,0,0,0,0,0,0,0.00,0,0.00,0.00,0,0,0,0,32.06,0.00,0.00,0.00,0,0,0,0,0,0.00,0.00,0,0.00,0,0,0.00,0.00,0.00,0,0,0,0,2.54,0.00,0,0.00,1.34,0,0.00
CH80,0,3,0.00,0,0,0,231.88,0.00,0,0.00,316.0696126,5.09,0,0,2.247226522,0,0,0,0,0,0,0,0,3,0,0,0,0,62.40,0.00,0.00,20,0,0.00,0,0,0,0,0,0,0,0,0.00,0,0,0,0,32.20,0,3,3,0,1.19,0,0.53,0,39.12,0,0,3,0,35.28,0.00,18.15,11.54,107.95,0,0,0,0,0,0,2.449489743,0,140.05,0.00,0.00,0.00,0,0,0,0,0.00,0,0,0,0.33,0.00,0,0.00,0,0,1058.38,40.03,0.00,0.00,0,1.62,0,0,0,0,0,0,0,0,0,0,0.00,0,291.92,0,0,0,464.73,0.00,240.25,0.00,0,0.00,0,0.00,3,0,0,0,254.66,0,0.00,0.00,0.00,0.00,0,316.0696126,317.73,0,0,0,0,20,20,7.67,0,35.96,199.88,0,0,0,0,876.73,74.37,0.00,0.00,0,0,0,0,0,0.00,0.00,0,0.00,0,0,0.00,0.00,0.00,0,1.414213562,0,0,38.41,0.00,0,106.84,214.69,0,0.00
CH90,0,3,0.00,6,0,0,237.22,0.00,0,0.00,31.60696126,12.54,0,0,1,0,0,0,0,0,0,0,0,3,0,0,0,0,155.42,0.00,0.00,0,0,7.93,0,0,0,0,0,0,0,0,0.00,0,0,0,0,227.20,0,20,20,0,0.80,0,3.86,0,166.43,0,0,3,0,213.54,0.00,0.00,9.16,900.49,0,0,0,0,0,0,6.32455532,0,649.17,0.00,0.00,10.10,0,0,0,0,0.00,0,531.2865308,0,13.74,0.00,0,0.00,0,0,3524.80,52.35,0.00,0.00,0,0.00,0,0,0,3,0,0,0,0,0,0,0.00,0,433.09,0,0,0,1923.57,18.52,1095.55,29.43,0,0.00,0,0.00,20,0,0,0,604.37,0,9.54,37.33,0.00,0.00,0,99.94998749,1295.24,0,0,0,20,20,20,62.86,0,208.81,1605.55,0,0,0,0,1873.89,243.97,0.00,0.00,0,0,6.92820323,0,0,13.13,26.49,0,0.00,0,0,3.15,0.00,0.00,0,6.708203932,0,0,330.31,36.20,0,554.05,677.20,0,0.00
DF06,0,1,326.89,0,0,0,0.00,78.87,0,29.38,0,0.00,192,29,0,0,0,0,3,2,3,0,0,0,0,0,1,4,88.11,1960.74,357.65,0,0,42.13,0,69.67297166,0,0,0,0,0,0,12.08,0,0,20,3.464101615,362.83,0,2,0,0,0.00,0,6.02,0,0.00,0,0,0,0,136.00,239.93,0.00,9.90,229.61,1,0,0,0,1,0,3.464101615,1,0.00,42.67,0.00,51.99,0,0,1,0,149.74,1.414213562,11,16.38452182,0.00,7.93,0,67.57,0,0,0.00,30.18,774.11,0.00,4,60.48,0,0,0,0,14.14213562,8.94427191,0,32.12401964,22.35446761,0,42.58,4.69041576,0.00,2,20,0,161.33,66.98,570.10,1007.64,0,8061.15,0,55.82,0,0,2,0,8.44,0,114.87,0.00,208.02,0.00,0,0,0.00,0,0,0,4.242640687,0,0,0.00,0,156.61,0.00,0,0,0,0,0.00,1901.31,0.00,313.18,0,23.55843798,9,0,47,602.85,21.05,0,144.68,0,0,10.09,1907.19,259.69,0,0,0,0,275.48,1303.91,163.8555342,0.00,1.00,0,118.91
DF07,2.449489743,1.732050808,1119.21,0,0,0,26.69,260.09,0,121.92,0,0.00,20,0,0,0,0,0,6,20,3.464101615,0,0,1,0,0,316.0696126,3,452.88,4852.34,648.32,0,0,480.25,0,69.67297166,0,0,0,0,1,0,13.62,2,0,0,4.242640687,942.86,0,2,0,0,0.00,0,59.64,0,0.00,0,0,0,0,708.49,608.16,0.00,351.19,2083.36,0,0,0,0,2.635025498,1.414213562,4.472135955,0,44.10,92.23,0.00,570.94,0,0,1,0,910.26,0,20,20,0.00,100.01,0,166.71,0,0,0.00,228.12,2980.62,0.00,6.32455532,271.36,0,0,0,5,6.708203932,6.32455532,0,20,0,0,206.44,5.991640267,0.00,20,20,0,657.38,400.72,1673.61,3457.38,0,12996.67,0,224.70,0,0,5,12.281368,4.68,0,765.44,16.13,304.40,112.16,0,0,0.00,0,0,0,65.4927168,0,0,0.00,0,864.73,0.00,0,0,0,0,0.00,5544.33,0.00,10.18,0,20,20,0,10.95445115,2046.77,1328.30,0,671.92,0,1,12.00,5775.04,2012.95,0,0,0,0,1750.26,4018.45,163.8555342,0.00,128.14,3,137.18
DF08,4.705080365,5.840580155,1433.08,0,0,0,1.38,90.81,0,2.76,0,0.00,3162.119542,0,0,6.32455532,0,0,0,20,1,0,0,0,0,0,316.0696126,20,227.16,5307.55,1500.22,0,0,611.09,0,20,0,0,0,0,1,0,96.56,0,0,316.0696126,26.69030188,1401.71,0,2,0,0,0.00,0,80.62,0,0.00,0,0,0,0,381.53,490.19,0.00,7.61,4137.14,0,0,0,0,0,0,2,0,239.31,237.09,0.00,1243.43,0,0,1,0,815.57,0,316.0696126,20,0.00,1.06,0,40.95,0,0,0.00,84.46,4742.67,0.00,20,161.56,0,0,0,7.108617267,20,316.0696126,0,20,1,0,1.68,0,0.00,20,20,0,2204.10,709.10,1825.44,3582.52,0,21433.28,0,2406.52,0,0,3,12.281368,2.66,0,896.03,31.57,1244.64,227.60,0,0,0.00,0,0,0,65.4927168,0,0,0.00,0,1508.09,0.00,0,0,0,0,0.00,5690.65,0.00,100.19,0,20,0,0,20,4815.79,2624.04,20,554.40,0,0,9.45,5552.20,45.46,0,0,0,0,1292.87,4047.44,316.0696126,0.00,82.94,20,76.78
DF09,3,3,360.27,0,0,0,0.00,100.32,0,0.00,0,0.00,316.2119542,0,0,0,0,0,3,6.32455532,0,0,0,1.414213562,0,0,20,20,263.04,5437.52,2447.14,0,0,46.23,0,20,0,0,0,0,2.83541522,0,826.85,6.32455532,0,316.0696126,1,1359.92,0,6.184859059,0,0,0.00,0,36.08,0,0.00,0,0,0,0,3.82,1180.70,0.00,0.82,1972.04,0,0,0,0,0,0,1,0,4.67,891.91,0.00,558.54,0,0,0,0,1058.53,0,316.2119542,20,0.00,0.36,0,43.21,0,0,0.00,66.50,5027.36,0.00,99.94998749,273.51,0,0,0,0,3,31.60696126,0,20,3,0,0.04,0,0.00,1,20.09302478,0,29.52,890.96,93.70,3279.06,0,32044.35,0,6802.49,0,0,20,3,0.00,0,296.81,0.00,2344.43,39.96,0,0,0.00,0,0,0,3,0,0,0.00,0,257.26,0.00,6.32455532,68.05562138,0,0,0.00,5709.55,0.00,1372.02,0,20,6.32455532,0,99.99499987,8671.89,2476.10,0,574.46,0,0,4.81,5550.87,0.00,0,0,0,0,894.28,3904.54,6.32455532,0.00,93.32,3,239.78
DF16,0,0,24.20,0,0,0,0.00,0.00,0,0.32,0,0.00,27.5680975,37.46112383,0,0,0,0,0,3,0,0,0,0,0,0,2,0,22.12,565.28,201.36,0,0,44.63,0,6.32455532,0,0,0,0,0,0,75.14,0,0,15.49193338,0,96.96,0,0,0,0,0.00,0,0.00,0,0.00,0,0,0,0,6.37,21.29,0.00,0.00,64.88,0,0,0,0,0,0,1.414213562,0,0.00,8.19,0.00,0.00,0,0,0,0,28.44,0,20,1.414213562,0.00,0.45,0,3.88,0,0,0.00,0.00,200.25,0.00,3,4.77,0,0,0,0,4.898979486,5.656854249,5,7.745966692,6.32455532,0,0.48,0,0.00,4,8,0,139.14,10.73,78.71,304.94,0,3350.49,0,722.58,0,0,0,0,2.09,0,12.67,0.00,213.93,5.43,0,0,0.00,0,0,0,2,0,0,0.00,0,47.54,0.00,6,0,0,0,0.00,570.89,0.00,522.12,0,3,0,0,6.708203932,864.74,39.06,0,5.37,0,0,2.28,419.74,17.08,0,0,0,0,87.23,351.13,0,0.00,0.00,0,20.73
DF17,1.414213562,1.732050808,2375.83,0,0,0,8.06,51.17,0,16.88,0,0.00,999.9499987,20,0,6.32455532,0,0,2,1,3,0,0,1,0,0,2,6.32455532,380.11,5062.08,1329.72,0,0,697.76,0,99.94998749,0,0,0,0,1,0,462.69,2,0,316.0696126,2,1053.04,0,1,0,20,0.00,0,47.53,0,0.00,0,0,0,0,305.49,551.89,0.00,52.41,2780.23,0,1.414213562,0,0,1,1.414213562,6,0,9.86,254.48,0.00,834.90,0,0,1,0,815.99,0,999.9499987,6.32455532,0.00,5.26,0,67.88,0,0,0.00,73.39,3535.04,0.00,6.32455532,174.81,0,0,0,3,3.605551275,99.94998749,6.32455532,6.32455532,20,0,17.99,1,0.00,31.60696126,20,0,1141.12,1418.71,2030.64,2755.67,0,26675.90,0,4906.24,0,0,6.32455532,3,3.10,0,668.92,15.94,1917.95,86.74,0,0,0.00,6.011892975,0,0,7,0,0,0.00,0,1306.79,0.00,2,0,0,0,0.00,5659.03,0.00,1325.74,20,6.32455532,6.32455532,0,3,7505.34,1992.46,56.73598759,539.60,0,0,10.02,4836.44,386.33,0,0,0,0,1664.86,3188.99,1,0.00,85.28,15,152.42
DF18,1,2,2746.21,0,0,0,0.00,0.00,0,0.44,0,0.00,316.0696126,0,0,0,0,0,3,20,3,0,0,1,0,0,6.32455532,20,154.86,5079.90,1574.76,0,0,926.01,0,99.94998749,0,0,0,0,1,0,620.42,0,0,316.0696126,0,1319.81,0,1,0,0,0.00,0,24.10,0,0.00,0,0,0,0,114.09,603.13,0.00,0.44,3830.89,3,0,0,0,1,3,2,0,94.68,72.93,0.00,1003.60,0,0,0,0,1436.88,0,316.0696126,20,0.00,0.29,0,28.23,6.32455532,0,24.60,18.97,4717.80,0.00,20,63.50,0,0,0,0,3,20,0,20,20,0,0.00,0,0.00,99.94998749,20,0,2638.69,2501.02,2307.91,3077.72,0,29340.50,0,4074.34,0,0,0,3,0.00,0,1274.15,78.84,1901.75,159.81,0,0,0.00,3,0,0,0,0,0,0.00,0,1892.53,0.00,6.32455532,0,0,0,0.00,5807.73,0.00,1039.53,0,316.0696126,20,0,31.60696126,6542.39,2718.30,3,795.89,0,0,12.75,5430.51,0.00,0,0,0,0,1756.46,3949.36,99.94998749,0.00,18.11,3,81.18
DF19,0,1,896.33,0,0,0,1.14,102.66,0,11.11,0,0.00,3162.119542,0,0,0,0,0,3,20,0,0,0,0,0,0,316.0696126,31.60696126,243.07,4912.72,1858.03,0,0,207.16,0,99.94998749,0,0,0,0,0,0,497.76,0,0,110.818421,3,1200.40,0,0,0,1,1.50,0,62.08,0,0.00,0,0,0,0,35.98,569.20,0.00,4.08,1758.97,0,0,0,0,0,0,5,0,4.70,270.91,0.00,672.85,0,0,0,0,1476.65,0,999.9499987,20,0.00,1.54,0,112.51,0,0,0.00,53.49,4536.16,0.00,20,156.09,0,0,0,0,0,99.94998749,0,20,0,0,1.12,0,0.00,99.94998749,20,0,295.05,1530.81,314.03,2901.61,0,30429.04,0,2596.07,0,0,20,0,1.82,0,568.35,17.81,2334.18,113.62,0,0,0.00,0,0,0,0,0,0,0.00,0,366.97,0.00,30.85755111,0,0,0,0.00,5623.59,0.00,547.41,0,999.9499987,20,0,279.4275177,5272.92,1970.19,0,686.29,0,0,6.42,5222.54,0.00,0,0,0,0,791.14,3873.85,31.60696126,0.00,8.74,3,213.55
DF26,0,0,0.00,0,0,0,0.00,0.00,0,0.00,0,0.00,20,0,0,0,0,0,0,1,0,0,0,0,0,0,0,0,1.21,48.63,22.70,0,0,0.00,0,2,0,0,0,0,0,0,10.10,0,0,3,0,10.80,0,0,0,0,0.00,0,0.00,0,0.00,0,0,0,0,0.00,0.00,0.00,0.00,0.00,0,0,0,0,0,0,0,0,0.00,2.44,0.00,0.00,0,0,0,0,0.00,0,20,0,0.00,0.00,0,0.00,0,0,0.00,0.00,0.00,0.00,0,1.59,0,0,0,0,0,5,2,0,1,0,0.00,0,0.00,0,2,0,0.00,0.00,0.00,37.54,0,347.70,0,170.16,0,0,0,0,0.00,0,0.00,0.00,28.12,3.52,0,0,0.00,0,0,0,0,0,0,0.00,0,0.00,0.00,1,0,0,0,0.00,54.79,0.00,24.45,0,1,0,0,0,110.60,0.00,0,0.00,0,0,0.00,33.00,0.00,0,0,0,0,2.66,0.00,0,0.00,0.00,1,8.05
DF27,0,0,21.42,0,0,0,5.86,6.95,0,4.17,0,0.00,3162.119542,37.46112383,0,0,0,0,0,15,0,1,0,0,20,0,0,0,54.55,3292.39,1319.81,0,0,111.83,0,99.94998749,0,0,1,0,0,0,991.81,3,0,350.4386171,20,405.21,0,0,0,1,0.00,0,13.06,1,0.00,0,0,0,0,0.00,0.00,0.00,0.00,51.12,2,0,0,0,0,0,16.43167673,0,0.00,415.68,0.00,0.00,0,0,0,0,46.37,0,316.0696126,0,0.00,1.21,0,8.36,0,0,0.00,0.00,1713.65,0.00,20,292.24,0,0,0,0,1,99.94998749,316.0696126,20,20,0,0.00,0,0.00,3,20,0,20.62,38.61,0.00,307.79,0,27746.28,0,6622.20,0,0,0,12.281368,0.00,0,15.12,0.00,2108.45,33.09,0,0,0.00,6.011892975,0,0,0,0,0,0.00,0,14.77,0.00,20,0,0,0,0.00,4143.11,0.00,1314.19,0,3,37.83230363,0,8,7656.95,145.31,0,0.00,0,0,0.42,2155.51,0.00,0,0,0,0,147.11,494.11,0,0.00,0.00,20,152.36
DF28,2.236067977,4.69041576,2291.32,0,1,0,0.00,34.91,0,1.90,0,0.00,99.99499987,37.46112383,0,6.32455532,1.732050808,2,5.449031295,6.32455532,1,0,0,2.236067977,0,0,6.32455532,3,149.21,5451.08,1703.05,0,0,796.83,0,31.60696126,0,0,0,0,1.414213562,0,131.77,5.028715727,0,316.2119542,0,962.26,0,1.732050808,0,20.4362039,0.92,0,34.38,0,0.00,0,0,0,0,139.12,227.14,0.00,0.93,3164.21,5.942432162,3,0,0,1.732050808,1.414213562,3.16227766,2.645751311,498.57,21.32,0.00,893.21,0,0,0,0,982.29,0,50.09582409,6.32455532,0.00,1.01,0,30.37,20,0,108.20,3.77,3141.09,0.00,6.32455532,82.39,0,0,0,0,6.32455532,6.32455532,0,6.32455532,31.60696126,0,0.58,0,0.00,6.32455532,6.32455532,0,3051.24,2873.04,2241.42,2014.71,0,28190.02,0,1009.94,0,0,0,3,15.10,0,1294.56,79.07,2151.29,209.07,1,0,0.00,6.011892975,0,0,0,0,0,0.00,0,1876.21,0.00,0,0,0,0,0.00,5435.60,0.00,1656.45,0,31.60696126,6.32455532,0,6.32455532,3763.30,2261.19,6.32455532,2256.75,0,0,42.82,4301.56,73.98,0,0,0,0,1369.29,3715.63,31.60696126,0.00,0.00,1,137.56
DF29,4.705080365,6.32455532,1165.35,0,0,0,0.00,29.23,0,0.65,0,0.00,316.2119542,0,0,0,0,0,0,6.32455532,0,0,0,8.485281374,0,0,6.32455532,0,179.84,4970.00,1866.13,0,0,620.16,0,20,0,0,0,0,0,0,388.29,0,0,350.4386171,0,1023.03,0,0,0,0,3.49,0,23.48,0,0.00,0,0,0,0,19.31,421.62,0.00,0.00,2323.85,5.942432162,0,0,0,0,2.878732364,6.32455532,0,83.05,392.70,0.00,611.54,0,0,0,0,1049.99,0,316.2119542,6.32455532,0.00,2.46,0,30.57,0,0,0.00,12.72,3780.79,0.00,20,231.33,0,0,0,0,0,31.60696126,0,31.60696126,6.480740698,0,0.00,0,0.00,99.94998749,6.32455532,0,1058.67,2015.52,970.27,2693.20,0,31820.67,0,2274.10,0,0,0,316.0696126,0.00,0,793.48,6.36,2108.39,167.58,0,0,0.00,6.011892975,0,0,0,0,0,0.00,0,1043.57,0.00,0,0,0,0,0.00,5622.98,0.00,823.00,0,99.94998749,20,0,316.2119542,3748.79,2385.37,31.60696126,756.23,0,0,2.82,4473.95,0.00,0,0,0,0,1215.46,3282.22,99.94998749,0.00,4.31,8.144301976,167.59
DF37,0,0,0.00,0,0,0,0.00,0.00,0,0.00,0,0.00,316.0696126,6.32455532,0,0,0,0,0,2,0,0,0,0,0,0,0,0,1.16,60.91,22.72,0,0,0.00,0,3,0,0,0,0,0,0,0.61,0,0,20,0,0.00,0,0,0,0,0.00,0,0.00,0,0.00,0,0,0,0,0.00,0.00,0.00,0.00,0.00,0,0,0,0,0,0,15,0,0.00,0.00,0.00,0.00,0,0,0,0,0.00,0,20,0,0.00,0.00,0,0.00,0,0,0.00,0.00,0.00,0.00,0,0.00,0,0,0,0,1,6.32455532,0,20,20,0,0.00,0,0.00,0,20.09302478,0,0.00,11.05,0.00,0.00,0,348.50,0,1.36,0,0,0,0,0.00,0,0.00,0.00,25.26,0.00,0,0,0.00,6.011892975,0,0,0,0,0,0.00,0,0.00,0.00,0,0,0,0,0.00,54.48,0.00,75.36,0,0,37.83230363,0,20,63.74,0.00,0,0.00,0,0,0.00,26.38,0.00,0,0,0,0,0.00,0.00,0,0.00,0.00,0,0.00
DF38,0,0,58.49,0,0,0,0.00,0.00,0,0.40,0,0.00,1634.708404,37.46112383,0,6.32455532,1.732050808,3,0,6.32455532,0,5.099019514,0,0,0,0,73.39730808,0,22.11,2727.16,948.12,0,0,12.15,0,20,0,0,0,0,0,0,116.31,1,0,1108.18421,0,62.99,0,0,0,20,0.00,0,0.89,0,0.00,0,0,0,0,0.00,0.00,0.00,0.00,109.91,5.942432162,0,0,0,2.635025498,0,1.414213562,0,0.00,13.57,0.00,17.68,0,0,0,0,39.42,0,99.94998749,16.38452182,0.00,1.15,0,0.00,0,0,0.00,0.00,189.94,0.00,72.18692395,56.30,0,0,0,0,3,316.0696126,0,31.60696126,316.0696126,0,0.00,0,0.00,59.38087577,20.09302478,0,99.14,436.91,143.79,131.75,0,17232.64,0,950.01,0,0,0,0,2.08,0,52.31,0.00,1256.19,5.00,1,0,0.00,1,0,0,0,0,0,0.00,0,97.17,0.00,0,0,0,0,0.00,2385.44,0.00,1261.25,0,3,37.83230363,0,20,2018.06,253.13,0,109.43,0,0,0.44,1204.88,0.00,0,0,0,0,108.19,1538.13,0,0.00,0.00,8.144301976,18.72
DF39,4.705080365,1.732050808,2018.44,0,0,0,0.00,202.91,0,7.03,0,0.00,316.2119542,37.46112383,0,0,0,0,16,5.477225575,1.414213562,0,0,1,0,0,8.660254038,2.449489743,308.75,5606.25,1859.85,0,0,648.81,0,6.32455532,0,0,0,0,1.414213562,0,614.60,3,0,99.99499987,0,1087.58,0,3,0,0,0.00,0,39.89,0,0.00,0,3.923088707,0,0,97.81,212.82,0.00,5.69,2384.85,6.32455532,0,3,0,0,1.414213562,2.645751311,1,96.25,339.73,0.00,861.00,0,0,0,0,1072.25,0,316.2119542,6.32455532,0.00,113.57,0,48.41,0,3,0.00,4.00,3325.14,0.00,6.32455532,204.82,0,0,0,0,2.828427125,99.99499987,3,6.32455532,14,0,4.22,0,0.00,6.32455532,20,0,737.18,3432.20,1416.87,2958.32,0,31131.34,0,8128.60,0,1,0,1,3.70,0,682.19,0.00,2522.38,208.89,0,0,0.00,1,0,0,0,0,0,0.00,0,1038.05,0.00,0,0,0,0,0.00,5498.47,0.00,2193.47,0,6.32455532,8,0,6.32455532,6438.61,2189.16,6.32455532,1467.44,0,0,31.51,4473.48,534.04,0,0,0,0,1246.59,3427.53,6.32455532,0.00,0.00,1,359.72
DF49,3,1,1801.96,0,0,0,0.00,6.32,0,0.39,0,0.00,99.94998749,0,0,0,0,0,0,1,0,0,0,1,0,0,2,20,126.25,2858.00,1012.36,0,0,675.58,0,316.0696126,0,0,0,0,1.414213562,0,209.84,3,0,278.4895475,0,824.75,0,6.184859059,0,0,0.00,0,23.94,0,0.00,0,0,0,0,0.00,425.81,0.00,0.00,1771.34,0,0,0,0,2.635025498,3,10.12173988,0,189.97,43.79,0.00,596.86,0,0,0,0,917.17,0,316.0696126,20,0.00,0.58,0,3.70,0,0,0.00,0.00,2682.40,0.00,20,29.49,0,0,0,0,18.42932446,20,0,20,6.32455532,0,0.56,0,0.00,20,1,0,1157.66,2600.23,1159.36,2226.66,0,20270.35,0,1224.80,0,1,0,6.32455532,0.00,0,570.67,0.00,1135.42,136.57,0,0,0.00,0,0,0,0,0,0,0.00,0,1085.47,0.00,0,0,0,0,0.00,3880.53,0.00,2313.83,0,20,1,0,20,2653.27,1183.61,0,1079.46,0,0,2.44,3608.70,0.00,0,0,0,0,871.64,2697.91,20,0.00,0.00,0,161.78
DF59,1,1,113.47,0,0,0,0.00,0.00,0,0.00,0,0.00,316.0696126,0,0,0,0,0,0,20,0,0,0,0,0,0,20,3,10.37,790.60,355.28,0,0,48.94,0,69.67297166,0,0,0,0,0,0,93.19,0,0,278.4895475,0,154.35,0,0,0,0,0.00,0,1.17,0,0.00,0,0,0,0,0.00,46.57,0.00,0.00,63.10,0,0,0,0,1,0,3,0,0.00,30.95,0.00,44.68,0,0,0,0,95.70,0,531.2865308,16.38452182,0.00,0.00,0,0.49,0,0,0.00,0.00,501.55,0.00,72.18692395,22.87,0,0,0,0,0,118.7456423,0,32.12401964,20,0,0.00,0,0.00,59.38087577,20,0,55.91,462.28,36.97,261.14,0,5215.00,0,1333.61,0,0,0,3,0.00,0,45.54,0.00,407.92,9.00,0,0,0.00,6.011892975,0,0,0,0,0,0.00,0,81.68,0.00,0,0,0,0,0.00,808.55,0.00,919.54,0,154.4664933,3,0,279.4275177,1407.57,158.04,0,36.48,0,0,0.00,671.88,0.00,0,0,0,0,54.86,539.16,163.8555342,0.00,0.00,3,55.42
DG00,4.705080365,1,970.49,0,0,0,0.00,207.30,0,143.10,0,0.00,999.9499987,0,0,0,0,0,5.449031295,20,3,0,0,4.981287692,0,0,20,48.28047247,629.43,3714.95,1007.48,0,0,412.95,0,20,0,0,0,0,2,0,102.97,5.028715727,0,3162.119542,15.49193338,1074.55,0,5.196152423,0,0,0.00,0,41.90,0,0.00,0,0,0,0,1348.86,504.88,0.00,186.07,1832.90,0,0,0,0,3.872983346,1,3,0,157.25,136.18,0.00,699.22,0,0,1,3,1488.81,3.066526022,316.0696126,6.32455532,0.00,137.16,0,110.88,0,0,0.00,123.24,4165.90,0.00,20,214.44,0,0,0,7.108617267,99.94998749,20,0,20,1,0,1.49,4.242640687,0.00,1,20.09302478,0,258.62,1723.84,394.37,3098.12,0,17570.40,0,684.05,0,0,20,20,96.21,0,895.23,43.25,939.36,200.57,0,0,0.00,0,0,0,99.94998749,0,0,0.00,0,789.93,0.00,30.85755111,0,0,0,0.00,5491.26,0.00,196.11,0,20,99.94998749,0,279.4275177,3365.26,2714.13,6.32455532,2601.12,25.87805688,9.518589722,14.18,5463.77,777.98,0,0,0,0,1436.82,4020.37,20,0.00,53.39,8.144301976,87.15
DG01,3,1,2317.72,0,0,0,1.14,166.76,0,30.62,0,0.00,999.9499987,0,0,0,0,0,0,2.828427125,3,0,0,1,0,0,99.94998749,3,359.88,3871.15,1299.59,0,0,445.49,0,99.94998749,0,0,0,0,1,0,64.31,0,0,316.2119542,3.16227766,1282.31,0,3,1,0,2.68,0,78.01,0,0.00,0,0,0,0,930.80,1248.67,0.00,38.22,2042.89,0,0,0,0,0,0,1,0,34.85,454.52,0.00,756.22,0,0,0,0,1488.05,0,316.0696126,20,0.00,39.84,0,158.71,0,0,0.00,294.69,4743.50,0.00,99.94998749,456.46,0,0,0,0,20,99.94998749,0,20,0,0,5.23,0,0.00,20,1,0,50.63,2714.37,621.21,3838.27,0,23472.39,0,3144.43,0,0,20,0,3.87,0,1261.82,5.98,1539.17,241.92,0,0,0.00,0,0,0,5.656854249,0,0,8.97,0,233.76,0.00,0,0,0,0,0.00,5597.87,0.00,369.50,0,99.94998749,20,0,20,6325.84,2717.64,3,2474.67,0,0,14.00,5008.86,538.01,0,0,0,0,1807.66,4046.92,20,0.00,212.82,0,228.86
DG02,2,3,1304.57,0,0,0,12.08,240.79,0,5.57,0,0.00,316.0696126,0,0,0,0,0,20,6.32455532,3,0,0,6,0,0,316.0696126,3,168.45,1962.17,1796.88,0,0,626.06,0,31.60696126,0,0,0,0,3,0,301.12,3,0,316.0696126,3,1365.09,0,3,20,0,33.82,0,57.42,0,2.87,0,0,0,0,699.18,1612.27,0.00,14.89,1748.16,0,0,0,0,0,3,20,0,80.28,1488.94,0.00,827.09,0,0,0,3,1237.11,0,3162.119542,20,0.00,4.53,0,144.05,0,0,0.00,523.56,5005.79,0.00,316.0696126,1835.27,0,0,0,0,3,316.0696126,0,20,3,0,0.04,0,0.00,316.0696126,20,0,68.39,3209.34,670.80,3863.91,0,30937.33,0,6567.97,0,0,316.0696126,0,8.63,0,1129.73,12.01,2024.99,256.40,0,0,0.00,0,0,0,20,0,0,9.61,0,120.29,0.00,3,0,0,0,0.00,5188.80,0.00,1591.63,0,316.0696126,20,0,20,10149.81,3000.65,0,2280.33,0,0,10.21,2907.60,30.49,0,0,0,0,1060.57,3806.21,20,0.00,196.65,20,612.39
DG03,5,3,2732.70,0,0,0,17.02,265.30,0,24.12,0,0.00,999.9499987,0,0,0,0,0,0,0,0,0,0,1.414213562,0,0,6,0,329.66,1081.92,462.75,0,0,1097.69,0,20,0,0,0,0,1.732050808,0,10.67,0,0,316.0696126,99.94998749,1421.66,0,2,20,0,19.37,0,134.34,0,76.64,0,0,0,0,1715.13,1847.40,0.00,20.76,4198.22,0,0,0,0,0,1,1,0,569.09,714.45,0.00,1077.46,0,0,0,1,810.24,0,316.0696126,20,0.00,34.09,0,130.10,0,0,10.46,1031.01,5039.59,0.00,20,1246.58,0,0,0,0,0,20,0,20,0,0,0.68,0,0.00,20,5,0,183.43,2107.52,1854.78,4255.96,0,19397.23,0,324.14,0,0,16,0,12.55,0,1830.86,22.10,225.61,314.16,0,0,0.00,0,0,0,5,0,0,0.00,0,712.67,0.00,0,0,0,0,0.00,5512.36,0.00,123.08,0,316.0696126,5,0,0,5483.44,3107.35,0,3845.55,0,0,13.17,1466.38,69.73,0,0,0,0,1983.82,3978.36,20,0.00,234.53,0,498.90
DG04,3,3,2101.23,0,0,0,29.46,587.42,0,63.85,0,0.22,316.0696126,0,0,0,0,0,0,0,4.242640687,0,0,5.916079783,0,0,316.0696126,0,589.34,1584.15,144.34,0,0,315.46,0,20,0,0,0,0,2.83541522,0,5.31,0,0,20,20,1297.53,0,2.828427125,20,0,18.50,0,134.45,0,62.31,0,0,0,0,1560.16,1642.15,0.00,62.59,2887.25,0,0,0,0,0,4.242640687,0,0,821.06,548.98,0.00,1132.76,0,0,0,1,638.16,0,316.0696126,20,0.38,152.40,0,165.51,0,0,77.57,1119.01,4836.88,0.00,20,1672.68,0,0,0,0,6,316.0696126,0,4.242640687,0,0,1.21,0,0.00,20,20,0,239.76,1925.97,1353.45,4133.93,0,18565.07,0,334.90,0,0,0,0,23.54,0,1460.69,53.10,210.15,203.50,0,0,0.00,0,0,0,3,0,0,0.00,0,631.56,0.00,0,0,0,0,0.00,5331.40,0.00,30.60,0,316.0696126,20,0,0,6607.96,2486.05,3,4269.60,0,0,23.47,1808.87,1028.45,0,0,0,0,1574.37,3957.30,20,0.00,305.21,0,574.57
DG05,3,3,836.36,0,0,0,194.18,600.59,0,33.14,0,39.52,316.0696126,0,0,0,0,0,1,20,3,0,0,6.92820323,0,0,20,0,488.93,1658.77,374.91,0,0,483.50,0,20,0,0,0,0,0,0,25.12,0,0,20,20,1378.16,0,2.143395031,20,0,182.40,0,112.57,0,73.20,0,0,0,0,918.07,1815.57,0.00,51.58,3600.26,0,0,0,0,0,7.348469228,0,0,811.36,916.73,0.00,1175.94,0,0,0,2.257319217,439.11,0,3162.119542,20,58.98,63.18,0,112.67,0,0,0.00,1091.35,4727.83,0.00,20,2786.16,0,0,0,0,4.242640687,316.0696126,0,5.196152423,0,0,0.05,0,0.00,20,20,0,225.43,2752.92,126.80,4221.85,0,28151.13,0,2123.72,0,0,20,0,106.04,0,1279.50,338.36,931.48,459.43,0,0,0.00,0,0,0,6.708203932,0,0,106.31,0,755.35,0.00,0,0,0,0,0.00,5086.66,0.00,110.41,0,316.0696126,20,0,0,9147.75,2925.05,0,1990.77,3,0,19.88,492.04,23.08,0,0,0,0,1322.32,3874.39,316.0696126,0.00,334.32,20,561.01
DG06,3,20,2899.21,0,0,0,9.55,32.32,0,0.86,0,105.97,316.0696126,0,1,0,0,0,3,5.196152423,4.242640687,0,0,4.898979486,0,0,20,0,227.03,701.38,230.52,11.78203406,0,1129.62,0,6,0,0,0,0,2.449489743,0,4.38,0,0,20,0,1273.08,0,20,20,0,3.01,0,70.01,0,194.81,0,0,6.32455532,0,2113.95,588.92,0.00,0.44,5646.94,0,0,0,0,2,5.477225575,3.872983346,0,1758.58,31.37,0.00,1307.15,0,12.29725579,0,1,30.23,0,20,4.242640687,152.25,0.00,0,2.14,0,0,588.64,325.41,1272.89,0.00,0,249.69,0,0,0,0,1,316.0696126,0,20,0,1.069044968,0.00,0,10.33,20,3,0,4413.78,4026.28,2386.35,3551.97,0,9414.75,0,266.10,0,2.052872552,4.242640687,0,398.13,0,1727.33,1312.70,390.42,294.87,0,0,307.25,0,0,0,20,2.907670108,3.872983346,1349.50,0,2976.57,652.96,0,0,0,3,301.14,2758.69,76.60,120.57,0,20,20,0,0,2507.82,3249.28,316.0696126,838.63,0,0,0.00,200.65,0.00,0,3,0,0,2084.56,4036.19,316.0696126,42.26,426.12,0,29.45
DG07,0,0,1920.97,0,0,0,64.64,54.05,0,1.59,0,107.76,20,0,0,0,0,0,0,0,3,0,0,3,0,0,3,0,522.72,556.80,13.41,0,0,456.35,0,0,0,0,0,0,3,0,0.00,0,0,0,0,869.87,0,3,20,0,0.00,0,100.31,0,78.33,0,0,3,0,4060.76,307.41,0.00,23.81,5706.80,0,0,0,0,2,3,3,0,1811.48,0.00,0.00,1149.76,0,0,0,0,11.16,0,20,6.32455532,332.09,0.14,0,3.23,0,0,650.70,330.02,482.84,0.00,0,192.42,0,0,0,3,1,99.94998749,0,3,0,0,0.00,0,31.94,3,3,0,5056.19,2095.81,1799.74,3246.89,6.32455532,4954.28,0,98.30,0,0,0,0,536.22,0,977.92,1096.39,44.30,272.62,0,0,151.98,0,0,0,99.94998749,0,3,1283.01,0,1638.28,206.67,0,0,0,0,129.63,2833.11,0.00,0.00,0,154.4664933,20,0,0,850.46,2462.29,316.0696126,484.06,0,0,4.40,33.77,0.00,0,3,0,0,1324.17,4050.73,99.94998749,3.88,491.09,0,2.11
DG08,4.242640687,6.32455532,1084.75,4,0,0,441.62,23.73,0,3.15,20,138.15,316.2119542,0,3,0,0,0,0,20,2,0,0,6.32455532,0,0,20,0,367.58,449.10,11.70,11.78203406,0,1028.02,0,69.67297166,0,0,0,0,1,3.140721956,0.00,0,0,3,0,881.14,0,6.32455532,6.32455532,0,4.49,0,81.10,0,202.68,0,2,5,0,2579.17,130.99,23.59,31.24,5293.18,0,0,0,0,3,3,31.60696126,2.645751311,1806.03,4.16,0.00,763.49,1,12.29725579,0,0,8.04,0,20,20,801.57,14.64,0,5.46,0,0,1909.70,298.05,392.78,0.00,3,210.00,0,2.704163457,0,3,0,20,31.81158658,32.12401964,0,0,0.00,0,112.43,3,20,0,5334.20,1260.07,2901.06,1992.73,0,3606.43,0,82.98,3,3,58.44102453,0,426.84,0,570.77,704.74,47.68,197.81,0,20,1395.76,0,0,0,20,20,20,770.10,0,2144.47,1361.34,0,0,30.54178746,3,1104.19,2122.94,15.42,0.00,0,0,20,0,0,721.40,1854.38,316.0696126,323.52,6.32455532,0,2.51,0.00,0.00,0,8,0,4.242640687,1708.14,3495.05,20,134.07,1036.34,0,9.04
DG09,3,3,318.75,0,0,0,2391.53,232.29,0,39.63,0,499.48,31.60696126,0,1.022991509,0,0,0,3,6.32455532,1,0,6.32455532,3,0,0,6.32455532,0,1659.52,3501.08,173.77,0,0,397.93,0,69.67297166,0,0,0,1.118033989,3,3,0.00,5.028715727,0,20,26.69030188,757.81,0,3,6.32455532,6.32455532,104.32,0,108.28,0,88.50,0,3,0,0,3117.33,682.79,328.83,324.46,3119.94,0,0,0,0,3,2.878732364,6.32455532,0,1625.99,62.59,0.00,392.65,0,0,0,2.257319217,301.59,0,316.2119542,6.32455532,2553.42,0.97,0,78.02,0,0,135.70,569.08,3217.85,0.00,6.32455532,1941.04,1.217161239,2.704163457,0,3,0,20,31.60696126,32.12401964,0,0,0.00,0,119.18,20,31.60696126,0,972.23,2462.37,134.87,3140.92,77.80607124,19191.91,0,1632.99,20,2.926150761,6.32455532,3,1007.07,0,591.10,382.68,795.22,258.35,0,0,299.65,0,0,0,31.60696126,0,49.56767943,51.44,0,407.04,9.61,0,6.32455532,3,0,7.94,3494.13,0.00,158.23,0,3,20,0,0,6316.67,2615.15,99.94998749,417.07,31.60696126,9.518589722,27.43,0.00,61.03,0,0,0,0,1245.48,3892.85,31.60696126,0.00,1048.61,3,98.14
DG10,4.705080365,3,2161.19,0,0,0,0.00,18.03,0,2.31,0,0.00,3162.119542,0,0,0,0,1,5.449031295,20,3.180086824,0,0,3,0,0,20,20,192.06,3276.31,1206.20,0,0,925.33,0,316.0696126,0,0,0,0,2.83541522,0,113.42,0,0,278.4895475,26.69030188,1184.52,0,3,0,0,4.26,0,57.96,0,0.00,0,0,0,0,399.89,676.57,0.00,2.28,4401.51,0,0,0,0,2.635025498,2.878732364,3,0,1005.79,113.62,0.00,1254.17,0,0,1.913932948,0,1091.98,0,3162.119542,20,0.00,0.31,0,34.57,0,0,0.00,138.21,3825.82,0.00,20,189.47,0,0,0,0,20,316.0696126,0,20,22.35446761,0,0.17,0,0.00,316.0696126,3,0,2497.34,2621.78,2330.47,3466.80,0,20075.84,0,452.72,0,0,20,12.281368,4.91,0,1649.69,231.96,947.25,10.17,0,0,0.00,0,0,0,65.4927168,0,0,0.00,0,1846.07,0.00,0,0,0,0,0.00,5514.76,0.00,249.63,0,316.0696126,20,0,279.4275177,3115.57,2884.74,56.73598759,2245.00,0,0,5.01,4417.96,15.75,0,0,0,0,1817.28,3926.52,316.0696126,0.00,49.46,8.144301976,76.99
DG11,3,3,3301.46,0,0,0,9.94,8.39,0,9.06,0,0.00,590.7866144,0,2.247226522,0,0,0,0,3,1,0,0,3,0,0,20,0,206.72,885.86,12.19,0,0,1083.18,0,20,0,0,0,0,1,0,0.60,0,0,20,20,1434.35,0,3,3,20.4362039,0.00,0,80.40,0,8.75,0,0,0,0,733.87,804.73,0.00,3.69,5660.49,0,0,0,0,3,0,6.32455532,0,1513.45,0.00,0.00,1298.05,0,0,3,0,1115.67,0,20,3,0.00,6.62,0,22.75,0,0,74.30,334.13,3758.13,0.00,20,100.12,0,0,0,0,18.42932446,20,0,20,0,0,0.03,0,0.00,6.32455532,3,0,2425.96,4189.47,2213.44,3975.26,0,2172.12,0,21.87,0,0,3,12.281368,59.69,0,2150.08,386.08,0.00,69.08,0,0,0.00,0,0,0,99.94998749,0,0,7.58,0,2882.30,0.00,3,0,0,0,0.00,4761.15,0.00,0.00,0,20,20,0,20,687.69,3420.98,20,4863.30,25.87805688,0,3.83,3174.27,244.76,0,0,0,0,2682.17,4138.13,6.32455532,0.00,135.68,0,4.24
DG12,0,3,3569.84,0,0,0,10.90,112.96,0,2.32,0,0.00,316.0696126,0,0,0,0,0,1,0,3.180086824,0,0,1,0,0,20,3,239.26,3238.78,1071.49,0,0,1153.22,0,20,0,0,0,0,2.83541522,0,19.57,0,0,20,20,1428.65,0,6.184859059,5,0,8.27,0,130.20,0,50.91,0,0,0,0,853.68,1734.59,0.00,11.49,4288.59,0,0,0,0,1,0,1,0,769.70,417.04,0.00,1142.64,0,0,0,0,1251.78,0,316.0696126,16.38452182,0.00,7.90,0,71.06,0,0,53.38,600.84,4767.77,0.00,20,701.94,0,0,0,0,18.42932446,20,0,3,0,0,0.00,0,0.00,20,0,0,1103.63,3990.83,2695.55,4184.61,0,18525.32,0,653.36,0,2.926150761,0,0,4.04,0,1928.18,147.24,280.56,258.55,0,0,0.00,0,0,0,20,0,0,0.00,0,1156.83,0.00,20,68.05562138,0,0,0.00,5507.31,0.00,150.49,0,99.94998749,20,0,0,3897.48,3362.70,0,3327.60,25.87805688,0,8.44,2761.25,37.67,0,0,0,0,2284.54,4077.49,20,0.00,281.31,20,178.43
DG13,0,3,3498.86,0,0,0,4.78,60.21,0,2.87,0,0.00,316.0696126,0,0,0,0,0,3,3,3,0,0,20,0,0,20,0,188.42,1145.16,1031.44,0,0,1259.69,0,316.0696126,0,0,0,0,3,0,5.79,3,0,316.0696126,20,1442.48,0,3,20,0,29.24,0,140.77,0,53.93,0,0,0,0,867.03,1904.79,0.00,20.07,4607.01,0,0,0,0,3,3,3,0,1107.26,289.50,0.00,1312.60,0,0,0,0,510.35,0,316.0696126,3,0.00,8.48,0,61.79,0,0,59.45,474.30,4903.76,0.00,20,627.91,0,0,0,0,3,316.0696126,0,0,0,0,0.00,0,0.00,3,3,0,1279.78,3863.49,3132.41,4295.70,0,19501.75,0,209.13,0,0,20,0,13.62,0,1910.25,290.33,220.97,196.74,0,0,0.00,0,0,0,20,0,0,1.15,0,1826.39,0.00,0,0,0,0,0.00,5584.30,0.00,55.36,0,20,20,0,0,4130.75,3137.50,0,2322.47,0,0,4.78,636.03,0.00,0,0,0,0,1996.80,4091.76,3,0.00,201.54,3,262.49
DG14,3,0,4228.72,0,0,0,137.57,159.90,0,6.30,0,3.66,999.9499987,0,0,0,0,0,0,20,2,0,0,6.32455532,0,0,99.94998749,0,236.12,363.87,357.34,0,0,1197.47,0,20,0,0,0,0,3,0,3.36,0,0,20,6.32455532,1447.49,0,20,20,0,136.55,0,148.69,0,145.12,0,0,3,0,685.95,1533.46,0.00,3.43,5288.72,0,0,0,0,0,0,3,0,1656.52,322.62,0.00,1577.14,0,0,0,0,164.21,0,999.9499987,20,2.46,13.10,0,62.50,0,0,397.98,509.33,4662.62,0.00,99.94998749,1048.29,0,0,0,0,0,99.94998749,0,20,0,0,0.07,0,0.00,6.32455532,20,0,2918.70,3998.71,1832.67,4440.30,6.32455532,16733.99,0,215.52,0,0,0,0,14.96,0,1824.49,80.47,218.94,355.31,0,0,0.00,0,0,0,0,0,0,16.91,0,2329.18,0.00,0,0,0,0,0.00,4839.12,0.00,21.43,0,99.94998749,20,0,20,4769.63,3153.09,20,1484.56,20,0,3.90,375.98,15.32,0,0,0,0,2112.54,3962.86,163.8555342,0.00,207.90,20,645.88
DG15,3,3,1601.95,0,0,0,105.51,553.81,0,40.21,0,4.24,20,0,0,0,0,0,0,0,3,0,0,3,0,0,73.39730808,0,1160.55,1922.74,1291.14,0,0,228.78,0,20,0,0,0,0,0,0,8.36,3,0,20,20,1320.98,0,3,20,0,68.72,0,132.92,0,49.60,0,0,0,0,1412.12,1655.59,0.00,64.79,3326.16,0,0,0,0,0,2.878732364,10.12173988,0,911.82,627.44,0.00,1080.22,0,0,0,0,251.06,0,316.0696126,3,69.17,49.93,0,130.78,0,0,27.70,836.99,4252.82,0.00,20,2023.29,0,0,0,0,0,20,0,32.12401964,0,0,0.23,0,0.00,20,3,0,945.68,2976.23,669.88,4175.61,0,21939.50,0,287.30,0,0,20,0,25.45,0,673.57,167.52,253.66,351.55,0,0,0.00,0,0,0,0,0,0,96.10,0,870.46,0.00,0,0,0,0,0.00,4857.90,0.00,36.07,0,20,3,0,0,5219.13,3028.53,20,1775.56,0,0,26.38,319.51,18.51,0,0,0,0,685.59,3978.05,3,0.00,162.29,20,456.70
DG16,3,20,4363.54,0,0,0,1.18,2.94,0,0.38,0,122.37,20,0,0,0,0,0,0,0,3,0,0,5.916079783,0,0,316.0696126,0,105.44,173.55,101.11,2.32992949,0,1362.70,0,0,0,0,0,0,2,0,0.33,0,0,278.4895475,4.242640687,1359.98,0,3,20,0,0.00,0,125.26,0,369.98,0,0,5.916079783,0,2052.32,939.22,0.00,0.00,5967.79,0,0,0,0,2,4.898979486,3.464101615,0,1621.40,0.00,0.00,1338.47,0,0,0,1.007905261,7.07,0,99.94998749,6.32455532,189.72,0.00,0,0.45,0,0,14.76,239.80,243.04,0.00,0,166.79,0,0,0,0,0,20,0,20,0,0,0.00,0,0.00,59.38087577,0,0,5480.73,4448.03,3245.47,4156.40,3,5800.06,0,30.23,0,2.828427125,0,0,228.44,0,1918.84,1004.79,15.28,186.32,0,0,0.00,0,0,0,20,0,0,1315.54,0,3493.08,1.10,0,0,0,3,16.58,2437.98,102.18,6.83,0,4.242640687,20,0,0,1875.39,3359.50,316.0696126,936.17,4.242640687,0,1.51,73.44,0.00,0,0,0,0,2107.62,4112.25,316.0696126,0.00,280.74,3,37.83
DG17,3,20,3071.81,0,0,0,3.62,5.92,0,1.76,0,474.19,20,0,1,0,0,0,0,0,3,0,0,3.872983346,0,0,20,0,143.64,116.20,0.00,0,0,1065.31,0,0,0,0,0,0,1.162174406,0,0.00,0,0,20,0,1087.86,0,8.774964387,20,0,0.86,0,119.88,0,358.45,0,0,7.937253933,0,1543.05,231.52,0.00,1.77,6081.94,0,0,0,0,1,2.828427125,2.828427125,0,1737.96,0.00,0.00,831.97,0,12.29725579,0,0,3.62,0,316.0696126,6,442.69,0.00,0,0.00,0,0,86.99,221.01,37.27,0.00,0,120.36,0,0,0,1,0,20,0,3,0,2.198329607,0.00,0,10.54,0,0,0,5844.41,3126.68,3098.72,3349.67,20,1771.80,0,28.13,0,5.291502622,3,0,255.79,0,1232.57,1036.44,5.22,161.00,0,0,216.77,0,0,0,316.0696126,0,5.916079783,1671.19,0,2564.58,215.19,0,0,0,4.242640687,235.66,1135.24,414.01,3.04,0,0,20,0,0,391.48,2734.94,316.0696126,309.81,0,0,1.93,5.11,0.00,0,1.414213562,0,0,2200.34,4081.07,316.0696126,0.00,533.71,0,0.00
DG18,4.705080365,3,559.37,1,0,0,1365.16,0.00,0,2.75,31.60696126,279.19,20,0,1,0,0,0,0,0,3.180086824,0,0,3,0,0,3,0,732.57,0.00,0.00,3,0,179.66,0,0,0,0,0,0,3,0,0.00,0,0,0,0,635.08,0,3,20,0,8.56,0,78.82,0,148.81,0,0,3,0,1505.75,0.00,211.44,46.65,3625.09,0,0,0,0,2.635025498,2.878732364,3,0,1246.41,0.00,0.00,291.64,2.093504511,12.29725579,0,0,0.00,0,531.2865308,0,557.82,0.00,0,0.00,0,0,3249.71,284.93,0.00,0.00,0,87.69,0,0,0,3,0,3,0,3,0,0,0.00,0,538.17,0,0,0,4589.02,444.51,2310.60,681.97,0,574.07,0,31.94,3,3,58.44102453,0,508.70,0,191.82,275.08,6.26,37.02,0,0,2440.53,0,0,0,3,20,20,658.96,0,720.05,1579.60,0,0,0,0,1188.90,1538.12,0.00,0.00,0,0,20,0,0,280.46,943.22,56.73598759,110.10,3,0,0.35,0.00,0.00,0,3,0,0,851.38,2937.70,3,153.72,953.55,0,0.00
DG19,4.705080365,5.840580155,19.89,0,0,0,1026.51,37.39,0,3.52,20,243.30,3162.119542,0,2.247226522,0,0,0,0,32.35282205,0,0,0,4.981287692,0,0,0,0,368.44,934.74,11.51,0,0,154.89,0,0,0,0,0,1.118033989,3,0,0.00,0,0,278.4895475,0,446.09,0,6.184859059,20,316.0696126,49.42,0,46.93,0,90.79,0,0,0,0,1342.84,122.58,118.47,102.58,1961.70,0,0,0,0,0,0,20,0,798.39,34.31,0.00,124.93,0,0,0,2.257319217,94.76,0,3162.119542,16.38452182,652.98,0.00,0,13.61,0,0,1316.48,284.55,1103.27,0.00,72.18692395,656.12,3.718489007,0,0,7.108617267,0,20,20,20,0,0,0.00,0,65.73,59.38087577,20.09302478,0,1453.60,575.69,701.12,883.84,0,8286.27,0,931.20,0,0,20,0,239.80,0,136.03,99.65,437.21,62.13,0,0,741.98,0,0,0,65.4927168,0,49.56767943,117.49,0,223.86,503.05,0,0,0,0,190.19,1906.41,0.00,166.51,0,154.4664933,37.83230363,0,0,2541.53,705.84,56.73598759,56.34,316.0696126,3,1.50,0.00,0.00,0,0,0,0,466.95,1784.31,163.8555342,25.98,657.78,0,4.99
DG20,4.705080365,3,1999.25,0,0,0,2.93,119.33,0,0.70,0,0.00,316.2119542,0,0,0,0,0,5.449031295,20,3.180086824,0,0,3,0,0,20,48.28047247,155.22,4120.37,1952.48,0,0,1025.88,0,6.32455532,0,0,0,0,0,0,453.15,5.028715727,0,316.0696126,0,1255.89,0,6.184859059,14.14468365,0,1.93,0,52.18,0,0.00,0,0,0,0,125.72,1180.40,0.00,0.00,3402.89,0,0,0,0,0,2.878732364,3,0,308.55,691.98,0.00,1240.75,0,0,0,0,1238.60,0,31.60696126,16.38452182,0.00,0.06,0,43.18,0,0,0.00,106.49,4365.48,0.00,20,304.02,0,0,0,0,0,20,0,32.12401964,20,0,0.00,0,0.00,20,20,0,1413.44,2934.30,1745.00,3742.40,0,29339.89,0,1505.66,0,0,0,12.281368,2.23,0,1460.74,99.61,1849.12,126.14,0,0,0.00,0,0,0,0,0,0,1.66,0,1357.67,0.00,0,0,0,0,0.00,5599.23,0.00,639.25,0,99.94998749,37.83230363,0,20,5115.20,3055.61,56.73598759,980.66,0,0,3.32,4757.06,0.00,0,0,0,0,2010.61,3831.15,20,0.00,32.97,8.144301976,281.79
DG21,3,5.840580155,3916.88,0,0,0,1.39,0.00,0,0.00,0,0.34,316.0696126,0,0,0,0,0,0,3,3.180086824,0,0,3,0,0,20,3,146.13,1905.32,449.30,0,0,1429.27,0,20,0,0,0,0,3,0,8.69,0,0,20,0,1392.40,0,3,3,0,0.95,0,82.77,0,107.50,0,0,0,0,741.22,1376.12,0.00,0.00,5973.59,0,0,0,0,1,2,0,0,1784.05,11.77,0.00,1639.03,0,0,0,0,572.95,0,316.0696126,3,0.00,0.11,0,6.91,0,0,133.09,224.45,3137.99,0.00,72.18692395,133.24,0,0,0,0,0,20,0,3,0,0,0.00,0,0.00,3,0,0,5254.66,4493.82,3837.30,4230.24,0,10085.49,0,26.68,0,0,0,3,1.72,0,2370.29,757.91,31.87,130.08,0,0,0.00,0,0,0,20,0,0,9.25,0,3680.83,0.00,0,0,0,0,0.00,5269.57,0.00,4.09,0,20,20,0,3,2097.95,3471.36,20,3019.67,0,0,0.41,3190.38,0.00,0,0,0,0,2576.82,4131.33,20,0.00,122.99,0,5.64
DG22,3,3,3927.62,0,0,0,141.48,75.69,0,0.34,0,0.38,316.0696126,0,0,0,0,0,3.464101615,20,2.449489743,0,0,8.94427191,0,0,20,0,249.65,576.65,129.78,0,0,947.50,0,6.32455532,0,0,0,0,2,0,7.42,0,0,20,26.69030188,1393.74,0,6.32455532,20,20,21.54,0,144.47,0,47.66,0,0,6.014896852,0,680.92,1381.04,17.83,0.44,5949.45,0,0,0,0,3,3,3,0,1353.41,92.45,0.00,1265.61,0,0,0,0,228.30,0,99.94998749,3,3.93,0.15,0,13.85,0,0,29.34,439.53,2117.33,0.00,20,568.23,0,0,0,0,0,20,0,20,0,0,0.00,0,0.00,3,3,0,3164.46,3755.63,1929.84,4146.07,0,12859.64,0,193.53,0,0,58.44102453,0,13.88,0,1989.01,527.54,374.51,288.09,0,0,0.00,0,0,0,99.94998749,0,0,12.52,0,1953.73,0.00,0,0,0,0,0.00,4567.81,0.00,68.73,0,20,20,0,279.4275177,4482.15,2760.91,56.73598759,1192.72,0,0,1.43,355.25,0.00,0,0,0,0,2215.71,4089.03,316.0696126,0.00,191.12,3,237.24
DG23,0,5.840580155,3784.99,0,0,0,42.98,15.40,0,0.00,0,8.01,20,0,0,0,0,0,0,0,0,0,0,3,0,0,3,0,320.70,458.37,646.41,0,0,655.30,0,69.67297166,0,0,0,0,3,0,0.93,0,0,3,3,1340.56,0,3,3,0,9.88,0,126.34,0,119.82,0,0,6.014896852,0,1254.92,1440.71,24.24,0.00,5807.25,0,0,0,0,0,3,3,0,1495.79,20.09,0.00,1296.68,0,0,0,2.257319217,138.66,0,20,16.38452182,20.52,0.26,0,6.68,0,0,10.38,485.85,1520.38,0.00,20,416.17,0,0,0,0,0,3,0,0,0,0,0.00,0,0.62,3,20.09302478,0,3716.54,4056.04,1704.92,4321.98,0,12338.53,0,72.98,0,0,3,0,49.09,0,1447.11,556.13,207.39,200.19,0,0,0.00,0,0,0,0,0,0,73.33,0,2335.01,0.00,0,0,0,0,0.00,4038.89,0.00,6.39,0,20,3,0,0,3582.30,2650.37,0,1410.94,0,0,4.46,204.35,0.00,0,0,0,0,1673.08,4053.79,20,0.00,173.92,0,262.00
DG24,20,20,3409.30,0,0,0,79.03,198.74,0,1.12,0,0.72,3162.119542,0,0,0,0,0,0,20,3.180086824,0,0,20,0,0,316.0696126,0,168.51,730.12,711.85,0,0,720.04,0,316.0696126,0,0,0,0,2.83541522,3.140721956,3.84,0,0,20,20,1321.30,0,20,20,3,69.22,0,100.47,0,100.24,0,0,0,0,464.66,1209.57,24.94,0.40,4832.83,0,0,0,0,0,3,0,0,1005.74,289.66,0.00,1553.12,0,0,0,0,187.10,0,3162.119542,0,22.78,1.34,0,40.11,0,0,576.47,384.65,3116.29,0.00,316.0696126,927.28,0,0,0,0,0,3162.119542,0,3,0,0,0.00,0,0.00,316.0696126,20,0,2392.42,3670.06,1256.47,4284.97,0,25127.19,0,525.67,0,0,20,0,31.72,0,794.55,275.90,1127.51,245.04,0,0,0.00,0,0,0,20,0,0,46.37,0,1529.41,0.00,0,0,0,0,0.00,3880.96,0.00,97.41,0,3162.119542,20,0,3162.119542,6881.05,3007.33,20,874.28,0,0,2.56,344.66,0.00,0,0,0,0,1274.47,4046.49,316.0696126,0.00,170.87,20,683.35
DG25,20,20,2898.96,0,0,0,125.91,201.94,0,1.55,0,10.90,3162.119542,0,0,0,0,0,3,20,3,0,0,20,0,0,316.0696126,0,233.59,120.43,1238.38,0,0,1200.02,0,99.94998749,0,0,0,0,3,0,3.50,0,0,20,20,1434.31,0,20,20,0,111.98,0,149.91,0,463.94,0,0,1,0,472.60,1915.60,0.00,2.17,5482.60,0,0,0,0,2.635025498,3,3,0,1598.32,228.14,0.00,1409.11,0,0,0,0,222.67,0,3162.119542,20,252.55,0.08,0,40.00,0,0,19.54,1169.63,4384.59,0.00,316.0696126,1824.76,1,0,0,0,0,999.9499987,0,32.12401964,0,0,0.00,0,0.00,316.0696126,20,0,2666.74,4531.39,536.57,4272.74,1,27549.88,0,602.14,0,0,20,3,78.74,0,1762.76,1002.25,1259.33,447.05,0,0,0.00,0,0,0,20,0,0,77.07,0,2801.89,0.00,0,0,0,0,0.00,4467.62,0.00,53.94,0,999.9499987,20,0,3162.119542,9073.98,3497.07,20,722.57,316.0696126,0,7.86,99.26,0.00,0,0,0,0,1687.09,4031.66,316.0696126,0.00,411.38,20,669.78
DG26,0,0,3995.93,0,0,0,6.43,2.72,0,0.00,0,51.20,316.0696126,0,0,0,0,0,0,0,0,0,0,3,0,0,20,0,72.72,38.01,112.78,0,0,1412.06,0,0,0,0,0,0,2.83541522,0,0.00,0,0,20,20,1396.47,0,20,20,0,4.37,0,148.78,0,567.49,0,0,6.014896852,0,623.51,1099.11,0.00,0.00,6132.66,0,0,0,0,0,0,0,0,1623.31,5.43,0.00,980.50,0,0,0,1,0.00,0,531.2865308,0,190.98,0.00,0,0.00,0,0,0.00,291.56,836.92,0.00,72.18692395,248.21,0,0,0,0,0,118.7456423,0,20,0,0,0.00,0,0.00,0,0,0,4899.14,4575.02,2261.32,4273.93,77.80607124,10473.48,0,42.69,0,0,0,0,70.12,0,1951.59,1110.27,13.59,382.51,0,0,0.00,0,0,0,316.0696126,0,0,387.34,0,2873.09,0.00,0,0,0,0,0.00,2005.74,15.59,3.18,0,0,316.0696126,0,3162.119542,2152.60,3510.52,20,334.64,0,0,0.00,0.00,0.00,0,0,0,0,2124.25,4128.49,3162.119542,0.00,266.73,8.144301976,117.48
DG27,0,5.840580155,3866.46,0,0,0,1.26,2.73,0,0.00,0,225.52,590.7866144,0,0,0,0,0,0,0,0,0,0,3,0,0,20,0,93.73,105.89,0.00,0,0,1419.43,0,0,0,0,0,0,2.83541522,0,0.00,0,0,3,0,1119.83,0,6.32455532,20,0,0.00,0,122.92,0,517.41,0,0,3,0,1301.03,385.01,0.00,0.00,6085.50,0,0,0,0,2.635025498,0,3,0,1767.75,0.00,0.00,832.52,0,12.29725579,0,0,0.00,0,20,3,631.37,0.00,0,0.00,0,0,70.05,255.84,72.58,0.00,0,143.65,0,0,0,0,0,20,0,0,0,0,0.00,0,1.33,59.38087577,20.09302478,0,5981.93,3427.10,3121.08,3897.68,77.80607124,2433.81,0,11.61,1,2.926150761,0,0,107.17,0,1561.17,1161.76,14.03,226.54,0,0,49.13,0,0,0,20,0,49.56767943,818.02,0,3183.17,8.58,0,0,0,0,0.00,1453.64,43.43,0.00,0,154.4664933,37.83230363,0,0,457.72,2985.51,56.73598759,202.47,0,0,0.82,2.37,0.00,0,8.215234361,0,0,2434.85,4086.50,316.0696126,0.00,464.45,0,0.00
DG28,4.705080365,3,1219.43,0,0,0,340.46,6.02,0,3.65,20,197.18,20,0,1,0,0,0,0,0,0,0,0,3,0,0,20,0,610.25,65.81,22.86,0,0,568.71,0,0,0,0,0,0,2.83541522,0,0.00,0,0,278.4895475,0,843.96,0,3,6.32455532,0,0.00,0,87.60,0,281.89,0,0,3,0,2349.04,92.47,62.82,50.06,5139.52,0,0,0,0,2.635025498,3,3,0,1723.11,0.00,0.00,769.14,0,0,0,0,0.00,0,20,3,891.86,0.00,0,0.00,0,0,1628.32,300.92,0.00,0.00,0,74.53,0,0,0,3,0,20,0,32.12401964,0,0,0.00,0,179.47,0,0,0,5527.98,1203.85,2802.37,1443.59,0,2515.41,0,25.63,0,3,0,0,468.67,0,453.64,817.94,25.13,165.83,0,0,2289.66,0,0,0,20,0,6.32455532,554.90,0,2485.01,1033.50,0,0,30.54178746,0,356.18,1089.57,0.00,0.00,0,0,20,0,0,633.53,2020.57,99.94998749,70.70,0,0,0.34,0.00,0.00,0,0,0,0,1435.26,3464.67,20,175.66,1066.86,0,0.00
DG29,0,0,0.00,0,0,0,60.84,0.00,0,0.00,20,2.92,20,0,2.247226522,0,0,0,0,0,0,0,0,0,0,0,0,0,264.33,0.00,0.00,0,0,0.00,0,0,0,0,0,0,0,0,0.00,0,0,0,0,3.86,0,3,3,0,0.00,0,0.00,0,0.00,0,0,0,0,152.27,0.00,0.00,16.04,93.69,0,0,0,0,0,0,10.12173988,0,28.77,0.00,0.00,0.00,0,0,0,0,0.00,0,0,0,0.52,0.43,0,0.00,0,0,129.74,7.11,0.00,0.00,0,1.55,0,0,8.582928793,3,0,3,0,0,0,0,0.00,0,278.46,0,0,0,186.61,0.00,0.00,0.00,0,0.00,0,0.00,3,0,0,0,118.21,0,0.00,0.00,0.00,0.00,0,3,373.66,0,0,0,20,3,49.56767943,0.00,0,0.00,7.03,0,0,0,0,320.31,8.46,0.00,0.00,0,3,0,0,0,0.00,0.00,0,0.00,0,0,0.00,0.00,0.00,0,0,0,0,51.01,0.00,0,13.51,84.45,0,0.00
DG30,0,0,1279.28,0,0,0,2.56,98.08,0,0.00,0,0.00,516.9401866,0,0,0,0,0,5.449031295,6.32455532,0,0,0,1,0,0,20,20,141.37,3458.69,2300.90,0,0,790.56,0,99.94998749,0,0,0,0,0,0,1051.74,2,0,316.0696126,0,1267.42,0,6.184859059,2,0,0.00,0,13.35,0,0.00,0,1,0,0,0.00,1031.98,0.00,0.00,2488.58,0,0,0,0,0,2.878732364,6.32455532,0,0.00,755.73,0.00,965.89,0,0,0,0,1157.31,0,158.4169054,3,0.00,0.00,0,36.40,0,0,0.00,35.57,4743.01,0.00,20,321.13,0,0,0,0,0,99.94998749,0,4,0,0,0.00,0,0.00,99.94998749,6.32455532,0,39.83,2205.61,308.49,3266.15,0,34259.71,0,8440.18,0,0,0,3,0.00,0,799.73,108.85,2582.76,212.73,0,0,0.00,8,0,0,3,0,0,0.00,0,1006.77,0.00,0,0,0,0,0.00,5534.92,0.00,2607.85,0,20,20,0,20,7192.06,2748.35,0,453.65,0,0,0.00,4730.48,0.00,0,0,0,0,1227.83,3429.15,99.94998749,0.00,11.13,9,421.80
DG31,3,3,2592.00,0,0,0,0.00,63.61,0,10.84,0,0.00,316.0696126,0,0,0,0,0,0,99.94998749,3,0,0,1,0,0,20,48.28047247,494.02,4675.02,1854.02,0,0,1271.42,0,20,0,0,0,0,2.83541522,0,302.09,0,0,316.0696126,20,1346.88,0,1,1,0,0.00,0,41.70,0,0.00,0,0,0,0,838.70,1433.87,0.00,7.61,4891.35,0,0,0,0,2.449489743,1,3,0,273.83,209.41,0.00,1418.50,0,0,1,0,1308.11,1,316.0696126,3,0.00,5.80,0,42.15,0,0,0.00,257.54,4668.21,0.00,20,166.05,0,0,0,0,3,99.94998749,0,20,3,0,0.09,0,0.00,99.94998749,20.09302478,0,744.77,4237.87,2524.28,4083.49,0,27014.82,0,4250.92,0,0,3,3,69.50,0,1337.26,477.15,1338.89,334.59,0,0,0.00,0,0,0,20,0,0,12.21,0,2747.82,0.00,0,0,0,0,0.00,5544.65,0.00,944.03,0,6.32455532,20,0,20,7432.29,3481.84,6.32455532,1818.42,0,0,4.85,5046.64,407.01,0,0,0,0,2135.53,4065.85,20,0.00,43.67,8.144301976,214.50
DG32,4.705080365,5.840580155,3055.13,0,0,0,67.54,30.06,0,0.00,0,0.66,20,0,0,0,0,0,0,32.35282205,3.180086824,0,0,3,0,0,316.0696126,0,369.47,3092.82,724.87,0,0,651.31,0,20,0,0,0,0,2.83541522,0,12.33,0,0,6.32455532,26.69030188,1359.84,0,3,20,0,7.00,0,102.05,0,6.29,0,0,1,0,1384.61,1538.39,50.36,2.02,5658.28,0,0,0,0,3,1,10.12173988,0,1421.59,97.72,0.00,1485.37,0,0,1.913932948,0,322.25,0,316.0696126,20,4.23,0.00,0,4.80,0,0,0.00,540.14,3057.47,0.00,20,337.82,0,0,0,0,0,316.0696126,0,0,0,0,0.00,0,0.00,20,20.09302478,0,3259.35,4518.84,2427.31,4161.82,0,20222.43,0,651.80,0,0,58.44102453,0,93.23,0,1336.18,907.10,481.54,279.53,0,0,0.00,0,0,0,20,0,0,36.55,0,2821.72,0.00,0,0,0,0,0.00,4992.84,0.00,133.22,0,20,20,0,279.4275177,6428.00,3527.34,56.73598759,1693.53,0,0,3.67,1543.93,34.40,0,0,0,0,2427.00,4078.98,20,0.00,303.69,0,295.85
DG33,2.449489743,3,1264.39,0,0,0,612.45,162.74,0,0.96,0,3.92,20,0,0,0,0,0,3,20,3.872983346,0,0,3,0,0,3,0,461.75,1317.11,1060.46,0,0,432.46,0,316.0696126,0,0,0,0,2.449489743,0,83.75,0,0,3,3,1402.49,0,3,3,0,103.37,0,80.32,0,41.23,0,3.923088707,0,0,694.29,1699.91,0.00,1.19,5158.87,0,0,0,0,2,0,3,0,765.38,618.79,0.00,1422.90,0,0,0,0,339.59,0,316.0696126,0,26.93,0.08,0,27.10,0,0,0.00,424.27,3375.62,0.00,20,1448.95,0,0,0,0,18.42932446,316.0696126,0,32.12401964,22.35446761,0,0.00,0,0.00,20,20,0,467.69,4588.44,114.08,4287.60,0,26340.79,0,5942.85,0,1,316.0696126,12.281368,58.66,0,517.90,742.29,1666.54,384.06,0,0,0.00,0,0,0,20,0,0,156.82,0,1957.31,0.00,0,0,0,0,0.00,4224.49,0.00,337.52,0,20,3,0,279.4275177,9744.38,3498.92,56.73598759,539.86,25.87805688,0,2.45,217.49,0.00,0,0,0,0,1955.83,4041.58,316.0696126,0.00,475.34,3,380.58
DG34,20,20,1547.11,0,0,0,147.56,247.19,0,0.66,0,1.58,316.0696126,0,0,0,0,0,6,20,4,0,0,20,0,0,316.0696126,0,255.77,1365.87,1830.43,0,0,1015.94,0,20,0,0,0,0,3,0,72.54,2,0,278.4895475,20,1352.15,0,2,20,0,138.41,0,86.79,0,148.22,0,0,0,0,216.34,1596.64,0.00,0.00,4583.24,0,0,0,0,0,3,8,0,385.95,952.33,0.00,1275.61,0,0,0,2.257319217,378.71,0,316.0696126,3,21.21,0.06,0,32.97,0,0,3.59,363.24,4595.85,0.00,20,1814.26,0,0,0,0,1,20,0,3,1,0,0.00,0,0.00,99.94998749,20,0,1667.35,4425.00,583.41,4150.67,0,29966.44,0,6466.21,0,0,58.44102453,12.281368,52.87,0,1373.42,513.72,1762.28,337.16,0,0,0.00,0,0,0,13.41640786,0,0,207.25,0,1505.84,0.00,0,0,0,0,0.00,4311.26,0.00,1332.57,0,316.0696126,20,0,6.32455532,9889.35,3502.16,0,779.70,3,0,0.36,502.26,0.00,0,0,0,0,1634.68,4008.71,316.0696126,0.00,286.19,12,488.76
DG35,3,20,3057.97,0,0,0,39.97,83.30,0,0.33,0,1.87,316.0696126,0,0,0,0,0,20,20,20,0,0,20,0,0,316.0696126,3,418.12,652.63,1580.61,0,0,1215.13,0,316.0696126,0,0,0,0,3,0,12.61,5.028715727,0,316.0696126,20,1395.86,0,20,20,3,20.98,0,127.57,0,356.46,0,0,0,0,435.95,1830.08,11.26,2.59,5447.47,0,0,0,0,3,2.878732364,3,0,1170.93,308.28,0.00,1512.12,0,0,0,2.257319217,285.34,0,3162.119542,20,132.63,0.00,0,27.71,0,0,0.00,449.15,4562.54,0.00,20,889.82,3,0,0,0,0,316.0696126,0,3,0,3,0.00,0,0.00,20,316.0696126,0,1857.99,4755.49,995.56,4261.23,0,26081.82,0,3269.64,0,0,3,0,70.37,0,1603.59,981.55,983.78,445.37,0,0,0.00,0,0,0,20,0,0,357.19,0,2651.38,0.00,0,0,0,0,0.00,4803.54,0.00,332.34,0,316.0696126,20,0,279.4275177,8772.29,3655.09,20,1040.55,0,0,5.21,600.15,0.00,0,0,0,0,2134.04,4071.71,3162.119542,0.00,405.99,3,328.53
DG36,20,6.32455532,4407.27,0,0,0,1.92,24.67,0,0.95,0,26.81,3162.119542,0,0,0,0,0,5.449031295,0,0,0,0,2,0,0,20,0,142.08,530.33,816.86,0,0,1381.08,0,316.0696126,0,0,0,0,3,0,2.25,0,0,316.0696126,20,1400.14,0,6.32455532,6.32455532,0,3.43,0,136.28,0,465.08,0,0,3,0,1332.89,1402.07,0.00,0.39,6108.29,0,0,0,0,3,3,3,0,1756.44,13.89,0.00,1442.44,0,0,0,2.257319217,53.86,0,99.94998749,20,283.84,0.00,0,0.46,0,0,0.00,428.52,2010.43,0.00,20,231.77,0,0,0,0,0,316.0696126,0,20,0,0,0.00,0,0.00,20,20,0,4198.01,4723.06,2235.61,4311.69,99.94998749,13917.11,0,365.02,0,1,0,0,194.80,0,1869.00,1349.85,106.64,469.36,0,0,0.00,0,0,0,20,0,0,1131.16,0,3432.12,0.00,0,0,0,0,0.00,3483.84,141.63,31.59,0,20,316.0696126,0,0,3096.82,3672.21,3,253.97,20,0,2.03,91.17,0.00,0,0,0,0,2422.20,4117.15,3162.119542,0.00,620.80,0,169.85
DG37,3,3,4054.16,0,0,0,0.00,0.00,0,0.00,0,5.72,590.7866144,0,2.247226522,0,0,0,0,0,3,0,0,3,0,0,0,0,225.00,672.44,272.09,0,0,1303.32,0,69.67297166,0,0,0,0,3,0,1.65,0,0,278.4895475,0,1203.18,0,6.184859059,14.14468365,1,0.00,0,132.73,0,287.36,0,0,3,0,1207.30,487.01,18.48,0.00,6103.24,0,0,0,0,2.635025498,2.878732364,3,0,1733.19,0.00,0.00,1266.38,0,12.29725579,0,2.257319217,3.69,0,531.2865308,16.38452182,502.56,0.00,0,0.00,0,0,0.00,168.88,990.95,0.00,0,144.52,3.718489007,0,0,0,0,118.7456423,0,32.12401964,0,0,0.00,0,0.39,59.38087577,20.09302478,0,4747.19,3854.16,1557.59,4011.58,77.80607124,9553.81,0,128.34,0,3,58.44102453,12.281368,247.03,0,1295.23,1223.44,91.94,414.61,0,0,48.66,0,0,0,65.4927168,0,0,1431.89,0,3203.35,80.09,0,0,0,0,5.84,2093.82,110.87,49.69,0,0,37.83230363,0,0,2041.20,3438.82,56.73598759,76.48,0,0,0.36,21.24,0.00,0,0,0,0,2179.48,4119.51,163.8555342,0.00,344.53,8.144301976,0.00
DG38,3,3.872983346,1269.53,3.482017295,0,0,469.43,5.48,0,6.67,48.95519325,179.77,163.4708404,0,1,0,0,0,0,0,1,0,0,3,0,0,0,0,799.71,126.45,0.00,0,0,423.44,35.96961681,0,0,0,0,1.414213562,1.732050808,0,0.00,0,0,278.4895475,0,882.51,0,6.184859059,14.14468365,0,2.14,0,86.24,0,244.26,0,0,2.449489743,0,3020.09,108.27,368.81,104.09,4655.74,0,0,0,0,2.635025498,2.878732364,5.916079783,0,1512.76,0.00,0.00,836.24,0,0,0,0,0.00,0,316.2119542,3,890.67,0.00,0,0.00,0,0,884.99,199.12,0.00,0.00,0,107.01,0,0,0,7.108617267,0,316.0696126,0,316.0696126,0,0,0.00,0,316.86,0,0,0,4186.94,1351.13,1373.66,1458.38,77.80607124,1952.14,0,143.57,7.745966692,3.872983346,0,0,541.03,0,542.86,776.83,17.23,306.24,0,34.99659847,747.48,0,0,0,31.60696126,20,49.56767943,742.46,0,2156.07,396.29,0,0,30.54178746,0,140.58,1051.06,49.94,0.00,0,154.4664933,37.83230363,0,0,742.24,2130.06,56.73598759,44.78,25.87805688,0,0.00,0.00,0.00,0,3.872983346,0,0,1594.99,3514.62,163.8555342,20.38,1164.60,0,0.00
DG39,1,3,0.00,3,0,0,148.07,3.12,0,2.42,99.94998749,1.70,20,0,1.414213562,0,0,0,0,0,0,0,0,1,0,0,0,0,638.18,0.00,0.00,0,0,55.58,20,0,0,0,0,0,1,0,0.00,0,0,20,0,139.44,0,6.32455532,3,0,0.00,0,2.77,0,19.78,0,0,0,0,825.94,0.00,0.00,77.24,1128.13,0,0,0,0,1,0,31.60696126,0,520.92,0.00,0.00,80.70,1,17.88854382,0,0,0.00,0,20,16.38452182,23.37,13.37,0,0.00,0,0,575.08,24.68,0.00,0.00,0,4.63,0,0,0,3,0,99.99499987,0,0,0,0,0.00,0,749.39,0,0,0,1346.11,0.00,451.29,58.77,0,0.00,0,4.01,3,0,58.44102453,0,490.86,0,21.55,126.06,0.00,7.63,0,6.32455532,1289.95,0,0,0,31.60696126,6.32455532,6.32455532,33.69,0,212.20,784.64,0,0,20,0,383.20,134.61,0.00,0.00,0,0,3,0,0,0.00,156.53,0,0.00,0,0,0.00,0.00,0.00,0,3,0,1,498.67,213.07,163.8555342,146.45,429.06,0,0.00
DG40,3,20,2587.30,0,0,0,0.00,40.00,1,0.00,0,0.00,999.9499987,0,0,0,0,0,0,20,3,0,0,3,0,0,20,48.28047247,145.93,2856.83,1911.17,0,0,1084.64,0,99.94998749,0,0,0,0,3,0,470.02,5.028715727,0,316.0696126,0,1325.13,0,3,0,0,0.00,0,41.40,0,0.00,0,0,0,0,0.00,1062.19,0.00,0.00,3610.94,20,0,0,0,0,2.878732364,10.12173988,0,617.23,503.94,0.00,1363.59,0,0,0,0,944.78,0,316.0696126,20,0.00,0.00,0,14.23,0,0,0.00,15.91,4577.88,0.00,20,240.54,0,0,0,0,3,20,0,20,0,0,0.00,0,0.00,316.0696126,20.09302478,0,1496.72,3224.18,1915.98,3334.53,0,28513.86,0,5597.59,0,2.926150761,0,3,0.00,0,718.79,0.00,1842.85,322.82,0,0,0.00,0,0,0,0,0,0,0.72,0,2015.07,0.00,0,0,0,0,0.00,5149.26,180.94,1504.53,0,99.94998749,20,0,279.4275177,5877.94,3162.80,0,1030.54,0,0,0.34,4531.83,0.00,0,0,0,0,1689.34,3839.64,20,0.00,6.57,8.144301976,83.19
DG41,4.705080365,3,2848.68,0,0,0,10.42,45.89,0,0.00,0,0.00,590.7866144,0,0,0,0,0,5.449031295,32.35282205,0,0,0,3.464101615,0,0,73.39730808,48.28047247,351.51,2953.06,1290.46,0,0,1284.65,0,99.94998749,0,0,0,0,2.449489743,0,271.51,0,0,20,0,1422.62,0,6.184859059,14.14468365,0,0.70,0,27.59,0,0.00,0,0,0,0,186.50,1369.82,11.65,0.00,5142.33,0,0,0,0,0,2.878732364,1,0,851.14,609.61,0.00,1548.19,0,0,0,0,1001.73,0,316.0696126,16.38452182,0.00,0.00,0,26.72,0,0,28.27,257.73,3619.74,0.00,20,234.28,0,0,0,0,0,20,0,0,22.35446761,0,0.00,0,0.00,99.94998749,20.09302478,0,1097.21,4308.51,2389.40,4106.63,0,23163.17,0,4379.10,0,1,0,6.32455532,8.02,0,1092.63,380.47,1510.31,315.99,0,0,0.00,0,0,0,65.4927168,0,0,9.42,0,3225.85,0.00,0,0,0,0,0.00,4867.92,0.00,730.69,0,316.0696126,37.83230363,0,279.4275177,4624.96,3465.45,56.73598759,1372.38,0,0,0.00,4730.01,0.00,0,0,0,0,2123.19,4065.98,316.0696126,0.00,45.50,8.144301976,281.65
DG42,1,6.32455532,1823.76,0,0,0,834.64,8.52,0,9.35,48.95519325,0.00,99.94998749,0,0,0,0,0,1,3,2,0,0,1,3,0,316.0696126,0,892.56,187.26,0.00,0,0,533.14,0,99.94998749,0,0,0,0,1.414213562,0,0.09,0,0,20,3,1329.43,0,1,1,0,0.71,0,22.42,0,13.06,0,0,0,0,2431.03,489.47,0.00,5.83,5807.78,0,0,0,0,1,1,2,0,1968.02,0.00,0.00,1369.44,0,0,0,3,236.41,0,99.94998749,20,28.89,0.00,0,0.00,0,0,4.00,480.76,291.12,0.00,20,47.08,0,0,0,1,0,31.60696126,0,32.12401964,0,0,18.47,0,15.65,99.94998749,20,0,2062.06,2858.26,2427.68,3949.79,77.80607124,3067.33,0,40.41,0,3,0,3,73.01,0,417.22,967.91,7.38,62.98,0,0,0.00,0,0,0,99.94998749,0,0,26.48,0,4119.81,20.13,0,0,0,0,0.00,1835.22,24.54,8.56,0,316.0696126,6.32455532,0,316.0696126,667.34,3818.89,31.60696126,1121.88,99.94998749,0,4.62,1728.52,601.90,0,0,0,0,2844.83,4134.00,316.2119542,3.48,339.42,20,0.00
DG43,3,3,1976.14,0,0,0,183.11,80.35,0,2.29,0,0.00,316.0696126,0,0,0,0,0,3,20,3,0,0,1.414213562,0,0,20,0,348.65,352.32,280.70,0,0,217.47,0,31.60696126,0,0,0,0,1.414213562,0,38.01,0,0,99.94998749,316.0696126,1409.33,0,2.449489743,6.32455532,0,13.84,0,87.08,0,124.48,0,0,1,0,570.58,931.35,0.00,2.69,5751.92,0,0,0,0,0,3,3.16227766,0,1193.69,154.21,0.00,1551.02,0,0,0,0,147.76,0,316.0696126,3,22.15,0.00,0,8.95,0,0,0.00,286.85,2178.69,0.00,20,518.05,0,0,0,3,0,20,0,3,2,0,0.00,0,0.00,6.32455532,20,0,3173.55,3973.98,895.63,4226.67,6.32455532,15808.38,0,1526.03,0,0,0,0,19.33,0,447.29,999.86,551.42,208.72,0,0,0.00,0,0,0,20,0,0,119.92,0,2584.15,0.00,0,0,0,0,0.00,2430.09,90.64,209.54,0,99.94998749,20,0,3,4766.82,3565.24,0,658.72,3,0,1.93,266.12,0.00,0,0,0,0,2316.11,4080.69,99.94998749,3.38,370.63,20,89.13
DG44,3,3,2469.32,0,0,0,149.09,213.20,0,0.00,0,0.00,316.0696126,0,0,0,0,0,5.477225575,20,6,0,0,20,0,0,20,0,334.53,403.77,1090.77,0,0,842.79,0,20,0,0,0,0,2,0,101.28,0,0,316.0696126,3,1422.15,0,3,20,0,91.67,0,107.04,0,199.12,0,0,0,0,285.68,1438.96,0.00,0.00,4909.96,0,0,0,0,1.732050808,3,3,0,1019.44,634.30,0.00,1445.97,0,0,0,0,288.33,0,316.0696126,3,12.99,0.42,0,19.57,0,0,0.00,625.46,4195.02,0.00,3,1361.53,0,0,0,1.414213562,0,20,0,3,2,1,0.00,0,0.00,20,20,0,1408.25,4495.76,461.53,4242.44,3,20657.30,0,5161.88,0,2.926150761,20,12.281368,49.24,0,1475.68,629.79,1143.13,278.22,0,0,0.00,0,0,0,20,0,20,254.75,0,2257.59,0.00,0,0,0,0,0.00,3913.75,0.00,745.90,0,20,20,0,20,6661.92,3615.13,3,1003.87,20,0,1.92,554.09,0.00,0,0,0,0,2074.17,4035.66,316.0696126,0.00,358.58,3.464101615,339.57
DG45,3,0,2088.02,0,0,0,70.96,210.63,0,7.37,0,2.26,316.0696126,0,0,0,0,0,0,3,2,0,0,20,0,0,20,5.196152423,491.80,1213.93,1017.35,0,0,382.80,0,20,0,0,0,0,3,0,19.84,0,0,316.0696126,3,1397.79,0,3,6.32455532,20,55.13,0,124.02,0,55.33,0,0,0,0,366.25,1608.80,0.00,10.87,4523.28,0,0,0,0,2.635025498,0,3,0,1057.41,455.16,0.00,1445.66,0,0,0,0,331.82,0,316.0696126,0,161.25,0.00,0,25.88,0,0,0.00,812.30,3371.19,0.00,20,1474.90,0,0,0,0,0,316.0696126,0,32.12401964,0,0,0.00,0,0.00,20,20,0,10.66,4273.91,15.20,4283.36,77.80607124,20637.71,0,3774.81,0,3,3,0,88.09,0,1331.70,771.28,1027.88,466.65,0,0,0.00,0,0,0,3,0,0,143.62,0,2052.84,0.00,0,0,0,0,0.00,3728.03,81.89,153.74,0,20,3,0,0,6524.80,3522.55,56.73598759,686.40,0,0,15.70,395.32,0.00,0,0,0,0,1841.75,4031.64,20,0.00,351.18,3,267.72
DG46,8.94427191,12.24744871,3941.57,0,0,0,4.92,0.00,0,0.00,0,23.19,316.2119542,0,0,0,0,0,0,3,1.414213562,0,0,8.94427191,0,0,20,0,177.70,533.38,98.45,0,0,818.68,0,0,0,0,0,0,1.414213562,0,0.00,0,0,20,20,1376.90,0,6.32455532,20,0,0.00,0,73.52,0,340.09,0,0,3,0,1131.10,649.03,0.00,0.00,6297.83,0,0,0,0,1.414213562,3,7.745966692,0,1969.79,0.00,0.00,1621.47,0,0,0,0,0.00,0,99.94998749,2,376.69,0.00,0,0.00,0,0,0.00,302.94,160.44,0.00,20,77.97,0,0,0,3,0,31.60696126,0,32.12401964,0,0,0.00,0,0.00,3,3,0,1683.82,4702.39,606.14,4370.06,99.94998749,1707.16,0,156.89,0,1,0,0,487.95,0,727.67,1336.06,63.95,458.46,0,0,0.00,0,0,0,20,0,20,1575.69,0,3268.64,43.18,0,0,0,0,0.00,1521.54,1048.73,0.00,0,31.60696126,89.4427191,0,0,1194.11,3580.31,20,150.81,3,0,2.30,40.75,0.00,0,0,0,0,2803.89,4154.75,999.9499987,0.00,1088.30,0,0.00
DG47,1,5.840580155,3854.64,0,0,0,1.45,0.00,0,0.00,0,9.28,20,0,0,0,0,0,5.449031295,32.35282205,0,0,0,9,0,0,0,0,324.68,503.27,68.92,3,0,139.04,0,0,0,0,0,0,2.83541522,0,1.21,0,0,999.9499987,0,1101.74,0,20,20,0,0.71,0,94.35,0,65.91,0,0,6.014896852,0,751.82,250.00,0.00,0.00,6205.87,0,0,0,0,0,0,3,0,1650.04,1.83,0.00,1331.49,0,0,0,0,0.00,0,99.94998749,0,500.02,0.00,0,0.00,0,0,0.00,150.13,24.13,0.00,0,135.04,0,0,0,0,0,20,0,0,0,0,0.00,0,0.00,0,20.09302478,0,1151.33,2435.46,197.74,4264.30,20,7933.82,0,176.06,0,2.926150761,0,0,355.50,0,430.98,586.97,149.47,441.94,0,0,0.00,0,0,0,20,0,0,741.36,0,1336.53,22.17,0,0,3,0,0.00,1093.78,239.39,27.14,0,0,20,0,0,1558.47,3246.45,56.73598759,76.86,0,0,0.00,30.52,0.00,0,0,0,0,1812.48,4141.89,20,0.00,414.96,3,0.00
DG48,4.705080365,5.840580155,1795.14,0,0,0,272.11,3.12,0,4.72,48.95519325,48.39,316.0696126,0,0,0,0,0,0,32.35282205,0,0,0,20,0,0,73.39730808,0,729.76,451.91,11.33,20,0,34.37,0,0,0,0,0,0,3,0,0.00,0,0,316.0696126,0,883.85,0,20,6.32455532,0,1.58,0,90.29,0,111.35,0,0,6.014896852,0,2102.54,201.44,263.99,67.11,5473.97,0,0,0,0,0,0,20,0,1572.80,0.00,0.00,1004.27,0,0,0,0,0.00,0,316.0696126,0,1274.13,0.00,0,0.00,0,0,43.37,158.82,0.00,0.00,0,142.78,0,0,0,7.108617267,0,316.0696126,0,20,0,0,0.00,0,88.00,0,0,0,2043.15,2257.61,198.84,2409.00,20,6772.75,0,518.62,0,2.926150761,0,0,555.25,0,275.96,420.50,60.35,495.82,0,0,211.15,0,0,0,99.94998749,0,0,805.98,0,895.78,149.17,0,0,0,0,0.00,852.33,292.09,0.00,0,0,3,0,0,3499.90,2945.23,56.73598759,5.93,0,0,0.00,0.00,0.00,0,0,0,0,1588.40,4038.95,163.8555342,1.36,878.39,8.144301976,0.00
DG49,4.472135955,4.472135955,49.73,3.482017295,0,0,266.70,0.00,0,1.79,99.94998749,15.00,590.7866144,0,1,0,0,0,0,0,0,0,0,3.464101615,0,0,0,0,424.16,15.59,0.00,0,0,7.70,35.96961681,0,0,0,0,0,1.414213562,0,0.00,0,0,278.4895475,0,412.85,0,20,14.14468365,0,0.00,0,17.49,0,202.72,0,0,6.014896852,0,1411.39,0.00,12.38,5.76,2872.41,0,0,0,0,2.635025498,0,9.486832981,0,1153.25,0.00,0.00,455.20,2.093504511,12.29725579,0,0,0.00,0,531.2865308,16.38452182,305.60,0.00,0,0.00,0,0,2223.22,87.47,0.00,0.00,0,27.16,0,0,0,20,0,118.7456423,0,0,0,0,0.00,0,156.20,0,0,0,2920.09,136.15,1723.49,130.45,77.80607124,0.00,0,35.41,7.071067812,0,0,0,281.52,0,26.33,419.29,3.08,49.29,0,34.99659847,1143.23,0,0,0,316.0696126,16.45605217,316.0696126,136.55,0,502.05,2829.21,0,0,316.0696126,0,26.23,350.05,0.00,0.00,0,0,37.83230363,0,0,245.83,776.04,56.73598759,0.00,25.87805688,0,1.04,0.00,0.00,0,2.828427125,0,0,931.62,1245.04,163.8555342,175.67,1032.80,0,0.00
DG50,2.449489743,2.236067977,3284.28,0,0,0,0.00,8.45,0,0.32,0,0.00,1634.708404,0,0,0,0,0,3,20,3,0,0,2.645751311,0,0,99.94998749,1.732050808,132.59,2274.42,820.48,0,0,850.14,0,99.94998749,0,0,0,0,1,0,211.14,0,1.414213562,999.9499987,0,1383.37,0,1,0,0,0.00,0,45.58,0,0.00,0,0,0,0,3.85,437.16,0.00,0.00,4639.09,0,0,0,0,0,1.732050808,1.414213562,0,1214.81,44.46,0.00,1486.62,0,0,0,0,944.85,0,316.0696126,1.414213562,0.00,0.00,0,1.35,0,0,0.00,9.43,3390.18,0.00,20,54.17,0,0,0,0,18.42932446,99.94998749,0,4.472135955,22.35446761,0,0.00,0,0.00,99.94998749,2,0,1909.54,4289.84,2404.56,3974.24,0,18035.34,0,1856.54,0,1.414213562,0,1,0.00,0,465.30,18.59,1025.94,192.59,0,0,0.00,0,0,0,1,0,0,1.32,0,2330.42,0.00,0,0,0,0,0.00,3895.61,101.44,2033.63,0,99.94998749,99.94998749,0,6.32455532,4364.22,3214.45,20,1363.31,0,0,0.00,3250.05,0.00,0,0,0,0,1827.29,3973.67,20,0.00,10.25,3,54.52
DG51,3,3,2964.52,0,0,0,0.00,6.11,0,0.00,0,0.00,99.94998749,0,0,0,0,0,5.449031295,3,0,0,0,6.32455532,0,0,20,0,132.39,3443.95,1178.45,0,0,1313.94,0,31.60696126,0,0,0,0,3,0,321.26,0,3.464101615,20,0,1450.35,0,3,14.14468365,0,1.55,0,25.19,0,34.92,0,1.732050808,0,0,8.60,1336.66,0.00,0.00,4950.34,0,0,0,0,0,0,6.32455532,0,1011.63,283.52,0.00,1588.66,0,0,0,0,1056.58,0,99.94998749,0,2.97,0.00,0,5.66,0,0,24.56,111.64,4514.71,0.00,20,165.74,0,0,0,0,0,31.60696126,0,20,22.35446761,0,0.00,0,0.00,20,3,0,122.79,4213.62,2004.74,4080.35,0,24102.91,0,4324.54,0,0,0,12.281368,13.01,0,905.71,223.52,1357.53,240.34,0,0,0.00,0,0,0,65.4927168,0,0,4.10,0,2922.89,0.00,0,0,0,0,0.00,4486.12,0.00,1247.34,0,20,37.83230363,0,99.94998749,5900.52,3600.95,3,1109.66,0,0,0.00,3500.11,0.00,0,0,0,0,2127.10,4068.63,20,0.00,64.46,3,237.41
DG52,2.236067977,3.16227766,2876.94,0,0,0,70.87,0.00,0,3.40,6.32455532,0.00,99.94998749,0,0,0,0,0,0,32.35282205,0,0,0,1,0,0,3,0,220.96,718.56,65.33,0,0,1311.61,0,3,0,0,0,0,1.732050808,0,22.17,0,3,20,0,1396.82,0,6.32455532,20,0,0.00,0,27.35,0,131.78,0,0,0,0,1219.41,806.31,0.00,0.00,6016.30,0,0,0,0,3,3,3,0,1904.17,7.29,0.00,1540.40,0,0,0,0,385.81,0,99.94998749,0,2.88,0.00,0,2.12,0,0,12.78,123.61,1406.12,0.00,72.18692395,28.66,0,0,0,6.32455532,20,20,0,20,0,0,15.46,0,1.01,20,20.09302478,0,2395.43,4683.68,3243.33,4342.57,31.60696126,3746.95,0,130.52,0,1,0,12.281368,23.65,0,447.81,704.02,42.52,62.41,0,0,0.00,0,0,0,20,0,0,76.01,0,4325.25,110.84,0,0,0,0,0.00,2286.86,710.66,40.57,0,20,31.60696126,0,0,852.47,3854.69,99.94998749,1249.59,20,0,2.06,2177.91,17.27,0,0,0,0,2779.69,4150.75,99.94998749,1.24,348.76,8.144301976,4.82
DG53,2,3,2751.40,0,0,0,15.42,0.00,0,0.00,0,0.00,20,0,0,0,0,0,0,3,0,0,0,2,0,0,20,0,148.64,80.60,173.71,0,0,993.22,0,20,0,0,0,0,1,0,1.46,0,0,3,0,1373.43,0,1,3,0,0.00,0,16.76,0,280.41,0,0,0,0,1053.24,680.46,42.99,0.00,6149.41,0,0,0,0,1,0,0,0,1998.69,0.00,0.00,1662.40,0,0,0,0,237.45,0,99.94998749,0,6.46,0.00,0,0.00,0,0,0.00,109.59,722.61,0.00,0,53.74,0,0,0,0,0,20,0,0,0,0,0.00,0,0.00,20,0,0,3327.26,5056.95,2431.00,4420.57,3,7544.67,0,101.74,0,2.926150761,0,0,20.59,0,308.61,982.35,14.62,134.67,0,0,0.00,0,0,0,20,0,0,152.09,0,4662.18,0.00,0,0,0,0,0.00,2004.49,415.16,6.94,0,6.32455532,20,0,0,2183.27,3891.83,20,840.99,20,0,0.00,1103.95,0.00,0,0,0,0,2761.25,4157.71,99.94998749,0.00,370.97,0,0.00
DG54,3,0,2802.92,0,0,0,4.07,0.00,0,0.00,0,0.00,20,0,0,0,0,0,0,3,3.180086824,0,0,3,0,0,20,0,195.71,83.38,71.37,0,0,781.42,0,20,0,0,0,0,2.83541522,0,1.51,0,0,0,3,1446.59,0,3,20,0,0.00,0,30.00,0,125.38,0,0,0,0,730.81,353.52,0.00,0.00,5962.28,0,0,0,0,2.635025498,0,3,0,1937.32,1.91,0.00,1539.28,0,0,0,0,110.36,0,20,0,1.36,0.00,0,0.52,0,0,0.00,194.63,932.02,0.00,0,45.37,0,0,0,0,0,20,0,0,0,0,0.00,0,0.00,0,0,0,1509.12,5032.55,1278.74,4319.77,0,3159.06,0,59.30,0,0,0,0,81.89,0,735.76,1350.82,3.42,51.08,0,0,0.00,0,0,0,20,0,49.56767943,150.10,0,4133.84,0.00,0,0,0,0,0.00,2234.73,37.25,0.00,0,3,316.0696126,0,0,454.44,3859.89,0,2025.02,0,0,0.48,524.16,0.00,0,0,0,0,2724.63,4149.35,20,0.00,208.66,0,12.83
DG55,3,20,3296.67,0,0,0,38.60,0.00,0,0.00,0,10.27,999.9499987,0,0,0,0,0,20,20,3,0,0,8.660254038,0,0,20,0,216.99,464.61,78.92,0,0,1050.62,0,0,0,0,0,0,1,0,2.39,0,0,316.0696126,3,1432.45,0,20,20,0,8.43,0,94.80,0,105.36,0,0,6.014896852,0,601.39,638.39,0.00,0.00,6182.28,0,0,0,0,4.898979486,1.732050808,20,0,1972.21,2.13,0.00,1412.06,0,0,0,0,17.58,0,999.9499987,16.38452182,155.28,0.00,0,0.00,0,0,0.00,399.85,78.29,0.00,3,223.59,0,0,0,0,3,99.94998749,0,3,0,0,0.00,0,0.00,20,20,0,1549.82,4795.49,606.11,4402.36,20,5302.63,0,262.89,0,1.414213562,20,0,174.61,0,962.43,1413.94,145.04,448.77,0,0,0.00,0,0,0,99.94998749,0,36,275.74,0,3054.60,4.59,0,0,0,3,0.00,1710.65,1034.25,12.22,0,20,20,0,3,1678.29,3565.25,20,298.88,0,0,1.33,108.22,0.00,0,0,0,0,2341.45,4143.63,99.94998749,0.00,465.75,3,30.31
DG56,3,6,2981.71,0,0,0,1.33,0.00,0,0.00,0,6.47,316.0696126,0,0,0,0,0,3,20,0,0,0,9,0,0,73.39730808,0,144.12,990.02,603.36,0,0,781.82,0,20,0,0,0,0,3,0,50.56,0,3.464101615,278.4895475,0,1457.07,0,20,20,0,31.07,0,86.38,0,176.51,0,1,0,0,207.53,886.33,0.00,0.00,5831.26,0,0,0,0,1,3,3,0,1573.11,99.28,0.00,1638.90,0,0,0,0,98.37,0,316.0696126,20,60.16,0.00,0,0.00,0,0,0.00,124.57,951.83,0.00,0,224.93,0,0,0,0,0,316.0696126,0,20,0,0,0.00,0,0.00,99.94998749,3,0,85.05,4096.74,123.40,4359.64,999.9499987,14154.58,0,2213.92,0,20,0,12.281368,54.03,0,655.09,1015.68,559.51,478.35,0,0,0.00,0,0,0,20,0,20,758.88,0,1951.59,1.27,0,0,0,0,0.00,2240.13,464.93,119.77,0,20,99.94998749,0,0,3998.49,3266.91,99.94998749,187.21,20,0,0.00,317.16,0.00,0,0,0,0,2497.86,4076.77,999.9499987,0.00,250.94,20,69.19
DG57,0,3,3808.77,0,0,0,0.00,0.00,0,0.35,0,0.88,316.2119542,0,0,0,0,0,5.449031295,0,0,0,0,3,0,0,20,0,178.26,1407.50,1295.12,0,0,1167.56,0,99.94998749,0,0,0,0,1,0,58.45,0,6.32455532,20,0,1397.32,0,3,20,0,13.70,0,92.66,0,295.92,0,3,6.014896852,0,390.34,1238.18,18.95,0.00,5716.17,0,0,0,0,0,2.878732364,10.12173988,0,1795.64,63.48,0.00,1585.57,0,0,0,2.257319217,89.83,0,316.0696126,20,104.89,0.00,0,0.00,0,0,0.00,82.06,1312.41,0.00,0,146.38,0,0,0,0,0,20,0,99.94998749,0,0,0.00,0,0.00,99.94998749,20.09302478,0,199.23,4224.66,121.33,4308.97,316.2119542,14956.00,0,1995.29,0,3,0,0,99.14,0,695.16,1133.28,524.43,473.92,0,0,0.00,0,0,0,20,0,0,549.83,0,2413.71,0.00,0,0,0,0,0.00,2926.98,146.53,248.47,0,99.94998749,316.0696126,0,0,3486.00,3655.93,56.73598759,555.10,25.87805688,0,1.82,800.65,0.00,0,0,0,0,2468.10,4102.33,316.0696126,0.00,175.67,8.144301976,6.71
DG58,4.705080365,3,3387.28,0,0,0,35.85,0.00,0,1.43,0,3.81,99.94998749,0,0,0,0,0,0,0,0,0,0,6.32455532,0,0,0,0,271.70,978.79,32.40,0,0,866.72,20,0,0,0,0,0,3,0,0.95,0,0,6.32455532,0,1065.30,0,6.32455532,6.32455532,0,0.83,0,71.81,0,211.74,0,0,6.014896852,0,1478.99,579.07,0.00,0.00,5623.12,0,0,0,0,2.635025498,0,6.32455532,3,1792.75,0.00,0.00,1435.99,0,20,0,3,6.98,0,99.94998749,3,694.10,0.00,0,0.00,0,0,0.00,143.29,207.53,0.00,0,84.59,0,0,0,0,0,99.94998749,0,6.32455532,0,0,0.00,0,2.78,0,0,0,426.17,3917.17,18.35,3856.01,6.32455532,1978.93,0,91.93,0,0,0,12.281368,96.70,0,795.44,1313.77,14.57,331.27,0,0,0.00,0,0,0,20,0,0,895.44,0,2836.45,25.66,0,0,0,0,0.00,1495.48,298.15,0.00,0,3,20,0,0,1052.67,3440.22,99.94998749,238.10,20,0,1.09,154.11,0.00,0,0,0,0,2496.94,3847.40,99.94998749,0.00,414.33,0,0.00
DG59,0,5.840580155,165.19,0,0,0,188.67,0.00,0,0.00,0,5.07,6.32455532,0,0,0,0,0,0,0,0,0,0,6.32455532,0,0,0,0,202.92,167.98,0.00,0,0,69.48,0,0,0,0,0,0,0,0,0.00,0,0,0,0,86.57,0,6.32455532,6.32455532,0,8.05,0,7.93,0,9.45,0,0,6.014896852,0,543.21,45.77,0.00,0.59,839.65,0,0,0,0,0,0,20,0,303.75,0.00,0.00,191.36,0,0,0,0,0.00,0,20,0,395.76,0.00,0,0.00,0,0,0.00,54.65,0.00,0.00,0,31.74,0,0,0,0,0,3,0,0,0,0,0.00,0,14.49,0,0,0,123.36,236.62,0.00,248.70,3,806.12,0,28.18,0,0,0,0,52.48,0,33.98,167.19,7.69,62.40,0,0,0.00,0,0,0,6.32455532,0,0,79.82,0,242.58,12.37,0,0,0,0,0.00,215.29,0.00,0.00,0,0,3,0,0,430.78,502.54,0,0.00,3,0,0.00,0.00,0.00,0,0,0,0,322.16,627.82,20,12.99,198.12,0,0.00
DG60,3,6.32455532,1820.21,0,0,0,0.00,0.00,0,0.00,0,0.00,999.9499987,0,0,0,0,0,3,99.94998749,3,0,0,1.414213562,0,0,316.0696126,20,77.41,2354.83,819.76,0,0,436.48,0,99.94998749,0,0,0,0,3,0,304.97,3,3,3162.119542,0,814.72,0,0,3,0,0.00,0,11.89,0,0.00,0,0,0,0,3.63,235.49,0.00,0.00,2108.60,6,0,0,0,0,3,3,0,173.73,6.04,0.00,827.14,0,0,0,0,356.67,0,316.0696126,3,0.00,0.00,0,1.84,0,0,0.00,0.00,2628.80,0.00,20,49.85,0,0,0,0,18.42932446,99.94998749,0,20,20,0,0.00,0,0.00,316.0696126,20,0,240.64,2900.42,799.01,2479.61,0,17900.24,0,2107.21,0,3,0,20,0.00,0,191.98,0.00,1027.83,58.64,0,0,0.00,20,0,0,0,0,0,0.00,0,1598.43,0.00,0,0,0,0,0.00,2822.49,0.00,2429.06,0,316.0696126,20,0,316.0696126,3906.25,1992.43,0,486.02,0,0,0.36,2962.17,0.00,0,0,0,0,640.81,2358.86,20,0.00,1.07,6.32455532,9.03
DG61,3,3,2455.73,0,0,0,0.00,0.00,0,0.00,0,0.00,316.0696126,0,0,0,0,0,5.449031295,32.35282205,3.180086824,0,0,3,0,0,73.39730808,48.28047247,93.24,2724.79,516.07,0,0,1178.10,0,316.0696126,0,0,0,0,3,0,133.17,0,3,3,0,1342.84,0,3,0,0,0.00,0,42.10,0,9.13,0,1.732050808,0,0,53.73,624.76,0.00,0.00,4802.32,0,0,0,0,0,2.878732364,10.12173988,0,1571.06,30.20,0.00,1461.00,0,0,0,0,723.04,0,99.94998749,20,0.41,0.00,0,1.42,0,0,0.00,38.40,3385.27,0.00,14.14213562,84.00,0,0,0,0,0,6.32455532,0,6.32455532,0,0,0.00,0,0.00,99.94998749,20,0,74.46,4447.92,1186.58,4342.29,0,11801.52,0,2303.94,0,2.926150761,0,3,0.00,0,556.95,4.93,463.11,108.64,0,0,0.00,0,0,0,65.4927168,0,0,2.00,0,3695.14,0.00,0,0,0,0,0.00,3383.43,0.00,391.34,0,99.94998749,316.0696126,0,3,2346.75,3695.41,31.60696126,1541.88,0,0,0.00,3883.39,0.00,0,0,0,0,2224.14,4006.94,31.60696126,0.00,59.94,8.144301976,9.42
DG62,0,3,3414.06,0,0,0,0.00,42.59,0,19.95,0,0.00,316.2119542,0,0,0,0,0,0,3,0,0,0,3,0,0,316.0696126,0,166.88,3166.50,788.22,0,0,1229.43,0,6.32455532,0,0,0,0,2,0,354.84,0,3.464101615,20,0,1397.55,0,3,14.14468365,1,3.39,0,99.69,0,133.52,0,3.16227766,0,0,98.01,1643.45,0.00,0.00,4607.23,0,0,0,0,0,0,3,0,1150.09,194.63,0.00,1491.64,0,0,0,0,959.50,0,31.60696126,3,8.64,0.15,0,24.49,0,0,0.00,180.36,4318.05,0.00,20,228.95,0,0,0,0,0,6.32455532,0,3,0,0,0.03,0,0.00,20,316.0696126,0,0.00,4357.50,1396.78,4331.63,0,18330.60,0,2859.95,0,2.926150761,0,3,0.00,0,382.72,16.74,720.61,364.75,0,0,0.00,0,0,0,65.4927168,0,0,3.33,0,3000.70,0.00,0,0,0,0,0.00,4381.04,15.55,162.14,0,316.0696126,20,0,3,4748.11,3567.14,56.73598759,1490.27,0,0,2.89,4583.19,0.00,0,0,0,0,2326.68,4029.43,99.94998749,0.00,157.67,3,28.51
DG63,4.705080365,20,2893.97,0,0,0,1.23,12.05,0,3.77,0,0.00,20,0,0,0,0,0,5.449031295,3,2,0,0,3,0,0,20,0,98.45,718.43,165.76,0,0,1262.41,0,3,0,0,0,0,2,0,1.94,0,0,3,0,1306.16,0,1,1,0,0.00,0,48.72,0,421.47,0,0,0,0,356.32,598.73,0.00,0.45,5961.57,0,0,0,0,1,0,3,0,1905.83,2.02,0.00,1677.73,0,0,0,0,464.33,0,20,0,3.13,0.53,0,1.39,0,0,0.00,139.77,2246.65,0.00,3,107.27,0,0,0,3,18.42932446,20,0,3,0,0,0.00,0,0.00,99.94998749,3,0,1228.11,4885.32,1354.07,4467.42,20,5955.21,0,116.56,0,2.926150761,0,0,0.00,0,381.34,687.02,12.67,265.42,0,0,0.00,0,0,0,3,0,0,24.62,0,4430.42,0.00,0,0,0,0,0.00,2817.26,1122.41,5.39,0,6.32455532,20,0,0,1456.67,3828.51,20,1280.81,25.87805688,0,0.00,3489.31,0.00,0,0,0,0,2597.21,4151.51,99.94998749,0.00,171.28,8.144301976,0.00
DG64,0,0,3383.62,0,0,0,0.00,0.00,0,0.00,0,0.00,99.94998749,0,0,0,0,0,0,20,0,0,0,1,0,0,20,0,114.34,846.64,359.34,0,0,771.48,0,6.32455532,0,0,0,0,1,3.140721956,36.38,0,0,20,0,1438.09,0,2.645751311,14.14468365,0,0.00,0,12.36,0,130.49,0,0,0,0,524.11,263.94,0.00,0.00,6131.33,0,0,0,0,0,0,0,0,1882.37,18.20,0.00,1652.97,0,0,0,0,283.01,0,8,0,2.33,0.00,0,0.00,0,0,0.00,46.28,1070.99,0.00,3,92.26,0,0,0,0,0,7,0,0,0,0,1.14,0,0.00,8,3,0,563.86,4950.06,796.85,4450.24,3,5121.97,0,677.95,0,1,0,1,17.62,0,922.82,1014.57,191.14,144.73,0,0,0.00,0,0,0,20,0,0,69.69,0,4043.30,0.00,0,0,0,3,0.00,1969.76,327.73,42.08,0,3,31.60696126,0,0,990.69,3907.27,56.73598759,2934.07,0,0,0.00,1187.95,0.00,0,0,0,0,2816.86,4156.08,31.60696126,0.00,209.71,0,9.82
DG65,4.705080365,5.840580155,2681.03,0,0,0,1.54,0.00,0,0.00,0,0.00,316.0696126,0,0,0,0,0,5.449031295,20,0,0,0,7,0,0,20,0,149.79,1177.34,941.42,0,0,267.94,0,20,0,0,0,0,3,0,43.52,0,0,20,0,1453.77,0,20,20,0,0.81,0,53.79,0,45.71,0,0,0,0,141.16,1091.31,0.00,0.00,5768.19,0,0,0,0,2.635025498,0,3,0,1930.15,53.72,0.00,1609.42,0,0,0,0,150.84,0,316.0696126,16.38452182,15.91,0.00,0,0.00,0,0,0.00,104.35,690.06,0.00,20,88.89,0,0,0,0,18.42932446,20,0,0,0,2.198329607,0.00,0,0.00,20,20,0,13.48,4296.48,84.89,4302.88,20,11729.69,0,551.50,0,0,0,0,42.92,0,463.49,1020.82,276.11,230.17,0,0,0.00,0,0,0,65.4927168,0,0,115.15,0,2110.17,0.00,0,0,0,0,0.00,3035.78,37.64,55.07,0,20,316.0696126,0,316.0696126,1826.55,3591.96,0,2456.53,0,0,1.71,1430.62,0.00,0,0,0,0,2463.76,4134.01,20,0.00,80.08,8.144301976,4.37
DG66,3.741657387,3,3472.12,0,0,0,1.16,0.00,0,0.31,0,1.99,316.2119542,0,0,0,0,0,6.32455532,20,0,0,0,4.582575695,0,0,2,0,205.14,2349.74,1096.85,0,0,1036.41,0,20,0,0,0,0,2,0,185.53,0,3,20,20,1482.14,0,3.464101615,20,0,8.83,0,90.74,0,576.19,0,3,0,0,64.72,1421.42,0.00,0.00,5938.13,0,0,0,0,3,6.32455532,4.582575695,0,1964.90,58.75,0.00,1677.91,0,0,0,2.257319217,154.85,0,99.94998749,20,37.75,0.00,0,0.00,0,0,0.00,83.45,1289.90,0.00,20,138.41,0,0,0,0,0,316.2119542,0,20,0,2.198329607,0.00,0,0.00,99.94998749,20,0,0.00,4004.24,34.06,4284.02,99.94998749,13131.73,0,1235.72,0,3.464101615,0,0,9.91,0,819.95,1239.16,472.47,525.00,0,0,0.00,0,0,0,316.0696126,0,0,614.20,0,3270.83,0.00,0,0,0,0,0.00,2999.67,55.90,45.60,0,20,316.0696126,0,0,3580.93,3675.03,99.94998749,1280.73,3,0,0.00,2703.21,0.00,0,0,0,0,2592.54,4134.45,316.0696126,0.00,133.82,3,40.71
DG67,3,3,3309.11,0,0,0,0.00,32.91,0,0.71,0,0.00,316.0696126,0,0,0,0,0,3,20,3,0,0,3,0,0,6.32455532,0,155.90,1904.69,1690.79,0,0,1261.78,0,20,0,0,0,0,2,0,317.27,0,3,20,0,1470.24,0,3,20,0,7.14,0,111.22,0,451.34,0,20,0,0,99.55,1340.50,0.00,0.00,5476.70,0,0,0,0,3,3,3,0,1853.67,161.05,0.00,1594.22,0,0,0,0,495.35,0,316.0696126,20,19.08,0.00,0,0.83,0,0,0.00,163.67,3300.82,0.00,20,181.83,0,0,0,0,0,20,0,99.94998749,0,0,0.00,0,0.00,99.94998749,20,0,63.52,3891.64,64.46,4062.28,3,14333.36,0,854.42,0,2.926150761,0,0,20.83,0,1276.81,1247.68,760.63,489.65,0,0,0.00,0,0,0,20,0,0,496.26,0,3386.32,0.00,0,0,0,0,0.00,3402.22,0.00,92.39,0,20,316.0696126,0,0,3523.31,3666.56,3,1068.33,0,0,0.73,3551.11,0.00,0,0,0,0,2337.70,4107.20,316.0696126,0.00,148.46,3,2.27
DG68,0,3,1948.82,0,0,0,0.00,0.00,0,1.04,3,0.00,20,0,1,0,0,0,0,32.35282205,0,0,0,4.981287692,0,0,0,0,116.39,258.84,81.12,0,0,676.79,0,0,0,0,0,0,2.83541522,0,7.11,0,0,0,0,1114.81,0,6.32455532,20,0,0.00,0,32.42,0,50.54,0,0,3,0,458.43,341.49,0.00,0.00,4965.98,0,0,0,0,3,2.878732364,3,0,1656.16,0.00,0.00,1169.15,0,0,0,0,34.79,0,3,0,63.90,0.00,0,0.00,0,0,0.00,56.24,444.21,0.00,0,24.39,0,0,0,0,0,3,0,32.12401964,0,0,0.01,0,0.00,3,0,0,1055.75,2989.19,19.63,3343.07,20,950.87,0,12.69,0,0,0,0,151.70,0,694.90,1243.61,10.78,168.30,0,0,0.00,0,0,0,0,0,3,112.33,0,3008.98,0.00,0,0,0,0,0.00,1130.54,0.00,0.00,0,3,20,0,0,212.27,3083.57,20,705.10,25.87805688,0,1.64,688.29,0.00,0,0,0,0,2289.58,3486.78,163.8555342,0.00,49.48,0,0.00
DG70,0,0,125.47,0,0,0,0.00,0.00,0,0.00,0,0.00,316.0696126,0,0,0,0,0,3,20,0,0,0,3,0,0,20,0,31.29,950.93,385.62,0,0,11.86,0,20,0,0,0,0,0,0,240.58,0,0,278.4895475,0,207.77,0,0,0,0,0.00,0,0.54,0,0.00,0,0,0,0,3.63,114.30,0.00,0.00,205.11,0,0,0,0,0,3,0,0,12.98,37.41,0.00,125.99,0,0,0,0,148.86,0,316.0696126,0,0.00,0.05,0,1.91,0,0,0.00,0.00,842.96,0.00,72.18692395,21.42,0,0,0,0,0,20,0,3,0,0,0.00,0,0.00,3,20,0,0.00,659.50,47.64,431.03,0,5821.24,0,1362.22,0,0,0,0,0.00,0,36.35,0.00,388.00,22.61,0,0,0.00,0,0,0,0,0,0,0.00,0,168.18,0.00,0,0,0,0,0.00,950.55,0.00,988.90,0,20,0,0,20,1851.17,370.55,56.73598759,167.62,0,0,1.74,861.73,0.00,0,0,0,0,98.84,608.85,0,0.00,0.00,0,53.78
DG71,4.705080365,3,2015.02,0,0,0,0.00,49.50,0,0.00,0,0.00,99.94998749,6.32455532,0,0,0,0,2,6.32455532,3.180086824,473.2468738,0,2.449489743,0,0,20,48.28047247,106.98,5088.11,1389.48,0,0,919.78,0,99.94998749,0,0,0,0,2.83541522,0,488.53,5.028715727,3.464101615,316.0696126,0,1356.87,0,0,0,3,0.00,0,54.97,0,0.00,0,2,0,0,0.00,1038.88,0.00,0.00,3609.60,0,0,0,0,0,2.878732364,3,0,693.15,280.78,0.00,1305.45,0,0,0,0,957.57,0,31.60696126,3,0.00,0.00,0,16.77,0,0,0.00,17.45,4457.24,0.00,6.32455532,153.38,0,0,0,0,3,6.32455532,31.81158658,3,0,0,0.00,0,0.00,31.60696126,6.32455532,0,25.39,3712.61,722.19,3962.60,0,26657.27,0,6190.31,0,0,3,3,0.00,0,487.56,0.00,1616.93,374.97,0,0,0.00,6.011892975,0,0,3,0,0,0.00,0,2343.32,0.00,0,0,0,0,0.00,4801.89,0.00,2253.07,0,31.60696126,20,0,31.60696126,7193.47,3088.17,56.73598759,1329.27,0,0,1.98,4311.96,0.00,0,0,0,0,1442.11,3731.64,3,0.00,53.96,8.144301976,323.76
DG72,0,1,2318.71,0,0,0,0.00,128.15,0,3.48,0,0.00,20,0,0,0,0,0,0,32.35282205,0,0,0,3,0,0,73.39730808,0,143.54,4159.28,791.04,0,0,597.56,0,6.32455532,0,0,0,0,2.83541522,0,159.84,0,0,20,0,1395.80,0,6.184859059,3,3,0.96,0,77.22,0,0.00,0,10.19803903,0,0,3.68,906.28,0.00,0.00,4311.96,0,0,0,0,0,0,10.12173988,0,613.44,368.25,0.00,1097.77,0,0,0,0,676.60,0,6.32455532,3,0.00,0.68,0,33.14,0,0,0.00,97.82,2960.59,0.00,3,290.96,0,0,0,0,0,6.32455532,31.81158658,3,0,0,0.00,0,0.00,6.32455532,20.09302478,0,0.00,2186.10,179.60,4002.34,0,23223.30,0,3888.21,0,2.926150761,58.44102453,3,0.00,0,399.51,0.00,1628.45,309.77,0,0,0.00,0,0,0,0,0,0,4.42,0,1343.99,0.00,30.85755111,0,0,0,0.00,3175.43,0.00,586.00,0,6.32455532,3,0,3,7029.31,2221.58,0,582.98,0,0,1.05,1850.33,0.00,0,0,0,0,1042.79,3752.37,20,0.00,182.71,8.144301976,62.15
DG73,0,20,2329.14,0,0,0,0.00,107.59,0,6.14,0,0.00,316.0696126,0,0,0,0,0,5.449031295,6.32455532,1,0,0,2,0,0,20,0,146.76,4082.81,1777.56,0,0,441.11,0,6.32455532,0,0,0,0,2,0,322.82,0,0,316.2119542,0,1438.90,0,6.184859059,14.14468365,0,5.25,0,108.83,0,6.45,0,1.414213562,0,0,7.63,1140.49,0.00,1.44,4670.35,0,0,0,0,0,2.878732364,10.12173988,0,540.51,337.59,0.00,1471.30,0,0,0,0,798.75,0,999.9499987,20,0.38,2.05,0,18.47,0,0,0.00,96.58,4736.26,0.00,6.32455532,360.71,0,0,0,0,1,99.94998749,0,20,0,0,0.00,0,0.00,99.94998749,6.32455532,0,0.00,3704.46,73.14,4285.92,0,27072.73,0,6718.94,0,1,0,12.281368,3.63,0,344.01,0.00,1767.93,407.79,0,0,0.00,0,0,0,65.4927168,0,0,0.00,0,1940.29,0.00,0,0,0,0,0.00,4323.96,141.12,623.97,0,99.94998749,6.32455532,0,3,9280.59,3134.39,0,438.57,25.87805688,0,0.00,1597.35,0.00,0,0,0,0,988.56,4042.17,20,0.00,43.26,2,326.45
DG74,3,3,3300.68,0,0,0,0.00,21.13,0,0.00,0,0.00,316.2119542,0,0,0,0,0,5.449031295,31.60696126,0,0,0,6.32455532,0,0,6.32455532,0,135.74,3440.58,1361.70,0,0,1035.97,0,20,0,0,0,0,3,0,201.31,0,0,20,20,1460.63,0,6.184859059,3,3,1.66,0,110.35,0,76.09,0,3,0,0,0.00,1019.82,0.00,0.00,5340.09,0,0,0,0,0,3,3,0,583.49,157.02,0.00,1742.59,0,0,0,2.257319217,895.57,0,316.2119542,3,1.39,0.00,0,4.31,0,0,0.00,72.76,4111.25,0.00,20,285.05,3.718489007,0,0,0,0,316.2119542,0,0,0,0,0.00,0,0.00,99.94998749,3,0,12.76,3758.76,160.65,4350.31,0,25340.17,0,3990.69,0,0,0,3,0.00,0,506.86,105.70,1745.19,413.22,0,0,0.00,0,0,0,0,0,0,8.61,0,2417.72,0.00,3,0,0,0,0.00,3484.08,38.27,154.28,0,6.32455532,20,0,0,6907.73,3471.22,3,650.47,0,0,0.00,1805.77,0.00,0,0,0,0,1644.35,4061.55,20,0.00,31.74,3,272.38
DG75,0,1,3623.92,0,0,0,0.00,24.13,0,3.11,0,0.00,316.0696126,0,0,0,0,0,2,3,1,0,0,2,0,0,20,0,146.37,1512.98,946.99,0,0,1127.52,0,20,0,0,0,0,1,0,206.92,0,0,20,0,1458.14,0,3,2,0,3.11,0,76.84,0,63.00,0,0,0,0,77.44,1381.75,0.00,0.00,5622.24,0,0,0,0,1,1.414213562,0,0,1770.81,174.80,0.00,1683.50,0,0,0,1,473.71,0,316.0696126,0,2.85,0.00,0,0.00,0,0,0.00,124.52,2869.02,0.00,3,147.60,0,0,0,0,0,20,0,3,0,2.198329607,0.08,0,0.00,20,20,0,13.22,3072.89,272.62,4280.04,0,13239.90,0,688.43,0,2.926150761,0,3,40.52,0,830.50,408.30,345.63,348.62,0,0,0.00,0,0,0,3,0,0,76.48,0,3557.45,0.00,0,0,0,0,0.00,3734.37,0.00,24.91,0,20,3,0,0,2491.30,3713.69,56.73598759,2277.19,0,0,2.91,2765.19,0.00,0,0,0,0,2138.77,4118.58,20,0.00,40.50,3,62.51
DG76,3,3,3434.31,0,0,0,0.00,6.05,0,0.33,0,0.00,316.0696126,0,0,0,0,0,1,3,0,0,1,2.449489743,0,0,3,48.28047247,145.62,2097.27,1196.23,0,0,931.60,0,20,0,0,0,0,1,0,363.58,0,0,20,0,1451.23,0,2,2,20.4362039,4.60,0,47.13,0,52.35,0,1,0,0,57.71,1546.40,12.57,0.00,5462.88,0,0,0,0,2.635025498,1,1,0,1442.11,207.35,0.00,1593.75,0,0,0,2.257319217,385.74,0,99.94998749,3,1.21,0.00,0,0.49,0,0,0.00,119.21,4113.50,0.00,6.32455532,306.22,0,0,0,0,0,99.94998749,0,20,0,0,0.00,0,0.00,20,6.32455532,0,28.26,1890.77,959.04,4232.93,0,22706.67,0,1296.41,0,0,0,3,0.00,0,636.43,711.97,652.30,337.54,0,0,0.00,0,0,0,0,0,0,35.79,0,2490.74,0.00,0,68.05562138,0,0,0.00,4752.31,0.00,133.89,0,20,20,0,0,4905.65,3728.79,3,918.71,0,0,0.00,2170.70,0.00,0,0,0,0,2073.36,4088.72,20,0.00,26.87,8.144301976,122.69
DG77,2.828427125,0,3197.55,0,0,0,1.23,6.56,0,0.32,0,0.00,316.0696126,0,3,0,0,0,0,32.35282205,3.180086824,0,0,3,0,0,73.39730808,0,137.65,2229.68,1154.34,0,0,840.53,0,20,0,0,0,0,1.732050808,0,205.36,0,0,20,0,1430.27,0,2.828427125,20,20.4362039,6.94,0,76.18,0,49.18,0,3,0,0,152.94,1369.03,0.00,0.00,5180.33,0,0,0,0,1.414213562,2.828427125,2.828427125,0,1549.54,274.38,0.00,1575.95,0,0,0,0,612.13,0,20,20,3.74,0.00,0,5.40,0,0,0.00,174.75,3946.94,0.00,20,413.41,3.741657387,0,0,0,0,20,0,32.12401964,0,0,0.00,0,0.00,20,0,0,292.62,3354.90,1172.17,4167.77,0,16342.95,0,1079.07,0,0,20,12.281368,78.68,0,1019.17,1059.39,667.11,221.67,0,0,0.00,0,0,0,20,0,0,35.84,0,3279.25,0.00,30.85755111,0,0,0,0.00,4388.52,0.00,146.53,0,20,20,0,0,3585.10,3757.84,20,1510.10,0,0,1.32,3601.98,0.00,0,0,0,0,2271.08,4077.92,20,0.00,54.54,8.144301976,34.99
DG78,4.705080365,2.449489743,1883.42,0,0,0,5.41,0.00,0,8.65,0,0.00,20,0,1,0,0,0,0,0,0,0,0,4.981287692,0,0,73.39730808,0,142.06,73.84,0.00,0,0,825.28,0,0,0,0,0,0,0,0,5.99,0,0,0,0,1245.04,0,20,20,0,0.00,0,13.38,0,19.74,0,0,0,0,432.02,509.66,11.41,0.00,5596.97,0,0,0,0,3,0,3,0,1902.20,0.00,0.00,1357.06,0,0,0,0,187.31,0,3,0,21.23,0.00,0,0.00,0,0,0.00,84.08,1253.89,0.00,0,48.32,0,0,0,0,18.42932446,3,0,32.12401964,0,0,0.01,0,0.00,0,0,0,1118.64,2894.18,523.75,3863.60,0,1260.83,0,4.15,0,0,0,0,95.71,0,1097.46,1289.80,0.00,67.96,0,0,0.00,0,0,0,20,0,0,59.59,0,3691.39,0.00,0,0,0,0,0.00,1566.65,0.00,0.00,0,3,20,0,0,22.02,3540.92,20,1663.78,0,0,0.71,2987.22,0.00,0,0,0,0,2518.84,3906.62,163.8555342,0.00,34.97,0,0.00
DG79,4.705080365,5.840580155,880.87,0,0,0,0.00,0.00,0,0.74,0,0.00,20,0,1,0,0,0,0,0,3.180086824,0,0,4.981287692,0,0,0,0,77.56,370.51,107.44,0,0,472.44,0,0,0,0,0,0,0,0,3.48,0,0,0,0,515.36,0,2.449489743,20,0,0.00,0,13.15,0,98.13,0,0,0,0,164.37,482.21,0.00,0.00,2622.25,0,0,0,0,2.635025498,0,3.464101615,0,914.46,4.36,0.00,593.94,0,0,0,0,188.95,0,20,0,138.74,0.00,0,0.48,0,0,0.00,113.91,718.66,0.00,0,78.50,0,0,0,0,0,20,0,20,0,0,0.00,0,0.00,316.0696126,0,0,251.72,1746.78,0.00,1878.70,77.80607124,1831.26,0,14.20,0,0,20,0,29.03,0,526.85,605.38,9.79,17.66,0,0,0.00,0,0,0,0,0,0,19.16,0,1861.00,0.00,0,0,0,0,0.00,943.59,0.00,7.05,0,20,20,0,0,534.52,1717.35,316.0696126,794.35,20,0,0.00,901.52,0.00,0,0,0,0,1243.54,1857.05,316.0696126,0.00,61.01,0,0.00
DG81,0,0,1557.55,0,0,0,0.00,22.34,0,0.65,0,0.00,316.0696126,20,0,0,0,0,0,20,0,0,0,4.981287692,0,0,20,0,109.95,3014.43,878.68,0,0,537.27,0,69.67297166,0,0,0,0,0,0,205.99,0,0,20,0,709.46,0,0,0,0,0.00,0,4.59,0,0.00,0,0,0,0,3.87,470.78,0.00,0.00,1962.04,0,0,0,0,0,0,10.12173988,0,173.00,106.91,0.00,498.61,0,0,0,0,488.24,0,20,0,0.00,0.28,0,10.26,0,3,0.00,11.96,2239.01,0.00,72.18692395,73.09,0,0,0,0,18.42932446,118.7456423,31.81158658,32.12401964,0,0,0.00,0,0.00,59.38087577,20,0,234.17,1838.57,1303.82,2060.51,0,15206.99,0,1842.68,0,0,0,12.281368,0.00,0,188.44,0.00,946.01,147.30,0,0,0.00,6.011892975,0,0,0,0,0,0.00,0,1700.16,0.00,0,0,0,0,0.00,2833.54,0.00,1194.61,0,20,20,0,279.4275177,3510.39,1654.13,56.73598759,611.09,0,0,4.92,2734.90,0.00,0,0,0,0,905.44,2023.76,163.8555342,0.00,2.17,8.144301976,114.24
DG82,0,0,2872.25,0,0,0,0.00,82.56,0,0.38,0,0.00,20,0,0,0,0,0,0,32.35282205,0,0,0,4.981287692,0,0,73.39730808,0,181.32,5102.23,906.92,0,0,1298.22,0,69.67297166,0,0,0,0,0,0,187.18,5.028715727,0,278.4895475,0,1421.48,0,0,0,0,5.97,0,64.23,0,0.00,0,3.923088707,0,0,7.88,1376.01,0.00,0.00,4976.81,0,0,0,0,0,2.878732364,10.12173988,0,859.00,414.26,0.00,1383.83,0,0,0,0,955.87,3.066526022,20,16.38452182,0.56,0.58,0,25.04,0,0,0.00,87.71,4145.09,0.00,72.18692395,279.22,0,0,0,0,0,118.7456423,0,32.12401964,0,0,0.00,0,0.00,20,20.09302478,0,88.40,2979.33,1534.39,4123.48,0,20797.33,0,2552.33,0,0,0,12.281368,0.00,0,904.95,0.00,897.56,391.67,0,0,0.00,0,0,0,0,0,0,0.00,0,3358.57,0.00,0,0,0,0,0.00,3911.18,0.00,454.20,0,20,37.83230363,0,279.4275177,5242.86,3344.63,56.73598759,1286.05,25.87805688,0,3.66,3747.92,0.00,0,0,0,0,1929.01,3800.02,163.8555342,0.00,47.50,8.144301976,116.91
DG83,3,3,1520.71,0,0,0,0.00,141.24,0,0.00,0,0.00,316.0696126,0,0,0,0,0,0,99.94998749,0,0,0,3,0,0,316.0696126,3,187.07,4186.42,1967.00,0,0,896.35,0,316.0696126,0,0,0,0,3,0,1135.31,0,0,316.0696126,0,1478.66,0,0,3,20.4362039,29.06,0,95.43,0,0.00,0,1.414213562,0,0,0.00,1610.60,0.00,0.00,4071.87,0,0,0,0,0,0,0,0,139.29,1009.39,0.00,1378.91,0,0,0,0,1406.87,0,3162.119542,0,0.00,0.00,0,8.04,0,0,0.00,137.54,5106.93,0.00,20,730.15,0,0,0,0,0,316.0696126,0,0,0,0,0.00,0,0.00,20,316.0696126,0,0.00,3809.63,76.00,4221.56,0,31635.63,0,10730.08,0,0,0,3,5.84,0,694.73,16.39,2138.82,488.58,0,0,0.00,0,0,0,0,0,0,0.00,0,1575.16,0.00,0,0,0,0,0.00,4517.26,0.00,330.89,0,154.4664933,0,0,20,10250.25,3206.05,56.73598759,456.00,0,0,0.00,2170.36,0.00,0,0,0,0,1468.70,3944.21,316.0696126,0.00,25.84,3,593.83
DG84,4.705080365,3,2832.46,0,0,0,0.00,119.68,0,0.88,0,0.00,316.0696126,0,0,0,0,2,3,20,0,0,0,1.414213562,0,0,20,3,111.73,981.13,1719.18,0,0,562.69,0,316.0696126,0,1,0,0,1.414213562,0,619.51,0,0,999.9499987,0,1344.59,0,0,0,20,9.89,0,57.74,0,0.00,0,5,0,0,4.19,1247.31,0.00,0.00,3342.54,0,0,0,0,1.414213562,3,3,0,30.78,520.11,0.00,1365.65,0,0,0,0,1499.18,0,316.0696126,3,0.00,0.00,0,3.93,0,0,0.00,82.30,4622.98,0.00,20,452.99,0,0,0,0,3,316.0696126,0,3,3,0,0.00,0,0.00,20,20,0,0.00,4112.85,859.41,4094.76,0,30030.42,0,11822.68,0,0,0,6.32455532,5.38,0,277.88,46.39,2449.93,348.57,0,0,0.00,0,0,0,0,0,0,1.94,0,1689.79,0.00,6.32455532,0,0,0,0.00,4281.44,0.00,1166.93,0,20,20,0,0,10481.70,3350.63,56.73598759,462.48,0,0,0.00,2180.32,0.00,0,0,0,0,1529.55,4022.33,20,0.00,25.76,3,270.40
DG85,0,5.840580155,2745.57,0,0,0,1.27,12.35,0,0.00,0,0.00,316.0696126,0,0,0,0,0,8.485281374,2,1.414213562,0,0,2.828427125,0,0,20,0,125.30,3024.30,1727.54,0,0,946.69,0,20,0,0,0,0,2.83541522,0,288.81,0,0,20,26.69030188,1432.78,0,1,0,2.645751311,8.79,0,80.54,0,44.07,0,3,0,0,18.47,1602.56,0.00,0.00,4935.28,0,0,0,0,0,2.878732364,10.12173988,0,301.54,491.73,0.00,1495.37,0,0,0,0,1122.38,0,316.0696126,0,3.82,0.00,0,13.53,0,0,0.00,100.58,5126.93,0.00,316.0696126,417.59,0,0,0,0,20,20,0,0,0,0,0.00,0,0.00,20,20,0,0.00,3710.30,924.90,4182.13,0,29711.28,0,2709.35,0,0,316.0696126,12.281368,0.00,0,845.12,388.87,1014.52,278.88,0,0,0.00,0,0,0,0,0,0,4.25,0,3000.92,0.00,30.85755111,0,0,0,0.00,4974.47,0.00,275.23,0,316.0696126,12.64911064,0,0,7990.83,3542.95,0,1081.39,0,0,1.52,3560.52,0.00,0,0,0,0,2172.56,4029.33,20,0.00,25.98,4.472135955,178.46
DG86,0,3,1962.13,0,0,0,8.93,90.34,0,0.64,0,0.00,3162.119542,0,0,0,0,0,0,20,0,0,3,6.32455532,0,0,20,3,152.20,1479.42,1139.75,0,0,247.70,0,316.0696126,0,0,0,0,3,3,732.19,0,0,316.0696126,0,1440.09,0,20,20,20,37.47,0,57.48,0,0.00,0,3,0,0,3.68,1618.25,0.00,0.00,4238.96,0,0,0,0,3,3,6.32455532,0,82.31,917.35,0.00,1397.78,0,0,0,0,1078.08,0,999.9499987,0,0.00,0.00,0,36.54,0,0,0.00,152.59,5171.13,0.00,20,1087.16,3,0,0,0,0,99.94998749,0,20,0,0,0.00,0,0.00,20,6.32455532,0,0.00,1495.05,212.50,3902.31,0,30830.61,0,3553.41,0,0,0,20,2.40,0,522.53,77.65,1300.66,245.54,0,0,0.00,0,0,0,0,0,0,5.74,0,1379.09,0.00,30.85755111,0,0,0,0.00,5103.22,0.00,472.16,0,316.0696126,20,0,279.4275177,8530.67,3042.46,3,380.07,0,0,0.36,1423.70,0.00,0,0,0,0,1226.63,3956.06,20,0.00,4.07,20,301.87
DG87,3,3,3056.52,0,0,0,2.45,101.70,0,0.00,0,0.00,999.9499987,0,0,0,0,0,0,99.94998749,0,0,20,2.449489743,0,0,316.0696126,0,140.91,3612.19,1596.78,0,0,363.04,0,316.0696126,0,0,0,0,2.83541522,3,724.24,0,0,3162.119542,0,1400.61,0,6.32455532,20,0,44.88,0,111.91,0,0.00,0,3,0,0,53.47,1654.72,0.00,0.00,5040.21,0,0,0,0,2.635025498,2.878732364,20,0,458.43,821.75,0.00,1508.67,0,0,0,0,872.43,0,999.9499987,20,0.00,0.00,0,49.91,0,0,0.00,254.07,5173.98,0.00,316.0696126,1271.52,3.718489007,0,0,0,0,316.0696126,0,3,0,0,0.00,0,0.00,316.0696126,20,0,0.00,2395.77,524.15,4019.87,0,26767.57,0,1055.93,0,3,58.44102453,0,0.00,0,911.22,472.23,612.36,339.62,0,0,0.00,0,0,0,65.4927168,0,0,0.00,0,2171.28,0.00,30.85755111,0,0,0,0.00,4996.26,0.00,48.75,0,316.0696126,316.0696126,0,0,5883.12,3391.59,3,693.23,0,0,0.39,2734.97,0.00,0,0,0,0,1937.67,3947.22,316.0696126,0.00,58.56,3,284.71
DG88,0,0,2700.94,0,0,0,0.00,124.99,0,7.97,0,0.00,316.0696126,0,0,0,0,0,0,0,2.449489743,0,0,4,0,0,20,0,244.70,3550.69,954.82,0,0,822.15,0,20,0,0,0,0,2.449489743,0,64.64,0,0,316.0696126,0,1253.74,0,2.449489743,4.472135955,0,2.22,0,94.23,0,0.00,0,0,0,0,201.57,1542.55,12.79,2.63,4651.78,0,0,0,0,0,0,4.472135955,0,1117.19,210.87,0.00,1367.63,0,0,1.913932948,0,781.99,0,20,0,2.62,0.00,0,131.41,0,0,0.00,364.49,5022.34,0.00,20,832.25,0,0,0,0,0,20,0,20,0,0,0.11,0,0.00,20,20,0,0.00,3373.06,271.21,4201.35,0,17503.86,0,116.12,0,0,20,0,4.00,0,1255.26,510.10,47.80,247.90,0,0,0.00,0,0,0,0,0,0,0.68,0,3314.43,0.00,0,0,0,0,0.00,5132.78,0.00,0.00,0,316.0696126,20,0,0,3453.09,3543.19,20,1808.35,0,0,23.02,4948.50,0.00,0,0,0,0,2578.39,4039.38,316.0696126,0.00,30.07,0,72.64
DG89,0,3,1216.42,0,0,0,7.16,72.47,0,0.35,0,0.00,20,0,2.247226522,0,0,0,20,4.472135955,3.180086824,0,0,3,0,0,20,0,98.37,2466.94,538.03,0,0,1026.14,0,20,0,0,0,0,2,0,36.31,0,0,20,0,813.36,0,3,20,20.4362039,0.00,0,66.96,0,171.99,0,3,6.014896852,0,60.51,905.62,0.00,0.00,3844.75,0,0,0,0,3,0,2,0,1489.51,152.67,0.00,1090.01,0,0,1.913932948,0,753.00,7.937253933,316.0696126,20,37.68,0.00,0,67.92,0,0,0.00,223.30,3959.77,0.00,20,601.34,3.718489007,0,0,0,3,20,0,20,0,0,0.00,0,0.00,99.94998749,20,0,0.00,3028.14,0.00,3516.80,77.80607124,11935.91,0,339.24,0,2.449489743,20,0,10.32,0,1183.29,416.13,206.58,90.46,0,0,0.00,0,0,0,65.4927168,0,0,4.93,0,2274.75,0.00,30.85755111,0,0,0,0.00,3577.38,0.00,101.50,0,20,20,0,0,3166.28,2970.32,20,936.85,20,0,15.82,2933.53,0.00,0,0,0,0,2087.81,3271.89,316.0696126,0.00,43.47,6.32455532,70.52
DG91,0,0,424.06,0,0,0,0.00,0.00,0,0.00,0,0.00,20,20,0,0,0,0,0,0,1.414213562,0,0,0,0,0,20,0,27.99,626.59,170.79,0,0,148.77,0,20,0,0,0,0,0,0,4.82,0,0,20,0,157.66,0,0,0,0,0.00,0,1.12,0,0.00,0,0,0,0,0.00,114.09,0.00,0.00,498.57,0,0,0,0,0,0,0,0,47.54,4.78,0.00,98.54,0,0,0,0,170.55,0,20,0,0.00,0.10,0,4.09,0,0,0.00,2.50,541.68,0.00,0,8.04,0,0,0,0,20,0,0,20,0,0,0.00,0,0.00,20,3.464101615,0,11.12,442.06,343.19,464.27,0,2865.93,0,67.44,0,0,0,0,0.00,0,57.71,0.00,107.58,0.00,0,0,0.00,0,0,0,0,0,0,0.00,0,432.06,0.00,0,0,0,0,0.00,649.32,0.00,173.43,0,20,0,0,0,521.17,357.39,0,186.36,0,0,1.44,666.03,0.00,0,0,0,0,233.85,454.58,20,0.00,0.00,0,0.00
DG92,0,0,2781.31,0,0,0,0.00,14.54,0,3.25,0,0.00,316.0696126,20,0,0,0,0,0,4.472135955,2,0,0,1.414213562,0,0,99.94998749,0,119.56,4167.62,614.11,0,0,1255.95,0,20,0,0,0,0,0,0,121.08,0,0,316.0696126,0,1169.76,0,20,0,0,2.24,0,59.49,0,0.00,0,0,0,0,48.96,895.50,0.00,0.00,4681.98,1,0,0,0,1,1,0,0,659.23,134.80,0.00,1257.02,0,0,0,0,1051.84,3,20,0,0.00,0.26,0,18.39,0,0,0.00,96.46,4090.53,0.00,20,238.66,0,0,0,0,20,20,0,20,0,0,0.00,0,0.00,20,20,0,0.00,3494.12,855.89,3679.58,0,8458.79,0,1428.46,0,0,0,3.464101615,0.00,0,673.41,0.00,313.34,101.64,0,0,0.00,0,0,0,0,0,0,0.00,0,3365.01,0.00,0,0,0,0,0.00,3484.70,0.00,171.06,0,316.0696126,2.449489743,0,0,2596.48,2951.89,0,1691.67,0,0,6.49,4183.78,0.00,0,0,0,0,1889.09,3571.98,20,0.00,2.98,2.449489743,55.48
DG93,4.705080365,5.840580155,2148.50,0,0,0,0.00,72.36,0,0.75,0,0.00,20,0,0,0,0,0,0,20,0,0,0,3,0,0,20,0,86.83,3276.26,804.10,0,0,1299.77,0,20,0,0,0,0,2.83541522,0,598.87,0,0,316.0696126,0,1340.57,0,0,0,0,7.05,0,114.15,0,0.00,0,0,0,0,15.45,1021.29,0.00,0.00,4969.61,0,0,0,0,0,2.878732364,3,0,944.08,352.67,0.00,1500.61,0,0,0,0,577.99,2,316.0696126,0,0.00,0.00,0,5.36,0,0,0.00,125.12,4654.51,0.00,20,551.81,0,0,0,0,0,20,0,0,0,0,0.00,0,0.00,20,20,0,0.00,4130.98,173.87,4297.80,0,15982.96,0,3740.93,0,0,0,0,0.00,0,599.06,0.00,820.39,267.24,0,0,0.00,0,0,0,0,0,0,0.00,0,3286.29,0.00,0,0,0,0,0.00,3031.86,0.00,151.49,0,316.0696126,20,0,0,5051.19,3270.56,0,568.78,0,0,0.56,3692.69,0.00,0,0,0,0,1798.37,3995.48,163.8555342,0.00,6.10,8.144301976,316.08
DG94,4.705080365,2.828427125,1809.62,0,0,0,0.00,12.01,0,0.00,0,0.00,20,0,0,0,0,0,0,3.872983346,0,0,0,4.981287692,0,0,20,0,67.49,1593.98,270.49,0,0,1017.65,0,20,0,0,0,0,1.732050808,0,100.07,0,0,20,0,1301.63,0,1.414213562,0,0,3.55,0,87.85,0,27.13,0,0,0,0,7.77,639.48,0.00,0.00,5130.49,0,0,0,0,0,0,1.414213562,0,1125.38,192.43,0.00,1628.50,0,0,0,0,627.35,0,531.2865308,0,0.44,0.00,0,9.14,0,0,0.00,134.37,4049.57,0.00,20,313.41,0,0,0,0,0,118.7456423,0,0,0,0,0.00,0,0.00,20,20,0,0.00,3828.89,1094.82,4129.34,0,8072.00,0,539.60,0,0,58.44102453,0,0.00,0,526.82,0.00,395.38,254.27,0,0,0.00,0,0,0,0,0,0,0.00,0,3287.94,0.00,0,0,0,0,0.00,2371.62,0.00,20.81,0,316.0696126,20,0,0,2102.73,3437.11,20,1221.64,0,0,0.40,3220.28,0.00,0,0,0,0,1962.45,3994.91,20,0.00,3.11,2.828427125,77.90
DG95,0,3,2062.04,0,0,0,0.00,57.04,0,0.32,0,0.00,99.94998749,0,0,0,0,0,4.242640687,20,0,0,0,2.828427125,0,0,20,0,125.42,3704.26,1026.01,0,0,364.77,0,6.32455532,0,0,0,0,2.83541522,0,167.63,0,0,316.0696126,0,1417.99,0,6.184859059,1,1.414213562,5.50,0,79.49,0,0.00,0,5.916079783,0,0,0.00,823.49,0.00,0.00,4622.01,0,0,0,0,0,0,2.828427125,0,39.17,664.16,0.00,1496.54,0,0,0,0,907.94,0,316.0696126,0,0.00,0.00,0,38.84,0,0,0.00,84.05,4786.41,0.00,20,385.60,3.718489007,0,0,0,0,20,0,99.94998749,0,0,0.00,0,0.00,20,20,0,0.00,2666.30,210.45,3763.25,0,27390.56,0,3508.33,0,0,0,0,0.00,0,429.40,0.00,1263.19,354.35,0,0,0.00,0,0,0,0,0,0,0.00,0,1493.91,0.00,30.85755111,0,0,0,0.00,3764.88,0.00,458.25,0,99.94998749,0,0,279.4275177,8183.90,2860.82,0,430.98,0,0,0.34,1007.98,0.00,0,0,0,0,1433.78,4000.82,20,0.00,32.83,6.32455532,312.25
DG96,3,3,3014.18,0,0,0,0.00,74.52,0,0.00,0,0.00,20,0,0,0,0,0,20,20,0,0,3,6.32455532,0,0,20,0,147.03,2869.42,1090.94,0,0,778.43,0,20,0,0,0,0,3,3,285.30,0,0,20,0,1432.66,4.384130876,3,6.32455532,3,17.88,0,66.32,0,0.00,0,11,0,0,0.00,1470.00,0.00,0.00,5052.78,0,0,0,0,0,0,6.32455532,0,2.72,988.05,0.00,1615.13,0,0,0,0,1251.33,0,316.0696126,0,0.00,0.00,0,80.38,0,0,0.00,178.42,5226.29,0.00,20,730.39,1,0,0,0,0,6.32455532,0,0,0,0,0.00,0,0.00,20,20,0,0.00,2274.04,208.96,3842.39,0,30091.14,0,765.05,0,0,0,0,0.00,0,721.66,4.92,1403.16,388.55,0,0,0.00,0,0,0,65.4927168,0,0,0.00,0,2984.50,0.00,30.85755111,0,0,0,0.00,5217.14,0.00,117.93,0,316.0696126,3,0,3,5632.53,3216.17,3,499.75,20,20,0.76,3549.95,0.00,0,0,0,0,1895.86,3977.63,6.32455532,0.00,3.18,20,317.06
DG97,0,2.449489743,822.20,0,0,0,8.98,330.72,0,4.21,0,0.00,316.0696126,0,0,0,0,0,3,6.32455532,0,0,6.32455532,1.414213562,0,0,20,0,175.18,4436.99,1934.45,0,0,143.47,0,6.32455532,0,0,0,0,2.83541522,15,1294.90,0,0,99.94998749,0,1076.49,0,3,14.14468365,6.480740698,45.62,0,40.53,0,0.00,0,3.923088707,0,0,11.23,1203.33,0.00,1.03,1971.18,0,0,0,0,0,3,3.464101615,0,0.00,1688.40,0.00,841.62,0,0,0,0,754.01,0,99.94998749,0,0.00,0.32,0,180.21,0,0,0.00,158.04,5141.66,0.00,6.32455532,2029.24,0,0,0,0,3,3,0,32.12401964,0,0,0.00,0,0.00,3,6.32455532,0,0.00,1522.67,0.00,3141.49,0,32140.91,0,7725.52,0,0,20,6.32455532,0.00,0,507.86,5.22,1893.35,206.32,0,0,0.00,0,0,0,0,0,0,0.00,0,943.92,0.00,30.85755111,0,0,0,0.00,4917.43,0.00,1721.72,0,6.32455532,4.242640687,0,0,9697.88,3082.17,3,255.10,0,0,8.53,4119.99,0.00,0,0,0,0,1092.05,2725.70,20,0.00,84.91,3,540.52
DG98,0,0,291.15,0,0,0,38.61,501.87,0,20.95,0,0.00,20,0,0,0,0,0,0,3,3.180086824,0,3,3,0,0,20,0,633.63,5499.07,2124.18,0,0,101.51,0,20,0,0,0,0,3,2.630383797,887.75,0,0,20,26.69030188,908.50,0,6.184859059,14.14468365,20,18.15,0,60.42,0,0.00,0,0,0,0,58.08,1289.71,0.00,15.43,1006.93,0,0,0,0,0,0,20,0,25.05,1461.92,0.00,541.97,0,0,0,0,900.43,3.066526022,316.0696126,16.38452182,0.00,2.03,0,386.76,0,0,0.00,211.51,5383.00,0.00,20,2525.97,0,0,0,0,3,118.7456423,0,0,0,0,0.02,0,0.00,20,3,0,0.00,578.41,34.49,2576.56,0,31951.54,0,4936.65,0,0,3,3,0.00,0,326.57,5.07,1559.79,143.06,0,0,0.00,0,0,0,65.4927168,0,0,0.00,0,594.90,0.00,30.85755111,0,0,0,0.00,5484.06,0.00,970.88,0,20,0,0,0,9148.02,2617.11,0,524.61,0,0,43.31,4698.34,0.00,0,0,0,0,928.92,2289.15,20,0.00,20.35,8.144301976,495.70
DG99,4.705080365,3,353.70,0,0,0,74.98,398.78,0,59.45,0,0.00,3162.119542,0,2.247226522,0,0,0,5.449031295,20,3.180086824,0,20.28995068,3,0,0,20,0,574.35,4704.36,470.22,0,0,395.74,0,3,0,0,1,0,3,0,170.54,1,3.464101615,278.4895475,0,609.14,0,20,14.14468365,20.4362039,5.83,0,31.81,0,3.25,0,3.923088707,0,0,170.90,718.03,0.00,32.24,1772.06,0,0,0,0,2.635025498,1,3,0,948.36,823.64,0.00,502.31,0,0,1.913932948,2.257319217,663.09,3,3162.119542,20,21.27,0.23,6.480740698,416.73,0,0,0.00,165.80,4846.27,0.00,316.0696126,1781.73,0,0,0,0,20,316.0696126,0,20,0,0,4.76,0,0.00,316.0696126,20,0,0.00,1213.59,0.00,3163.26,20,16959.14,0,444.28,0,2.926150761,58.44102453,20,51.76,2,483.86,31.99,287.65,9.66,0,0,0.00,0,0,0,20,0,0,0.00,0,1340.65,0.00,0,0,0,0,0.00,4775.12,0.00,25.16,0,316.0696126,3,0,0,3053.64,2344.87,20,938.18,25.87805688,0,121.28,4464.92,57.59,0,0,0,0,1377.32,3635.76,20,0.00,22.09,3,232.58
DH00,0,0,0.00,2.449489743,0,0,616.95,33.72,0,3.60,20,100.31,316.0696126,0,3,0,0,0,3,0,1,0,0,3,0,0,20,0,295.46,91.99,0.00,0,0,63.85,0,0,0,0,0,0,3,0,0.00,0,0,20,0,191.94,0,6.32455532,20,0,5.79,0,15.58,0,143.39,0,0,0,0,449.19,14.80,44.31,94.20,837.04,0,0,0,0,0,0,4.472135955,0,566.32,2.26,0.00,5.79,0,3,0,0,11.03,0,531.2865308,0,233.00,0.00,0,3.21,0,0,1889.15,195.49,64.71,0.00,0,100.23,0,0,0,7.108617267,0,20,0,0,0,0,0.00,0,144.97,0,0,0,1358.09,63.57,812.19,82.97,0,892.53,0,21.19,20,1,58.44102453,0,314.69,0,59.24,29.28,52.85,0.00,0,0,972.59,0,0,0,0,0,20,11.74,0,242.66,435.60,0,0,0,20,528.46,337.80,0.00,0.00,0,0,0,0,0,268.71,132.46,0,17.04,20,0,14.35,0.00,13.02,0,1.732050808,0,0,290.86,262.38,0,145.52,483.74,0,0.00
DH10,3,5.840580155,0.00,0,0,0,587.35,22.74,0,2.71,48.95519325,13.08,20,0,0,0,0,0,0,0,0,0,3,3,0,0,0,0,247.54,308.19,0.00,0,0,7.90,0,0,0,0,0,0,0,0,0.00,0,0,0,26.69030188,88.72,0,3,3,20,33.09,0,10.75,0,16.66,0,0,0,0,325.39,18.00,89.21,3.99,315.50,0,0,0,0,0,0,3,0,229.67,10.07,0.00,0.00,0,0,0,0,65.92,0,99.94998749,0,159.21,0.30,0,15.76,0,0,0.00,70.18,422.90,0.00,0,353.55,0,0,0,0,0,118.7456423,3,32.12401964,0,0,0.00,0,52.58,3,0,0,113.55,325.53,0.00,288.58,0,3291.76,0,320.02,0,2.926150761,0,0,99.83,0,43.13,0.00,212.35,0.00,0,0,31.61,0,0,0,0,0,49.56767943,0.00,0,0.00,0.00,0,0,20,0,0.00,722.02,0.00,36.27,0,154.4664933,0,0,0,1237.34,299.30,20,27.00,20,0,3.88,0.00,0.00,0,0,0,0,149.05,544.96,163.8555342,0.00,130.15,0,0.00
DH80,0,3,74.35,0,0,0,0.00,3.20,0,0.33,0,0.00,20,0,0,0,0,0,0,0,0,0,0,3,0,0,0,0,7.94,159.03,28.74,0,0,34.70,0,0,0,0,0,0,1,0,0.45,0,0,0,0,23.43,0,0,0,0,0.00,0,2.01,0,0.00,0,3.923088707,0,0,19.91,43.06,0.00,0.00,100.78,0,0,0,0,0,0,0,0,43.21,0.00,0.00,41.50,0,0,0,0,23.90,3.066526022,6.32455532,0,4.00,0.00,0,1.76,0,0,0.00,4.99,150.56,0.00,0,9.89,0,0,0,0,3,20,0,0,0,0,0.00,0,0.00,0,0,0,0.00,106.10,0.00,126.43,0,758.42,0,5.51,0,2.926150761,0,0,7.44,0,28.55,5.43,7.00,0.00,0,0,0.00,0,0,0,65.4927168,0,0,0.00,0,54.73,0.00,0,0,0,0,0.00,162.30,0.00,0.00,0,0,20,0,0,94.79,114.46,0,33.99,0,0,0.59,139.22,0.00,0,0,0,0,71.32,117.30,20,0.00,0.00,0,0.00
DH90,4.705080365,5.840580155,177.28,0,0,0,0.00,2.84,0,0.00,0,0.00,0,0,2.247226522,0,0,0,0,0,3.180086824,0,0,4.981287692,0,0,0,0,71.21,478.90,0.00,0,0,211.87,0,0,0,0,0,0,2.83541522,0,0.00,5.028715727,3.464101615,0,0,183.96,0,6.184859059,0,0,0.00,0,4.24,0,0.00,0,3.923088707,6.014896852,0,107.70,16.19,0.00,0.00,1146.53,0,0,0,0,0,2.878732364,1.732050808,0,407.70,0.00,0.00,232.02,0,0,0,2.257319217,88.49,3.066526022,531.2865308,16.38452182,7.65,0.00,0,1.55,0,0,0.00,29.03,394.17,0.00,0,37.88,0,0,0,7.108617267,18.42932446,118.7456423,0,32.12401964,0,0,0.04,0,0.00,59.38087577,0,0,38.73,877.42,0.00,855.49,20,127.04,0,0.00,0,2.926150761,58.44102453,0,25.86,0,98.40,141.12,2.36,0.00,0,0,0.00,0,0,0,65.4927168,0,0,0.00,0,681.15,0.00,0,0,0,0,0.00,478.30,0.00,0.00,0,0,20,0,0,68.59,740.93,20,181.98,20,0,2.68,326.70,0.00,0,0,0,0,538.51,826.61,20,0.00,11.42,0,0.00
EG02,0,0,577.56,0,0,0,0.00,8.38,0,0.41,0,0.00,316.0696126,37.46112383,0,0,0,0,0,3.464101615,1,0,0,0,0,0,20,0,45.43,1427.18,583.71,0,0,71.33,0,20,0,0,0,0,1,0,33.32,0,0,316.0696126,0,335.11,0,3,0,0,0.00,0,8.80,0,0.00,0,0,0,0,0.00,173.42,0.00,0.00,776.70,0,0,0,0,0,0,0,0,0.00,39.10,0.00,313.69,0,0,0,0,274.57,3.066526022,316.0696126,0,0.00,0.28,0,3.65,0,0,0.00,0.00,1250.17,0.00,20,49.62,0,0,0,0,5.477225575,20,0,0,2.449489743,0,0.00,0,0.00,20,5.477225575,0,0.00,1080.38,58.77,1021.17,0,7923.93,0,1803.65,0,0,0,3.464101615,0.00,0,120.42,0.00,514.29,12.39,0,0,0.00,3,0,0,0,0,0,0.00,0,581.60,0.00,30.85755111,0,0,0,0.00,1394.85,0.00,864.11,0,20,1,0,20,1746.46,718.28,0,163.45,0,0,3.99,1235.52,0.00,0,0,0,0,300.68,993.37,3,0.00,0.00,2.449489743,72.90
EG03,0,3,1511.78,0,0,0,0.00,2.76,0,0.33,0,0.00,20,3,0,0,0,0,3,20,1,0,0,3,0,0,20,0,86.98,2491.29,701.23,0,0,836.98,0,20,0,0,0,0,0,0,96.48,0,0,316.0696126,0,1155.99,0,0,0,0,0.00,0,65.48,0,0.00,0,0,0,0,51.60,348.92,0.00,0.00,4224.26,0,0,0,0,0,0,3,0,1043.14,106.41,0.00,1387.97,0,0,0,0,462.28,1,316.0696126,0,0.00,0.00,0,16.02,0,0,0.00,10.28,4241.62,0.00,20,184.85,0,0,0,0,0,20,0,0,0,0,0.00,0,0.00,20,20,0,13.75,3673.39,227.06,3949.32,0,12829.26,0,1352.34,0,0,0,12.281368,0.00,0,372.60,114.59,588.74,9.52,0,0,0.00,0,0,0,0,0,0,0.00,0,2744.14,0.00,0,0,0,0,0.00,2858.65,0.00,926.82,0,316.0696126,20,0,0,2479.19,2881.27,0,477.75,0,0,10.52,4422.29,0.00,0,0,0,0,1673.22,3343.78,0,0.00,1.07,0,63.10
EG04,4.705080365,5.840580155,1951.76,0,0,0,0.00,157.40,0,0.33,0,0.00,20,0,0,0,0,0,0,20,0,0,20.28995068,3,0,0,6.32455532,0,113.42,4454.07,1393.34,0,0,732.56,0,20,0,0,0,0,0,0,813.23,0,0,316.0696126,0,1401.95,0,3,0,20,28.36,0,73.96,0,0.00,0,0,0,0,0.00,1056.68,0.00,0.00,3270.93,0,0,0,0,0,2.878732364,3,0,313.80,1229.49,0.00,1329.23,0,0,0,0,595.02,0,316.0696126,0,0.00,0.21,0,64.46,0,0,0.00,56.81,4770.21,0.00,20,1029.85,0,0,0,0,0,20,0,0,0,0,0.00,0,0.00,20,20,0,0.00,2996.94,85.78,3596.36,0,23559.56,0,3170.34,0,2.926150761,0,0,0.00,0,431.30,0.00,1674.60,387.78,0,0,0.00,0,0,0,0,0,0,0.00,0,1478.59,0.00,30.85755111,0,0,0,0.00,3872.91,0.00,470.38,0,20,0,0,20,6802.94,2766.43,0,394.21,0,0,2.91,2607.52,0.00,0,0,0,0,1174.36,3649.49,3,0.00,0.00,3,438.33
EG05,4.705080365,5.840580155,495.27,0,0,0,0.00,225.74,0,3.34,0,0.00,20,0,0,0,0,0,0,32.35282205,0,0,20.28995068,4.981287692,0,0,73.39730808,0,237.93,5246.87,2300.25,0,0,34.90,0,20,0,1,0,0,0,0,1542.64,0,0,316.0696126,0,1391.56,0,6.184859059,0,20.4362039,23.95,0,60.22,0,0.00,0,4.242640687,0,0,4.02,734.07,0.00,1.03,1524.22,0,0,0,0,0,1.732050808,10.12173988,0,0.00,1617.92,0.00,900.55,0,0,0,0,1285.76,0,316.0696126,0,0.00,0.57,0,76.84,0,0,0.00,41.23,5320.63,0.00,316.0696126,639.79,0,0,0,0,18.42932446,118.7456423,6.708203932,32.12401964,0,0,0.00,0,0.00,20,20.09302478,0,0.00,1442.34,0.00,3150.72,0,33269.50,0,12092.73,0,0,58.44102453,12.281368,0.00,0,142.45,0.00,2489.60,434.74,0,0,0.00,0,0,0,0,0,0,0.00,0,208.01,0.00,5.916079783,0,0,0,0.00,5066.15,0.00,1593.48,0,154.4664933,0,0,279.4275177,12057.64,2632.45,0,127.97,0,0,5.89,1092.05,17.48,0,0,0,0,594.10,3132.29,163.8555342,0.00,57.89,8.144301976,700.67
EG06,3,5.840580155,997.98,0,0,0,1.34,264.60,0,1.07,0,0.00,20,0,0,0,0,0,3.16227766,20,3,0,20,4.981287692,0,0,20,0,325.18,5111.16,2073.81,0,0,78.74,0,20,0,0,3,0,3,3,1286.70,20,0,316.0696126,0,1290.80,4.384130876,0,14.14468365,4.582575695,27.42,0,49.95,0,0.00,0,0,0,0,0.00,816.85,0.00,0.00,2269.95,0,0,0,0,0,0,3.464101615,0,2.56,1587.66,0.00,755.74,0,0,0,0,1170.48,0,316.0696126,0,0.00,0.00,0,106.08,0,0,0.00,109.49,5269.90,0.00,20,1241.04,0,0,0,0,0,6.708203932,31.81158658,32.12401964,0,0,0.00,0,0.00,20,20,0,0.00,582.54,240.61,2691.22,0,30958.60,0,9544.00,0,0,20,6.92820323,0.00,0,323.09,0.00,2230.13,359.26,0,0,0.00,0,0,0,0,0,0,0.00,0,684.51,0.00,30.85755111,0,0,0,0.00,5240.93,0.00,2378.38,0,20,0,0,20,10132.23,2106.96,56.73598759,339.49,25.87805688,0,2.64,3128.79,0.00,0,0,0,0,817.78,2466.90,20,0.00,17.16,8.144301976,646.27
EG07,0,0,24.35,0,0,0,103.10,580.59,0,1.91,0,0.00,20,37.46112383,0,0,0,0,3,20,0,0,20,6.32455532,3,0,73.39730808,0,191.93,4979.88,2001.79,0,0,0.00,0,316.0696126,0,20,4,0,0,3,1840.37,3,0,316.0696126,0,923.49,3,0,0,99.94998749,37.49,0,69.05,0,0.00,0,3,0,0,0.00,217.92,0.00,0.00,282.54,0,0,0,0,0,1,20,0,0.00,2007.25,0.00,92.45,0,0,0,0,903.58,0,316.0696126,16.38452182,0.00,0.08,0,123.61,0,0,0.00,21.93,5171.43,0.00,20,1686.90,3.718489007,0,0,0,0,3,20,0,20,0,0.00,0,0.00,20,3,0,0.00,267.06,0.00,1618.39,0,33140.85,0,13974.28,0,0,58.44102453,3,0.00,0,42.82,0.00,2564.25,429.67,0,0,0.00,0,0,0,0,0,0,0.00,0,27.35,0.00,3,68.05562138,0,0,0.00,4085.87,0.00,1948.57,0,20,0,0,0,12042.15,2439.16,6.32455532,23.17,3,0,2.58,1439.19,0.00,0,0,0,0,398.14,1487.35,0,0.00,14.72,3,784.66
EG08,0,0,19.16,0,0,0,35.45,668.07,0,32.02,0,0.00,999.9499987,6.32455532,0,0,0,0,5.449031295,20,3,0,3,3,10.12056999,0,316.0696126,0,1311.10,5761.10,2231.72,0,0,0.00,0,99.94998749,0,6.32455532,3,0,1,3,1091.86,3,0,316.0696126,0,790.49,6.32455532,0,14.14468365,6.32455532,31.34,0,82.55,0,0.00,0,2,0,0,138.58,674.67,0.00,11.70,267.02,0,0,0,6.32455532,3,3,20,0,0.00,1905.03,0.00,5.78,0,0,0,2.257319217,1704.27,3,316.2119542,6.32455532,0.00,1.44,4.242640687,479.12,0,0,0.00,68.21,5358.51,0.00,99.94998749,2630.61,3.718489007,0,0,7.108617267,3,20,6.32455532,32.12401964,0,0,1.77,0,0.00,316.0696126,20,0,0.00,170.13,0.00,1162.82,0,32000.54,0,5465.19,0,0,3,12.281368,0.00,0,122.07,0.00,1820.14,250.77,0,0,0.00,0,0,0,0,0,0,0.00,0,0.00,0.00,20,0,0,0,0.00,5056.95,0.00,814.41,0,20,3,0,279.4275177,10597.01,1548.40,0,185.19,0,0,234.90,3533.28,85.70,0,0,0,0,506.75,2397.49,0,0.00,15.69,8.144301976,704.15
EG09,4.705080365,5.840580155,82.32,0,0,0,6.57,553.75,0,96.47,0,0.00,20,3,2.247226522,0,0,0,0,32.35282205,3.180086824,0,0,1.414213562,0,0,20,48.28047247,2126.32,4750.23,1241.53,0,0,50.35,0,5.656854249,0,0,0,0,1,0,49.28,5.028715727,0,20,0,493.07,1,1,1.414213562,20.4362039,3.18,0,70.30,0,0.00,0,0,0,0,947.12,556.07,0.00,149.25,1054.47,0,0,0,1,1.111024302,2.878732364,3.464101615,0,286.41,357.23,85.06,36.82,0,0,1,0,1419.33,1,316.0696126,20,0.58,5.58,6.480740698,585.62,0,0,0.00,168.48,4645.57,0.00,20,1584.59,0,0,0,7.108617267,20,20,0,20,0,0,14.84,0,0.00,99.94998749,20.09302478,0,0.00,265.10,0.00,2672.75,0,12209.43,0,95.78,0,0,0,12.281368,36.70,0,404.46,0.00,158.40,0.00,0,0,0.00,0,0,0,20,0,0,0.00,0,486.22,0.00,0,0,0,0,0.00,4503.96,0.00,2.78,0,316.0696126,37.83230363,0,0,2649.48,2035.51,0,1243.01,25.87805688,9.518589722,711.90,4924.01,1372.19,0,0,0,0,1164.36,3373.94,3,0.00,0.00,8.144301976,289.70
EG13,0,5.840580155,991.88,0,0,0,0.00,25.86,0,0.00,0,0.00,20,3,0,0,0,0,0,3,3.180086824,0,0,4.981287692,0,0,3,3,45.89,1574.58,681.64,0,0,306.71,0,6.32455532,0,0,0,0,0,0,217.19,0,0,20,0,470.56,0,0,0,7.348469228,7.37,0,23.65,0,0.00,0,0,0,0,0.00,189.67,0.00,0.00,1222.82,0,0,0,0,1,2.878732364,3,0,21.00,269.37,0.00,496.38,0,0,0,0,234.87,3.066526022,20,0,0.00,0.00,0,11.77,0,0,0.00,3.73,1735.22,0.00,20,125.88,0,0,0,0,3,6.32455532,0,32.12401964,0,0,0.00,0,0.00,20,3,0,44.04,1281.22,339.00,1322.87,0,9903.65,0,1616.06,0,0,0,6.32455532,0.00,0,147.82,0.00,603.73,37.55,0,0,0.00,0,0,0,0,0,0,0.00,0,547.18,0.00,0,0,0,0,0.00,1679.04,0.00,731.07,0,20,0,0,279.4275177,2569.62,449.20,0,88.98,0,0,3.28,1689.62,0.00,0,0,0,0,231.03,1149.93,0,0.00,0.00,3,174.98
EG14,4.705080365,3,2192.14,0,0,0,0.00,103.95,0,1.02,0,0.00,99.94998749,20,0,0,0,0,2.828427125,27.38612788,1,0,4.242640687,3.464101615,0,0,20,0,128.48,4496.65,1396.01,0,0,866.27,0,20,0,0,0,0,2.83541522,0,671.37,5.028715727,0,3162.119542,0,1096.77,0,1,0,4,25.25,0,56.95,0,0.00,0,1,0,0,15.00,731.14,0.00,0.00,2745.69,0,0,0,0,1.414213562,1,6,0,24.10,783.81,0.00,1054.97,0,0,0,0,579.63,1,316.0696126,0,0.00,0.40,0,39.52,0,0,0.00,33.05,4057.67,0.00,31.60696126,452.83,0,0,0,0,6.32455532,20,0,3,4.472135955,0,0.00,0,0.00,3,13.96424004,0,247.75,2753.41,996.00,2921.05,0,22161.37,0,2069.62,0,2.926150761,58.44102453,3,0.00,0,350.05,0.00,1424.70,311.49,0,0,0.00,0,0,0,2,0,0,0.00,0,1287.85,0.00,0,0,0,0,0.00,3911.35,0.00,1543.98,0,20,37.83230363,0,3,5955.05,598.56,0,641.16,0,0,6.70,3554.12,0.00,0,0,0,0,589.56,2757.70,163.8555342,0.00,0.99,8.94427191,454.65
EG15,4.705080365,5.840580155,568.07,0,0,0,7.87,194.60,0,38.47,0,0.00,316.2119542,99.94998749,0,0,0,0,2.828427125,6.32455532,2.236067977,1170,20.28995068,1,10.12056999,0,20,0,419.16,3365.70,902.23,0,0,47.16,0,20,0,0,2.852793324,0,1.414213562,1,519.25,6,0,99.94998749,0,878.04,0,6.184859059,0,20.4362039,8.74,0,32.83,0,0.00,0,3.923088707,0,0,27.71,218.00,0.00,5.18,734.64,0,0,0,0,1.414213562,2,4,0,2.69,545.42,0.00,354.13,0,0,1,0,495.79,1,99.94998749,0,0.00,6.73,0,60.01,0,0,0.00,43.00,3473.83,0.00,31.60696126,373.58,0,0,0,3.872983346,1,6.32455532,31.81158658,32.12401964,22.35446761,0,0.00,0,0.00,20,20,0,0.00,259.31,590.85,2171.90,0,16341.83,0,4990.26,0,0,316.0696126,4.472135955,0.00,0,104.30,0.00,1057.59,139.60,0,0,0.00,0,0,0,3,0,0,0.00,0,266.18,0.00,6.92820323,0,0,0,0.00,3448.42,0.00,1346.81,0,20,37.83230363,0,279.4275177,5403.10,879.41,0,285.90,0,0,16.71,2648.92,553.34,0,0,0,0,377.89,1810.04,20,0.00,12.50,7.937253933,354.37
EG16,1,1.414213562,218.32,0,0,0,0.00,26.90,0,6.51,0,0.00,316.0696126,20,0,0,0,0,5.449031295,20,0,0,1,1.414213562,0,0,20,0,113.31,772.94,168.44,0,0,7.77,0,3,0,0,0,0,3,1,68.15,7.483314774,0,20,0,201.79,0,6.184859059,0,20.4362039,0.00,0,5.23,0,0.00,0,0,0,0,0.00,33.59,0.00,0.51,210.88,0,0,0,0,1.414213562,0,4.472135955,0,0.00,53.97,0.00,137.60,0,0,0,0,82.86,1,20,16.38452182,0.00,0.61,0,4.42,0,0,0.00,8.10,738.48,0.00,20,55.88,0,0,0,0,20,20,0,32.12401964,0,0,0.00,0,0.00,7.483314774,8.485281374,0,0.00,36.28,236.61,572.61,0,3321.63,0,502.08,0,0,0,0,0.00,0,27.22,0.00,205.81,5.68,0,0,0.00,0,0,0,0,0,0,0.00,0,177.13,0.00,0,0,0,0,0.00,785.32,0.00,337.34,0,20,0,0,0,891.41,53.72,0,72.32,0,0,1.55,585.01,63.50,0,0,0,0,86.51,347.05,0,0.00,0.00,0,54.27
EG17,0,0,0.00,0,0,0,1.16,109.02,0,64.45,0,0.00,316.0696126,316.0696126,0,0,0,0,0,32.35282205,1.414213562,0,3,4.981287692,3,0,73.39730808,0,510.36,1314.59,478.14,0,0,0.00,0,20,0,0,3,0,2.83541522,0,165.70,5.028715727,0,20,0,128.11,4.384130876,1.414213562,0,0,0.00,0,4.01,0,0.00,0,0,0,0,127.49,17.51,0.00,16.25,38.13,0,0,0,0,3,0,10.12173988,0,0.00,143.42,127.16,0.00,0,0,0,0,352.96,3.066526022,20,0,0.00,3.33,0,78.49,0,0,0.00,14.74,1130.78,0.00,20,212.99,0,0,0,7.108617267,20,20,31.81158658,20,22.35446761,0,8.30,3,0.00,20,20,2.449489743,0.00,23.03,0.00,175.74,0,6484.95,0,989.06,0,0,58.44102453,12.281368,0.00,0,14.93,0.00,297.78,11.35,0,0,0.00,0,0,0,65.4927168,0,0,0.00,0,0.00,0.00,30.85755111,0,0,0,0.00,1103.49,0.00,351.11,0,20,0,0,0,1898.97,152.37,0,264.22,0,20,162.02,1071.10,649.13,0,0,0,0,83.85,325.35,0,0.00,0.00,8.144301976,55.77
EG18,0,3,0.00,0,0,0,11.02,658.71,0,234.51,0,0.00,20,20,0,0,0,0,3,6.32455532,3,0,3,1,3,0,3,0,2331.62,5082.74,1563.77,0,0,0.00,0,20,0,4.690669262,1.414213562,0,3,3.140721956,340.75,3,0,20,0,532.90,1,3,0,6.32455532,8.88,0,38.05,1,0.00,0,1,0,0,691.32,450.54,0.00,144.07,298.48,0,0,0,0,1.414213562,1.414213562,6.32455532,0,2.02,560.52,320.23,0.00,0,0,1.414213562,0,1394.74,3,31.60696126,3,0.00,4.96,1,473.10,0,0,0.00,105.65,4571.90,0.00,20,1462.55,0,0,0,3,20,6.32455532,20,20,22.35446761,0,25.97,3,0.00,20,20,0,0.00,0.00,0.00,1666.31,0,18625.49,0,1977.75,0,0,3,3,0.00,0,431.59,0.00,607.31,12.17,0,0,0.00,0,0,0,20,0,0,0.00,0,27.93,0.00,3,0,0,0,0.00,4338.86,0.00,361.02,0,20,0,0,0,5441.50,1090.91,0,1692.83,0,3,728.76,4872.05,2023.17,0,0,0,0,748.37,2611.52,3,0.00,0.00,3,372.91
EG19,0,0,0.00,0,0,0,0.00,183.37,0,36.49,0,0.00,316.0696126,44.72135955,0,0,0,0,0,32.35282205,3,0,0,0,0,0,20,0,722.11,1633.41,493.80,0,0,0.00,0,0,0,0,0,0,2.83541522,0,24.57,0,0,316.0696126,0,121.74,0,1,0,0,0.00,0,12.97,0,0.00,0,0,0,0,392.60,46.99,0.00,52.60,72.22,0,0,0,0,1,2.878732364,4,0,0.00,62.24,19.12,0.00,0,0,1.913932948,0,346.75,6.708203932,316.0696126,16.38452182,0.00,2.49,0,151.39,0,0,0.00,5.52,1406.96,0.00,20,329.25,0,0,0,7.108617267,316.0696126,6.708203932,0,20,0,0,4.85,0,0.00,20,3,0,0.00,0.00,0.00,53.33,0,5577.24,0,129.25,0,0,0,0,0.00,0,103.17,0.00,180.48,0.00,0,0,0.00,0,0,0,14.14213562,0,0,0.00,0,0.00,0.00,0,0,0,0,0.00,1429.27,0.00,242.47,0,20,0,0,0,1255.80,360.54,0,347.95,0,0,343.33,1566.52,611.07,0,0,0,0,124.02,1008.11,0,0.00,0.00,8.144301976,76.39
EG27,0,0,0.00,0,0,0,0.00,54.13,0,107.18,0,0.00,3,20,0,0,0,0,0,3,3,0,0,3,3,0,3,48.28047247,248.64,392.91,76.30,0,0,0.00,0,0,0,0,0,0,3,0,1.68,0,0,20,0,7.61,0,3,0,20,0.00,0,0.00,0,0.00,0,0,0,0,76.51,12.70,0.00,12.34,0.00,0,0,0,0,3,0,3,0,0.00,21.18,155.51,0.00,0,0,0,0,148.39,3,3,0,0.00,0.96,0,45.21,0,0,0.00,10.97,321.88,0.00,3,108.88,0,0,0,3,3,3,0,3,0,0,14.23,3,0.00,3,3,0,0.00,0.00,0.00,0.00,0,1548.90,0,0.00,0,0,3,0,0.00,3,0.00,0.00,0.00,0.00,0,0,0.00,0,0,0,3,0,0,0.00,0,0.00,0.00,0,0,0,0,0.00,323.08,0.00,0.00,0,3,0,0,0,464.29,0.00,0,156.00,3,3,91.17,469.54,452.16,0,0,0,0,15.93,192.99,0,0.00,0.00,0,0.00
EG28,0,3,0.00,0,0,0,0.00,291.77,0,463.98,0,0.00,99.94998749,20,0,0,0,0,0,3,2.449489743,0,0,0,3,0,6.32455532,0,925.91,1657.46,228.59,0,0,0.00,0,316.0696126,0,0,0,0,3,0,11.75,0,0,99.94998749,0,82.05,0,6.32455532,0,3,0.00,0,0.00,0,0.00,0,0,0,0,297.39,35.56,0.00,67.46,33.30,0,0,0,0,3,3,3,0,0.00,112.34,706.21,0.00,0,0,3,0,625.06,3,316.2119542,0,0.00,6.85,0,168.18,0,0,0.00,41.53,1484.63,0.00,20,533.45,0,0,0,3,99.94998749,3,0,20,3,0,18.47,3,0.00,31.60696126,3,0,0.00,0.00,0.00,52.68,0,5726.86,0,21.09,0,0,3,0,0.00,0,59.23,0.00,38.17,0.00,0,0,0.00,0,0,0,99.94998749,0,0,0.00,0,0.00,0.00,0,0,0,0,0.00,1331.20,0.00,60.95,0,3,0,0,279.4275177,1775.19,0.00,0,768.97,0,20,207.35,1836.92,1418.14,0,0,0,0,95.05,804.72,0,0.00,0.00,0,38.22
EH00,0,5.840580155,103.35,0,0,0,0.00,0.00,0,0.35,0,0.00,590.7866144,0,3,0,0,0,0,0,0,0,0,0,0,0,0,0,74.47,154.26,24.25,0,0,72.37,0,0,0,0,0,0,0,0,0.08,0,0,278.4895475,0,83.75,0,6.184859059,0,0,0.00,0,2.31,0,0.00,0,0,6.014896852,0,53.53,22.92,0.00,0.00,494.22,0,0,0,0,0,0,10.12173988,0,177.41,0.00,14.14,67.70,0,0,0,0,62.10,0,531.2865308,0,5.15,0.00,0,1.59,0,0,0.00,10.82,361.20,0.00,0,22.83,0,0,0,0,3,118.7456423,0,0,0,0,0.30,0,0.00,3,20.09302478,0,0.00,332.58,0.00,372.87,77.80607124,0.00,0,0.00,0,0,0,0,15.49,0,71.83,33.03,0.00,0.00,0,0,0.00,0,0,0,0,0,0,0.00,0,319.22,0.00,0,0,0,0,0.00,286.20,0.00,0.00,0,20,3,0,0,23.88,333.55,56.73598759,161.84,25.87805688,0,7.81,291.20,0.00,0,0,0,0,251.85,370.79,20,0.00,0.00,0,0.00
BG72,0,0,,0,0,0,,,0,,0,,0,0,0,0,0,0,0,0,0,0,20.28995068,0,0,0,0,0,,,,0,0,,0,0,0,0,0,0,0,0,,0,0,278.4895475,0,,0,0,0,0,,0,,0,,0,0,0,0,,,,,,0,0,0,0,0,0,0,0,,,,,0,0,0,0,,0,531.2865308,0,,,0,,0,0,,,,,72.18692395,,0,0,0,0,0,0,0,0,0,0,,0,,59.38087577,0,0,,,,,0,,0,,0,0,0,0,,0,,,,,0,0,,0,0,0,0,0,0,,0,,,30.85755111,0,0,0,,,,,0,0,0,0,0,,,0,,0,0,,,,0,0,0,0,,,0,,,0,
