analysis_id,analysis_display_order,dataset_id,analysis_role,adjustment_scenario,model_family,candidate_display_order,prediction_index,delta,delta_unit,fitted_mean_response,response_name,response_unit,fixed_mean_foliage_height_ft,fixed_mean_elevation_m,fixed_mean_elevation_squared_m2,confidence_interval_included,confidence_interval_type,confidence_level,confidence_lower,confidence_upper
Foliage_delta_unadjusted_gaussian,1,macarthur_1961,primary,unadjusted,linear,1,1,0.11754936162377437,ft,1.4648029952633641,natural-log Shannon bird diversity,dimensionless,NA,NA,NA,FALSE,NA,NA,NA,NA
Foliage_delta_unadjusted_gaussian,1,macarthur_1961,primary,unadjusted,linear,1,2,0.26005012209260492,ft,1.4711746654434761,natural-log Shannon bird diversity,dimensionless,NA,NA,NA,FALSE,NA,NA,NA,NA
Foliage_delta_unadjusted_gaussian,1,macarthur_1961,primary,unadjusted,linear,1,3,0.40255088256143551,ft,1.4775463356235881,natural-log Shannon bird diversity,dimensionless,NA,NA,NA,FALSE,NA,NA,NA,NA
Foliage_delta_unadjusted_gaussian,1,macarthur_1961,primary,unadjusted,linear,1,4,0.5450516430302661,ft,1.4839180058037003,natural-log Shannon bird diversity,dimensionless,NA,NA,NA,FALSE,NA,NA,NA,NA
Foliage_delta_unadjusted_gaussian,1,macarthur_1961,primary,unadjusted,linear,1,5,0.68755240349909663,ft,1.4902896759838122,natural-log Shannon bird diversity,dimensionless,NA,NA,NA,FALSE,NA,NA,NA,NA
Foliage_delta_unadjusted_gaussian,1,macarthur_1961,primary,unadjusted,linear,1,6,0.83005316396792717,ft,1.4966613461639242,natural-log Shannon bird diversity,dimensionless,NA,NA,NA,FALSE,NA,NA,NA,NA
Foliage_delta_unadjusted_gaussian,1,macarthur_1961,primary,unadjusted,linear,1,7,0.97255392443675781,ft,1.5030330163440364,natural-log Shannon bird diversity,dimensionless,NA,NA,NA,FALSE,NA,NA,NA,NA
Foliage_delta_unadjusted_gaussian,1,macarthur_1961,primary,unadjusted,linear,1,8,1.1150546849055882,ft,1.5094046865241484,natural-log Shannon bird diversity,dimensionless,NA,NA,NA,FALSE,NA,NA,NA,NA
Foliage_delta_unadjusted_gaussian,1,macarthur_1961,primary,unadjusted,linear,1,9,1.2575554453744189,ft,1.5157763567042604,natural-log Shannon bird diversity,dimensionless,NA,NA,NA,FALSE,NA,NA,NA,NA
Foliage_delta_unadjusted_gaussian,1,macarthur_1961,primary,unadjusted,linear,1,10,1.4000562058432495,ft,1.5221480268843726,natural-log Shannon bird diversity,dimensionless,NA,NA,NA,FALSE,NA,NA,NA,NA
Foliage_delta_unadjusted_gaussian,1,macarthur_1961,primary,unadjusted,linear,1,11,1.5425569663120799,ft,1.5285196970644845,natural-log Shannon bird diversity,dimensionless,NA,NA,NA,FALSE,NA,NA,NA,NA
Foliage_delta_unadjusted_gaussian,1,macarthur_1961,primary,unadjusted,linear,1,12,1.6850577267809106,ft,1.5348913672445967,natural-log Shannon bird diversity,dimensionless,NA,NA,NA,FALSE,NA,NA,NA,NA
Foliage_delta_unadjusted_gaussian,1,macarthur_1961,primary,unadjusted,linear,1,13,1.8275584872497412,ft,1.5412630374247087,natural-log Shannon bird diversity,dimensionless,NA,NA,NA,FALSE,NA,NA,NA,NA
Foliage_delta_unadjusted_gaussian,1,macarthur_1961,primary,unadjusted,linear,1,14,1.9700592477185717,ft,1.5476347076048207,natural-log Shannon bird diversity,dimensionless,NA,NA,NA,FALSE,NA,NA,NA,NA
Foliage_delta_unadjusted_gaussian,1,macarthur_1961,primary,unadjusted,linear,1,15,2.1125600081874021,ft,1.5540063777849329,natural-log Shannon bird diversity,dimensionless,NA,NA,NA,FALSE,NA,NA,NA,NA
Foliage_delta_unadjusted_gaussian,1,macarthur_1961,primary,unadjusted,linear,1,16,2.2550607686562327,ft,1.5603780479650449,natural-log Shannon bird diversity,dimensionless,NA,NA,NA,FALSE,NA,NA,NA,NA
Foliage_delta_unadjusted_gaussian,1,macarthur_1961,primary,unadjusted,linear,1,17,2.3975615291250634,ft,1.5667497181451568,natural-log Shannon bird diversity,dimensionless,NA,NA,NA,FALSE,NA,NA,NA,NA
Foliage_delta_unadjusted_gaussian,1,macarthur_1961,primary,unadjusted,linear,1,18,2.540062289593894,ft,1.573121388325269,natural-log Shannon bird diversity,dimensionless,NA,NA,NA,FALSE,NA,NA,NA,NA
Foliage_delta_unadjusted_gaussian,1,macarthur_1961,primary,unadjusted,linear,1,19,2.6825630500627247,ft,1.579493058505381,natural-log Shannon bird diversity,dimensionless,NA,NA,NA,FALSE,NA,NA,NA,NA
Foliage_delta_unadjusted_gaussian,1,macarthur_1961,primary,unadjusted,linear,1,20,2.8250638105315549,ft,1.585864728685493,natural-log Shannon bird diversity,dimensionless,NA,NA,NA,FALSE,NA,NA,NA,NA
Foliage_delta_unadjusted_gaussian,1,macarthur_1961,primary,unadjusted,linear,1,21,2.9675645710003855,ft,1.5922363988656052,natural-log Shannon bird diversity,dimensionless,NA,NA,NA,FALSE,NA,NA,NA,NA
Foliage_delta_unadjusted_gaussian,1,macarthur_1961,primary,unadjusted,linear,1,22,3.1100653314692162,ft,1.5986080690457172,natural-log Shannon bird diversity,dimensionless,NA,NA,NA,FALSE,NA,NA,NA,NA
Foliage_delta_unadjusted_gaussian,1,macarthur_1961,primary,unadjusted,linear,1,23,3.2525660919380468,ft,1.6049797392258291,natural-log Shannon bird diversity,dimensionless,NA,NA,NA,FALSE,NA,NA,NA,NA
Foliage_delta_unadjusted_gaussian,1,macarthur_1961,primary,unadjusted,linear,1,24,3.3950668524068774,ft,1.6113514094059413,natural-log Shannon bird diversity,dimensionless,NA,NA,NA,FALSE,NA,NA,NA,NA
Foliage_delta_unadjusted_gaussian,1,macarthur_1961,primary,unadjusted,linear,1,25,3.5375676128757081,ft,1.6177230795860533,natural-log Shannon bird diversity,dimensionless,NA,NA,NA,FALSE,NA,NA,NA,NA
Foliage_delta_unadjusted_gaussian,1,macarthur_1961,primary,unadjusted,linear,1,26,3.6800683733445383,ft,1.6240947497661653,natural-log Shannon bird diversity,dimensionless,NA,NA,NA,FALSE,NA,NA,NA,NA
Foliage_delta_unadjusted_gaussian,1,macarthur_1961,primary,unadjusted,linear,1,27,3.8225691338133689,ft,1.6304664199462775,natural-log Shannon bird diversity,dimensionless,NA,NA,NA,FALSE,NA,NA,NA,NA
Foliage_delta_unadjusted_gaussian,1,macarthur_1961,primary,unadjusted,linear,1,28,3.9650698942821996,ft,1.6368380901263895,natural-log Shannon bird diversity,dimensionless,NA,NA,NA,FALSE,NA,NA,NA,NA
Foliage_delta_unadjusted_gaussian,1,macarthur_1961,primary,unadjusted,linear,1,29,4.1075706547510302,ft,1.6432097603065017,natural-log Shannon bird diversity,dimensionless,NA,NA,NA,FALSE,NA,NA,NA,NA
Foliage_delta_unadjusted_gaussian,1,macarthur_1961,primary,unadjusted,linear,1,30,4.2500714152198604,ft,1.6495814304866137,natural-log Shannon bird diversity,dimensionless,NA,NA,NA,FALSE,NA,NA,NA,NA
Foliage_delta_unadjusted_gaussian,1,macarthur_1961,primary,unadjusted,linear,1,31,4.3925721756886906,ft,1.6559531006667256,natural-log Shannon bird diversity,dimensionless,NA,NA,NA,FALSE,NA,NA,NA,NA
Foliage_delta_unadjusted_gaussian,1,macarthur_1961,primary,unadjusted,linear,1,32,4.5350729361575217,ft,1.6623247708468378,natural-log Shannon bird diversity,dimensionless,NA,NA,NA,FALSE,NA,NA,NA,NA
Foliage_delta_unadjusted_gaussian,1,macarthur_1961,primary,unadjusted,linear,1,33,4.6775736966263519,ft,1.6686964410269498,natural-log Shannon bird diversity,dimensionless,NA,NA,NA,FALSE,NA,NA,NA,NA
Foliage_delta_unadjusted_gaussian,1,macarthur_1961,primary,unadjusted,linear,1,34,4.8200744570951821,ft,1.6750681112070618,natural-log Shannon bird diversity,dimensionless,NA,NA,NA,FALSE,NA,NA,NA,NA
Foliage_delta_unadjusted_gaussian,1,macarthur_1961,primary,unadjusted,linear,1,35,4.9625752175640132,ft,1.681439781387174,natural-log Shannon bird diversity,dimensionless,NA,NA,NA,FALSE,NA,NA,NA,NA
Foliage_delta_unadjusted_gaussian,1,macarthur_1961,primary,unadjusted,linear,1,36,5.1050759780328434,ft,1.687811451567286,natural-log Shannon bird diversity,dimensionless,NA,NA,NA,FALSE,NA,NA,NA,NA
Foliage_delta_unadjusted_gaussian,1,macarthur_1961,primary,unadjusted,linear,1,37,5.2475767385016745,ft,1.6941831217473979,natural-log Shannon bird diversity,dimensionless,NA,NA,NA,FALSE,NA,NA,NA,NA
Foliage_delta_unadjusted_gaussian,1,macarthur_1961,primary,unadjusted,linear,1,38,5.3900774989705047,ft,1.7005547919275101,natural-log Shannon bird diversity,dimensionless,NA,NA,NA,FALSE,NA,NA,NA,NA
Foliage_delta_unadjusted_gaussian,1,macarthur_1961,primary,unadjusted,linear,1,39,5.5325782594393349,ft,1.7069264621076221,natural-log Shannon bird diversity,dimensionless,NA,NA,NA,FALSE,NA,NA,NA,NA
Foliage_delta_unadjusted_gaussian,1,macarthur_1961,primary,unadjusted,linear,1,40,5.675079019908166,ft,1.7132981322877341,natural-log Shannon bird diversity,dimensionless,NA,NA,NA,FALSE,NA,NA,NA,NA
Foliage_delta_unadjusted_gaussian,1,macarthur_1961,primary,unadjusted,linear,1,41,5.8175797803769962,ft,1.7196698024678463,natural-log Shannon bird diversity,dimensionless,NA,NA,NA,FALSE,NA,NA,NA,NA
Foliage_delta_unadjusted_gaussian,1,macarthur_1961,primary,unadjusted,linear,1,42,5.9600805408458273,ft,1.7260414726479583,natural-log Shannon bird diversity,dimensionless,NA,NA,NA,FALSE,NA,NA,NA,NA
Foliage_delta_unadjusted_gaussian,1,macarthur_1961,primary,unadjusted,linear,1,43,6.1025813013146575,ft,1.7324131428280702,natural-log Shannon bird diversity,dimensionless,NA,NA,NA,FALSE,NA,NA,NA,NA
Foliage_delta_unadjusted_gaussian,1,macarthur_1961,primary,unadjusted,linear,1,44,6.2450820617834877,ft,1.7387848130081824,natural-log Shannon bird diversity,dimensionless,NA,NA,NA,FALSE,NA,NA,NA,NA
Foliage_delta_unadjusted_gaussian,1,macarthur_1961,primary,unadjusted,linear,1,45,6.3875828222523188,ft,1.7451564831882944,natural-log Shannon bird diversity,dimensionless,NA,NA,NA,FALSE,NA,NA,NA,NA
Foliage_delta_unadjusted_gaussian,1,macarthur_1961,primary,unadjusted,linear,1,46,6.530083582721149,ft,1.7515281533684064,natural-log Shannon bird diversity,dimensionless,NA,NA,NA,FALSE,NA,NA,NA,NA
Foliage_delta_unadjusted_gaussian,1,macarthur_1961,primary,unadjusted,linear,1,47,6.6725843431899801,ft,1.7578998235485186,natural-log Shannon bird diversity,dimensionless,NA,NA,NA,FALSE,NA,NA,NA,NA
Foliage_delta_unadjusted_gaussian,1,macarthur_1961,primary,unadjusted,linear,1,48,6.8150851036588103,ft,1.7642714937286306,natural-log Shannon bird diversity,dimensionless,NA,NA,NA,FALSE,NA,NA,NA,NA
Foliage_delta_unadjusted_gaussian,1,macarthur_1961,primary,unadjusted,linear,1,49,6.9575858641276414,ft,1.7706431639087428,natural-log Shannon bird diversity,dimensionless,NA,NA,NA,FALSE,NA,NA,NA,NA
Foliage_delta_unadjusted_gaussian,1,macarthur_1961,primary,unadjusted,linear,1,50,7.1000866245964716,ft,1.7770148340888547,natural-log Shannon bird diversity,dimensionless,NA,NA,NA,FALSE,NA,NA,NA,NA
Foliage_delta_unadjusted_gaussian,1,macarthur_1961,primary,unadjusted,linear,1,51,7.2425873850653018,ft,1.7833865042689667,natural-log Shannon bird diversity,dimensionless,NA,NA,NA,FALSE,NA,NA,NA,NA
Foliage_delta_unadjusted_gaussian,1,macarthur_1961,primary,unadjusted,linear,1,52,7.3850881455341328,ft,1.7897581744490789,natural-log Shannon bird diversity,dimensionless,NA,NA,NA,FALSE,NA,NA,NA,NA
Foliage_delta_unadjusted_gaussian,1,macarthur_1961,primary,unadjusted,linear,1,53,7.527588906002963,ft,1.7961298446291909,natural-log Shannon bird diversity,dimensionless,NA,NA,NA,FALSE,NA,NA,NA,NA
Foliage_delta_unadjusted_gaussian,1,macarthur_1961,primary,unadjusted,linear,1,54,7.6700896664717941,ft,1.8025015148093029,natural-log Shannon bird diversity,dimensionless,NA,NA,NA,FALSE,NA,NA,NA,NA
Foliage_delta_unadjusted_gaussian,1,macarthur_1961,primary,unadjusted,linear,1,55,7.8125904269406243,ft,1.8088731849894151,natural-log Shannon bird diversity,dimensionless,NA,NA,NA,FALSE,NA,NA,NA,NA
Foliage_delta_unadjusted_gaussian,1,macarthur_1961,primary,unadjusted,linear,1,56,7.9550911874094545,ft,1.815244855169527,natural-log Shannon bird diversity,dimensionless,NA,NA,NA,FALSE,NA,NA,NA,NA
Foliage_delta_unadjusted_gaussian,1,macarthur_1961,primary,unadjusted,linear,1,57,8.0975919478782856,ft,1.821616525349639,natural-log Shannon bird diversity,dimensionless,NA,NA,NA,FALSE,NA,NA,NA,NA
Foliage_delta_unadjusted_gaussian,1,macarthur_1961,primary,unadjusted,linear,1,58,8.2400927083471167,ft,1.8279881955297512,natural-log Shannon bird diversity,dimensionless,NA,NA,NA,FALSE,NA,NA,NA,NA
Foliage_delta_unadjusted_gaussian,1,macarthur_1961,primary,unadjusted,linear,1,59,8.3825934688159478,ft,1.8343598657098632,natural-log Shannon bird diversity,dimensionless,NA,NA,NA,FALSE,NA,NA,NA,NA
Foliage_delta_unadjusted_gaussian,1,macarthur_1961,primary,unadjusted,linear,1,60,8.5250942292847771,ft,1.8407315358899752,natural-log Shannon bird diversity,dimensionless,NA,NA,NA,FALSE,NA,NA,NA,NA
Foliage_delta_unadjusted_gaussian,1,macarthur_1961,primary,unadjusted,linear,1,61,8.6675949897536082,ft,1.8471032060700874,natural-log Shannon bird diversity,dimensionless,NA,NA,NA,FALSE,NA,NA,NA,NA
Foliage_delta_unadjusted_gaussian,1,macarthur_1961,primary,unadjusted,linear,1,62,8.8100957502224393,ft,1.8534748762501994,natural-log Shannon bird diversity,dimensionless,NA,NA,NA,FALSE,NA,NA,NA,NA
Foliage_delta_unadjusted_gaussian,1,macarthur_1961,primary,unadjusted,linear,1,63,8.9525965106912704,ft,1.8598465464303116,natural-log Shannon bird diversity,dimensionless,NA,NA,NA,FALSE,NA,NA,NA,NA
Foliage_delta_unadjusted_gaussian,1,macarthur_1961,primary,unadjusted,linear,1,64,9.0950972711600997,ft,1.8662182166104235,natural-log Shannon bird diversity,dimensionless,NA,NA,NA,FALSE,NA,NA,NA,NA
Foliage_delta_unadjusted_gaussian,1,macarthur_1961,primary,unadjusted,linear,1,65,9.2375980316289308,ft,1.8725898867905355,natural-log Shannon bird diversity,dimensionless,NA,NA,NA,FALSE,NA,NA,NA,NA
Foliage_delta_unadjusted_gaussian,1,macarthur_1961,primary,unadjusted,linear,1,66,9.3800987920977619,ft,1.8789615569706477,natural-log Shannon bird diversity,dimensionless,NA,NA,NA,FALSE,NA,NA,NA,NA
Foliage_delta_unadjusted_gaussian,1,macarthur_1961,primary,unadjusted,linear,1,67,9.5225995525665912,ft,1.8853332271507597,natural-log Shannon bird diversity,dimensionless,NA,NA,NA,FALSE,NA,NA,NA,NA
Foliage_delta_unadjusted_gaussian,1,macarthur_1961,primary,unadjusted,linear,1,68,9.6651003130354223,ft,1.8917048973308717,natural-log Shannon bird diversity,dimensionless,NA,NA,NA,FALSE,NA,NA,NA,NA
Foliage_delta_unadjusted_gaussian,1,macarthur_1961,primary,unadjusted,linear,1,69,9.8076010735042534,ft,1.8980765675109839,natural-log Shannon bird diversity,dimensionless,NA,NA,NA,FALSE,NA,NA,NA,NA
Foliage_delta_unadjusted_gaussian,1,macarthur_1961,primary,unadjusted,linear,1,70,9.9501018339730845,ft,1.9044482376910958,natural-log Shannon bird diversity,dimensionless,NA,NA,NA,FALSE,NA,NA,NA,NA
Foliage_delta_unadjusted_gaussian,1,macarthur_1961,primary,unadjusted,linear,1,71,10.092602594441914,ft,1.9108199078712078,natural-log Shannon bird diversity,dimensionless,NA,NA,NA,FALSE,NA,NA,NA,NA
Foliage_delta_unadjusted_gaussian,1,macarthur_1961,primary,unadjusted,linear,1,72,10.235103354910745,ft,1.91719157805132,natural-log Shannon bird diversity,dimensionless,NA,NA,NA,FALSE,NA,NA,NA,NA
Foliage_delta_unadjusted_gaussian,1,macarthur_1961,primary,unadjusted,linear,1,73,10.377604115379576,ft,1.923563248231432,natural-log Shannon bird diversity,dimensionless,NA,NA,NA,FALSE,NA,NA,NA,NA
Foliage_delta_unadjusted_gaussian,1,macarthur_1961,primary,unadjusted,linear,1,74,10.520104875848405,ft,1.929934918411544,natural-log Shannon bird diversity,dimensionless,NA,NA,NA,FALSE,NA,NA,NA,NA
Foliage_delta_unadjusted_gaussian,1,macarthur_1961,primary,unadjusted,linear,1,75,10.662605636317236,ft,1.9363065885916562,natural-log Shannon bird diversity,dimensionless,NA,NA,NA,FALSE,NA,NA,NA,NA
Foliage_delta_unadjusted_gaussian,1,macarthur_1961,primary,unadjusted,linear,1,76,10.805106396786067,ft,1.9426782587717681,natural-log Shannon bird diversity,dimensionless,NA,NA,NA,FALSE,NA,NA,NA,NA
Foliage_delta_unadjusted_gaussian,1,macarthur_1961,primary,unadjusted,linear,1,77,10.947607157254897,ft,1.9490499289518801,natural-log Shannon bird diversity,dimensionless,NA,NA,NA,FALSE,NA,NA,NA,NA
Foliage_delta_unadjusted_gaussian,1,macarthur_1961,primary,unadjusted,linear,1,78,11.090107917723728,ft,1.9554215991319923,natural-log Shannon bird diversity,dimensionless,NA,NA,NA,FALSE,NA,NA,NA,NA
Foliage_delta_unadjusted_gaussian,1,macarthur_1961,primary,unadjusted,linear,1,79,11.232608678192559,ft,1.9617932693121043,natural-log Shannon bird diversity,dimensionless,NA,NA,NA,FALSE,NA,NA,NA,NA
Foliage_delta_unadjusted_gaussian,1,macarthur_1961,primary,unadjusted,linear,1,80,11.37510943866139,ft,1.9681649394922165,natural-log Shannon bird diversity,dimensionless,NA,NA,NA,FALSE,NA,NA,NA,NA
Foliage_delta_unadjusted_gaussian,1,macarthur_1961,primary,unadjusted,linear,1,81,11.517610199130219,ft,1.9745366096723285,natural-log Shannon bird diversity,dimensionless,NA,NA,NA,FALSE,NA,NA,NA,NA
Foliage_delta_unadjusted_gaussian,1,macarthur_1961,primary,unadjusted,linear,1,82,11.66011095959905,ft,1.9809082798524404,natural-log Shannon bird diversity,dimensionless,NA,NA,NA,FALSE,NA,NA,NA,NA
Foliage_delta_unadjusted_gaussian,1,macarthur_1961,primary,unadjusted,linear,1,83,11.802611720067882,ft,1.9872799500325526,natural-log Shannon bird diversity,dimensionless,NA,NA,NA,FALSE,NA,NA,NA,NA
Foliage_delta_unadjusted_gaussian,1,macarthur_1961,primary,unadjusted,linear,1,84,11.945112480536711,ft,1.9936516202126646,natural-log Shannon bird diversity,dimensionless,NA,NA,NA,FALSE,NA,NA,NA,NA
Foliage_delta_unadjusted_gaussian,1,macarthur_1961,primary,unadjusted,linear,1,85,12.087613241005542,ft,2.0000232903927766,natural-log Shannon bird diversity,dimensionless,NA,NA,NA,FALSE,NA,NA,NA,NA
Foliage_delta_unadjusted_gaussian,1,macarthur_1961,primary,unadjusted,linear,1,86,12.230114001474373,ft,2.0063949605728886,natural-log Shannon bird diversity,dimensionless,NA,NA,NA,FALSE,NA,NA,NA,NA
Foliage_delta_unadjusted_gaussian,1,macarthur_1961,primary,unadjusted,linear,1,87,12.372614761943202,ft,2.0127666307530006,natural-log Shannon bird diversity,dimensionless,NA,NA,NA,FALSE,NA,NA,NA,NA
Foliage_delta_unadjusted_gaussian,1,macarthur_1961,primary,unadjusted,linear,1,88,12.515115522412033,ft,2.019138300933113,natural-log Shannon bird diversity,dimensionless,NA,NA,NA,FALSE,NA,NA,NA,NA
Foliage_delta_unadjusted_gaussian,1,macarthur_1961,primary,unadjusted,linear,1,89,12.657616282880864,ft,2.0255099711132249,natural-log Shannon bird diversity,dimensionless,NA,NA,NA,FALSE,NA,NA,NA,NA
Foliage_delta_unadjusted_gaussian,1,macarthur_1961,primary,unadjusted,linear,1,90,12.800117043349696,ft,2.0318816412933369,natural-log Shannon bird diversity,dimensionless,NA,NA,NA,FALSE,NA,NA,NA,NA
Foliage_delta_unadjusted_gaussian,1,macarthur_1961,primary,unadjusted,linear,1,91,12.942617803818525,ft,2.0382533114734489,natural-log Shannon bird diversity,dimensionless,NA,NA,NA,FALSE,NA,NA,NA,NA
Foliage_delta_unadjusted_gaussian,1,macarthur_1961,primary,unadjusted,linear,1,92,13.085118564287356,ft,2.0446249816535609,natural-log Shannon bird diversity,dimensionless,NA,NA,NA,FALSE,NA,NA,NA,NA
Foliage_delta_unadjusted_gaussian,1,macarthur_1961,primary,unadjusted,linear,1,93,13.227619324756187,ft,2.0509966518336733,natural-log Shannon bird diversity,dimensionless,NA,NA,NA,FALSE,NA,NA,NA,NA
Foliage_delta_unadjusted_gaussian,1,macarthur_1961,primary,unadjusted,linear,1,94,13.370120085225016,ft,2.0573683220137853,natural-log Shannon bird diversity,dimensionless,NA,NA,NA,FALSE,NA,NA,NA,NA
Foliage_delta_unadjusted_gaussian,1,macarthur_1961,primary,unadjusted,linear,1,95,13.512620845693847,ft,2.0637399921938973,natural-log Shannon bird diversity,dimensionless,NA,NA,NA,FALSE,NA,NA,NA,NA
Foliage_delta_unadjusted_gaussian,1,macarthur_1961,primary,unadjusted,linear,1,96,13.655121606162679,ft,2.0701116623740092,natural-log Shannon bird diversity,dimensionless,NA,NA,NA,FALSE,NA,NA,NA,NA
Foliage_delta_unadjusted_gaussian,1,macarthur_1961,primary,unadjusted,linear,1,97,13.79762236663151,ft,2.0764833325541212,natural-log Shannon bird diversity,dimensionless,NA,NA,NA,FALSE,NA,NA,NA,NA
Foliage_delta_unadjusted_gaussian,1,macarthur_1961,primary,unadjusted,linear,1,98,13.940123127100339,ft,2.0828550027342332,natural-log Shannon bird diversity,dimensionless,NA,NA,NA,FALSE,NA,NA,NA,NA
Foliage_delta_unadjusted_gaussian,1,macarthur_1961,primary,unadjusted,linear,1,99,14.08262388756917,ft,2.0892266729143456,natural-log Shannon bird diversity,dimensionless,NA,NA,NA,FALSE,NA,NA,NA,NA
Foliage_delta_unadjusted_gaussian,1,macarthur_1961,primary,unadjusted,linear,1,100,14.225124648038001,ft,2.0955983430944576,natural-log Shannon bird diversity,dimensionless,NA,NA,NA,FALSE,NA,NA,NA,NA
Foliage_delta_unadjusted_gaussian,1,macarthur_1961,primary,unadjusted,linear,1,101,14.36762540850683,ft,2.1019700132745696,natural-log Shannon bird diversity,dimensionless,NA,NA,NA,FALSE,NA,NA,NA,NA
Foliage_delta_unadjusted_gaussian,1,macarthur_1961,primary,unadjusted,linear,1,102,14.510126168975662,ft,2.1083416834546815,natural-log Shannon bird diversity,dimensionless,NA,NA,NA,FALSE,NA,NA,NA,NA
Foliage_delta_unadjusted_gaussian,1,macarthur_1961,primary,unadjusted,linear,1,103,14.652626929444493,ft,2.1147133536347935,natural-log Shannon bird diversity,dimensionless,NA,NA,NA,FALSE,NA,NA,NA,NA
Foliage_delta_unadjusted_gaussian,1,macarthur_1961,primary,unadjusted,linear,1,104,14.795127689913322,ft,2.1210850238149055,natural-log Shannon bird diversity,dimensionless,NA,NA,NA,FALSE,NA,NA,NA,NA
Foliage_delta_unadjusted_gaussian,1,macarthur_1961,primary,unadjusted,linear,1,105,14.937628450382153,ft,2.1274566939950179,natural-log Shannon bird diversity,dimensionless,NA,NA,NA,FALSE,NA,NA,NA,NA
Foliage_delta_unadjusted_gaussian,1,macarthur_1961,primary,unadjusted,linear,1,106,15.080129210850984,ft,2.1338283641751299,natural-log Shannon bird diversity,dimensionless,NA,NA,NA,FALSE,NA,NA,NA,NA
Foliage_delta_unadjusted_gaussian,1,macarthur_1961,primary,unadjusted,linear,1,107,15.222629971319815,ft,2.1402000343552419,natural-log Shannon bird diversity,dimensionless,NA,NA,NA,FALSE,NA,NA,NA,NA
Foliage_delta_unadjusted_gaussian,1,macarthur_1961,primary,unadjusted,linear,1,108,15.365130731788645,ft,2.1465717045353538,natural-log Shannon bird diversity,dimensionless,NA,NA,NA,FALSE,NA,NA,NA,NA
Foliage_delta_unadjusted_gaussian,1,macarthur_1961,primary,unadjusted,linear,1,109,15.507631492257476,ft,2.1529433747154658,natural-log Shannon bird diversity,dimensionless,NA,NA,NA,FALSE,NA,NA,NA,NA
Foliage_delta_unadjusted_gaussian,1,macarthur_1961,primary,unadjusted,linear,1,110,15.650132252726307,ft,2.1593150448955782,natural-log Shannon bird diversity,dimensionless,NA,NA,NA,FALSE,NA,NA,NA,NA
Foliage_delta_unadjusted_gaussian,1,macarthur_1961,primary,unadjusted,linear,1,111,15.792633013195136,ft,2.1656867150756902,natural-log Shannon bird diversity,dimensionless,NA,NA,NA,FALSE,NA,NA,NA,NA
Foliage_delta_unadjusted_gaussian,1,macarthur_1961,primary,unadjusted,linear,1,112,15.935133773663967,ft,2.1720583852558022,natural-log Shannon bird diversity,dimensionless,NA,NA,NA,FALSE,NA,NA,NA,NA
Foliage_delta_unadjusted_gaussian,1,macarthur_1961,primary,unadjusted,linear,1,113,16.077634534132798,ft,2.1784300554359142,natural-log Shannon bird diversity,dimensionless,NA,NA,NA,FALSE,NA,NA,NA,NA
Foliage_delta_unadjusted_gaussian,1,macarthur_1961,primary,unadjusted,linear,1,114,16.220135294601626,ft,2.1848017256160261,natural-log Shannon bird diversity,dimensionless,NA,NA,NA,FALSE,NA,NA,NA,NA
Foliage_delta_unadjusted_gaussian,1,macarthur_1961,primary,unadjusted,linear,1,115,16.362636055070457,ft,2.1911733957961381,natural-log Shannon bird diversity,dimensionless,NA,NA,NA,FALSE,NA,NA,NA,NA
Foliage_delta_unadjusted_gaussian,1,macarthur_1961,primary,unadjusted,linear,1,116,16.505136815539288,ft,2.1975450659762501,natural-log Shannon bird diversity,dimensionless,NA,NA,NA,FALSE,NA,NA,NA,NA
Foliage_delta_unadjusted_gaussian,1,macarthur_1961,primary,unadjusted,linear,1,117,16.647637576008119,ft,2.2039167361563625,natural-log Shannon bird diversity,dimensionless,NA,NA,NA,FALSE,NA,NA,NA,NA
Foliage_delta_unadjusted_gaussian,1,macarthur_1961,primary,unadjusted,linear,1,118,16.79013833647695,ft,2.2102884063364745,natural-log Shannon bird diversity,dimensionless,NA,NA,NA,FALSE,NA,NA,NA,NA
Foliage_delta_unadjusted_gaussian,1,macarthur_1961,primary,unadjusted,linear,1,119,16.932639096945778,ft,2.2166600765165865,natural-log Shannon bird diversity,dimensionless,NA,NA,NA,FALSE,NA,NA,NA,NA
Foliage_delta_unadjusted_gaussian,1,macarthur_1961,primary,unadjusted,linear,1,120,17.075139857414609,ft,2.2230317466966985,natural-log Shannon bird diversity,dimensionless,NA,NA,NA,FALSE,NA,NA,NA,NA
Foliage_delta_unadjusted_gaussian,1,macarthur_1961,primary,unadjusted,linear,1,121,17.21764061788344,ft,2.2294034168768104,natural-log Shannon bird diversity,dimensionless,NA,NA,NA,FALSE,NA,NA,NA,NA
Foliage_delta_unadjusted_gaussian,1,macarthur_1961,primary,unadjusted,linear,1,122,17.360141378352271,ft,2.2357750870569224,natural-log Shannon bird diversity,dimensionless,NA,NA,NA,FALSE,NA,NA,NA,NA
Foliage_delta_unadjusted_gaussian,1,macarthur_1961,primary,unadjusted,linear,1,123,17.502642138821102,ft,2.2421467572370348,natural-log Shannon bird diversity,dimensionless,NA,NA,NA,FALSE,NA,NA,NA,NA
Foliage_delta_unadjusted_gaussian,1,macarthur_1961,primary,unadjusted,linear,1,124,17.645142899289933,ft,2.2485184274171468,natural-log Shannon bird diversity,dimensionless,NA,NA,NA,FALSE,NA,NA,NA,NA
Foliage_delta_unadjusted_gaussian,1,macarthur_1961,primary,unadjusted,linear,1,125,17.787643659758764,ft,2.2548900975972588,natural-log Shannon bird diversity,dimensionless,NA,NA,NA,FALSE,NA,NA,NA,NA
Foliage_delta_unadjusted_gaussian,1,macarthur_1961,primary,unadjusted,linear,1,126,17.930144420227592,ft,2.2612617677773708,natural-log Shannon bird diversity,dimensionless,NA,NA,NA,FALSE,NA,NA,NA,NA
Foliage_delta_unadjusted_gaussian,1,macarthur_1961,primary,unadjusted,linear,1,127,18.072645180696423,ft,2.2676334379574827,natural-log Shannon bird diversity,dimensionless,NA,NA,NA,FALSE,NA,NA,NA,NA
Foliage_delta_unadjusted_gaussian,1,macarthur_1961,primary,unadjusted,linear,1,128,18.215145941165254,ft,2.2740051081375952,natural-log Shannon bird diversity,dimensionless,NA,NA,NA,FALSE,NA,NA,NA,NA
Foliage_delta_unadjusted_gaussian,1,macarthur_1961,primary,unadjusted,linear,1,129,18.357646701634085,ft,2.2803767783177071,natural-log Shannon bird diversity,dimensionless,NA,NA,NA,FALSE,NA,NA,NA,NA
Foliage_delta_unadjusted_gaussian,1,macarthur_1961,primary,unadjusted,linear,1,130,18.500147462102916,ft,2.2867484484978191,natural-log Shannon bird diversity,dimensionless,NA,NA,NA,FALSE,NA,NA,NA,NA
Foliage_delta_unadjusted_gaussian,1,macarthur_1961,primary,unadjusted,linear,1,131,18.642648222571747,ft,2.2931201186779311,natural-log Shannon bird diversity,dimensionless,NA,NA,NA,FALSE,NA,NA,NA,NA
Foliage_delta_unadjusted_gaussian,1,macarthur_1961,primary,unadjusted,linear,1,132,18.785148983040578,ft,2.2994917888580431,natural-log Shannon bird diversity,dimensionless,NA,NA,NA,FALSE,NA,NA,NA,NA
Foliage_delta_unadjusted_gaussian,1,macarthur_1961,primary,unadjusted,linear,1,133,18.927649743509406,ft,2.305863459038155,natural-log Shannon bird diversity,dimensionless,NA,NA,NA,FALSE,NA,NA,NA,NA
Foliage_delta_unadjusted_gaussian,1,macarthur_1961,primary,unadjusted,linear,1,134,19.070150503978237,ft,2.3122351292182675,natural-log Shannon bird diversity,dimensionless,NA,NA,NA,FALSE,NA,NA,NA,NA
Foliage_delta_unadjusted_gaussian,1,macarthur_1961,primary,unadjusted,linear,1,135,19.212651264447068,ft,2.3186067993983794,natural-log Shannon bird diversity,dimensionless,NA,NA,NA,FALSE,NA,NA,NA,NA
Foliage_delta_unadjusted_gaussian,1,macarthur_1961,primary,unadjusted,linear,1,136,19.355152024915899,ft,2.3249784695784914,natural-log Shannon bird diversity,dimensionless,NA,NA,NA,FALSE,NA,NA,NA,NA
Foliage_delta_unadjusted_gaussian,1,macarthur_1961,primary,unadjusted,linear,1,137,19.49765278538473,ft,2.3313501397586034,natural-log Shannon bird diversity,dimensionless,NA,NA,NA,FALSE,NA,NA,NA,NA
Foliage_delta_unadjusted_gaussian,1,macarthur_1961,primary,unadjusted,linear,1,138,19.640153545853561,ft,2.3377218099387154,natural-log Shannon bird diversity,dimensionless,NA,NA,NA,FALSE,NA,NA,NA,NA
Foliage_delta_unadjusted_gaussian,1,macarthur_1961,primary,unadjusted,linear,1,139,19.782654306322392,ft,2.3440934801188278,natural-log Shannon bird diversity,dimensionless,NA,NA,NA,FALSE,NA,NA,NA,NA
Foliage_delta_unadjusted_gaussian,1,macarthur_1961,primary,unadjusted,linear,1,140,19.92515506679122,ft,2.3504651502989398,natural-log Shannon bird diversity,dimensionless,NA,NA,NA,FALSE,NA,NA,NA,NA
Foliage_delta_unadjusted_gaussian,1,macarthur_1961,primary,unadjusted,linear,1,141,20.067655827260051,ft,2.3568368204790517,natural-log Shannon bird diversity,dimensionless,NA,NA,NA,FALSE,NA,NA,NA,NA
Foliage_delta_unadjusted_gaussian,1,macarthur_1961,primary,unadjusted,linear,1,142,20.210156587728882,ft,2.3632084906591637,natural-log Shannon bird diversity,dimensionless,NA,NA,NA,FALSE,NA,NA,NA,NA
Foliage_delta_unadjusted_gaussian,1,macarthur_1961,primary,unadjusted,linear,1,143,20.352657348197713,ft,2.3695801608392757,natural-log Shannon bird diversity,dimensionless,NA,NA,NA,FALSE,NA,NA,NA,NA
Foliage_delta_unadjusted_gaussian,1,macarthur_1961,primary,unadjusted,linear,1,144,20.495158108666544,ft,2.3759518310193877,natural-log Shannon bird diversity,dimensionless,NA,NA,NA,FALSE,NA,NA,NA,NA
Foliage_delta_unadjusted_gaussian,1,macarthur_1961,primary,unadjusted,linear,1,145,20.637658869135375,ft,2.3823235011995001,natural-log Shannon bird diversity,dimensionless,NA,NA,NA,FALSE,NA,NA,NA,NA
Foliage_delta_unadjusted_gaussian,1,macarthur_1961,primary,unadjusted,linear,1,146,20.780159629604203,ft,2.3886951713796121,natural-log Shannon bird diversity,dimensionless,NA,NA,NA,FALSE,NA,NA,NA,NA
Foliage_delta_unadjusted_gaussian,1,macarthur_1961,primary,unadjusted,linear,1,147,20.922660390073034,ft,2.395066841559724,natural-log Shannon bird diversity,dimensionless,NA,NA,NA,FALSE,NA,NA,NA,NA
Foliage_delta_unadjusted_gaussian,1,macarthur_1961,primary,unadjusted,linear,1,148,21.065161150541865,ft,2.401438511739836,natural-log Shannon bird diversity,dimensionless,NA,NA,NA,FALSE,NA,NA,NA,NA
Foliage_delta_unadjusted_gaussian,1,macarthur_1961,primary,unadjusted,linear,1,149,21.207661911010696,ft,2.407810181919948,natural-log Shannon bird diversity,dimensionless,NA,NA,NA,FALSE,NA,NA,NA,NA
Foliage_delta_unadjusted_gaussian,1,macarthur_1961,primary,unadjusted,linear,1,150,21.350162671479527,ft,2.41418185210006,natural-log Shannon bird diversity,dimensionless,NA,NA,NA,FALSE,NA,NA,NA,NA
Foliage_delta_unadjusted_gaussian,1,macarthur_1961,primary,unadjusted,linear,1,151,21.492663431948358,ft,2.4205535222801724,natural-log Shannon bird diversity,dimensionless,NA,NA,NA,FALSE,NA,NA,NA,NA
Foliage_delta_unadjusted_gaussian,1,macarthur_1961,primary,unadjusted,linear,1,152,21.635164192417189,ft,2.4269251924602844,natural-log Shannon bird diversity,dimensionless,NA,NA,NA,FALSE,NA,NA,NA,NA
Foliage_delta_unadjusted_gaussian,1,macarthur_1961,primary,unadjusted,linear,1,153,21.777664952886017,ft,2.4332968626403964,natural-log Shannon bird diversity,dimensionless,NA,NA,NA,FALSE,NA,NA,NA,NA
Foliage_delta_unadjusted_gaussian,1,macarthur_1961,primary,unadjusted,linear,1,154,21.920165713354848,ft,2.4396685328205083,natural-log Shannon bird diversity,dimensionless,NA,NA,NA,FALSE,NA,NA,NA,NA
Foliage_delta_unadjusted_gaussian,1,macarthur_1961,primary,unadjusted,linear,1,155,22.062666473823679,ft,2.4460402030006203,natural-log Shannon bird diversity,dimensionless,NA,NA,NA,FALSE,NA,NA,NA,NA
Foliage_delta_unadjusted_gaussian,1,macarthur_1961,primary,unadjusted,linear,1,156,22.20516723429251,ft,2.4524118731807323,natural-log Shannon bird diversity,dimensionless,NA,NA,NA,FALSE,NA,NA,NA,NA
Foliage_delta_unadjusted_gaussian,1,macarthur_1961,primary,unadjusted,linear,1,157,22.347667994761341,ft,2.4587835433608447,natural-log Shannon bird diversity,dimensionless,NA,NA,NA,FALSE,NA,NA,NA,NA
Foliage_delta_unadjusted_gaussian,1,macarthur_1961,primary,unadjusted,linear,1,158,22.490168755230172,ft,2.4651552135409567,natural-log Shannon bird diversity,dimensionless,NA,NA,NA,FALSE,NA,NA,NA,NA
Foliage_delta_unadjusted_gaussian,1,macarthur_1961,primary,unadjusted,linear,1,159,22.632669515699003,ft,2.4715268837210687,natural-log Shannon bird diversity,dimensionless,NA,NA,NA,FALSE,NA,NA,NA,NA
Foliage_delta_unadjusted_gaussian,1,macarthur_1961,primary,unadjusted,linear,1,160,22.775170276167831,ft,2.4778985539011806,natural-log Shannon bird diversity,dimensionless,NA,NA,NA,FALSE,NA,NA,NA,NA
Foliage_delta_unadjusted_gaussian,1,macarthur_1961,primary,unadjusted,linear,1,161,22.917671036636662,ft,2.4842702240812926,natural-log Shannon bird diversity,dimensionless,NA,NA,NA,FALSE,NA,NA,NA,NA
Foliage_delta_unadjusted_gaussian,1,macarthur_1961,primary,unadjusted,linear,1,162,23.060171797105493,ft,2.490641894261405,natural-log Shannon bird diversity,dimensionless,NA,NA,NA,FALSE,NA,NA,NA,NA
Foliage_delta_unadjusted_gaussian,1,macarthur_1961,primary,unadjusted,linear,1,163,23.202672557574324,ft,2.497013564441517,natural-log Shannon bird diversity,dimensionless,NA,NA,NA,FALSE,NA,NA,NA,NA
Foliage_delta_unadjusted_gaussian,1,macarthur_1961,primary,unadjusted,linear,1,164,23.345173318043155,ft,2.503385234621629,natural-log Shannon bird diversity,dimensionless,NA,NA,NA,FALSE,NA,NA,NA,NA
Foliage_delta_unadjusted_gaussian,1,macarthur_1961,primary,unadjusted,linear,1,165,23.487674078511986,ft,2.509756904801741,natural-log Shannon bird diversity,dimensionless,NA,NA,NA,FALSE,NA,NA,NA,NA
Foliage_delta_unadjusted_gaussian,1,macarthur_1961,primary,unadjusted,linear,1,166,23.630174838980817,ft,2.5161285749818529,natural-log Shannon bird diversity,dimensionless,NA,NA,NA,FALSE,NA,NA,NA,NA
Foliage_delta_unadjusted_gaussian,1,macarthur_1961,primary,unadjusted,linear,1,167,23.772675599449645,ft,2.5225002451619649,natural-log Shannon bird diversity,dimensionless,NA,NA,NA,FALSE,NA,NA,NA,NA
Foliage_delta_unadjusted_gaussian,1,macarthur_1961,primary,unadjusted,linear,1,168,23.915176359918476,ft,2.5288719153420773,natural-log Shannon bird diversity,dimensionless,NA,NA,NA,FALSE,NA,NA,NA,NA
Foliage_delta_unadjusted_gaussian,1,macarthur_1961,primary,unadjusted,linear,1,169,24.057677120387307,ft,2.5352435855221893,natural-log Shannon bird diversity,dimensionless,NA,NA,NA,FALSE,NA,NA,NA,NA
Foliage_delta_unadjusted_gaussian,1,macarthur_1961,primary,unadjusted,linear,1,170,24.200177880856138,ft,2.5416152557023013,natural-log Shannon bird diversity,dimensionless,NA,NA,NA,FALSE,NA,NA,NA,NA
Foliage_delta_unadjusted_gaussian,1,macarthur_1961,primary,unadjusted,linear,1,171,24.342678641324969,ft,2.5479869258824133,natural-log Shannon bird diversity,dimensionless,NA,NA,NA,FALSE,NA,NA,NA,NA
Foliage_delta_unadjusted_gaussian,1,macarthur_1961,primary,unadjusted,linear,1,172,24.4851794017938,ft,2.5543585960625252,natural-log Shannon bird diversity,dimensionless,NA,NA,NA,FALSE,NA,NA,NA,NA
Foliage_delta_unadjusted_gaussian,1,macarthur_1961,primary,unadjusted,linear,1,173,24.627680162262628,ft,2.5607302662426372,natural-log Shannon bird diversity,dimensionless,NA,NA,NA,FALSE,NA,NA,NA,NA
Foliage_delta_unadjusted_gaussian,1,macarthur_1961,primary,unadjusted,linear,1,174,24.770180922731459,ft,2.5671019364227496,natural-log Shannon bird diversity,dimensionless,NA,NA,NA,FALSE,NA,NA,NA,NA
Foliage_delta_unadjusted_gaussian,1,macarthur_1961,primary,unadjusted,linear,1,175,24.91268168320029,ft,2.5734736066028616,natural-log Shannon bird diversity,dimensionless,NA,NA,NA,FALSE,NA,NA,NA,NA
Foliage_delta_unadjusted_gaussian,1,macarthur_1961,primary,unadjusted,linear,1,176,25.055182443669121,ft,2.5798452767829736,natural-log Shannon bird diversity,dimensionless,NA,NA,NA,FALSE,NA,NA,NA,NA
Foliage_delta_unadjusted_gaussian,1,macarthur_1961,primary,unadjusted,linear,1,177,25.197683204137952,ft,2.5862169469630856,natural-log Shannon bird diversity,dimensionless,NA,NA,NA,FALSE,NA,NA,NA,NA
Foliage_delta_unadjusted_gaussian,1,macarthur_1961,primary,unadjusted,linear,1,178,25.340183964606783,ft,2.5925886171431975,natural-log Shannon bird diversity,dimensionless,NA,NA,NA,FALSE,NA,NA,NA,NA
Foliage_delta_unadjusted_gaussian,1,macarthur_1961,primary,unadjusted,linear,1,179,25.482684725075615,ft,2.59896028732331,natural-log Shannon bird diversity,dimensionless,NA,NA,NA,FALSE,NA,NA,NA,NA
Foliage_delta_unadjusted_gaussian,1,macarthur_1961,primary,unadjusted,linear,1,180,25.625185485544442,ft,2.6053319575034219,natural-log Shannon bird diversity,dimensionless,NA,NA,NA,FALSE,NA,NA,NA,NA
Foliage_delta_unadjusted_gaussian,1,macarthur_1961,primary,unadjusted,linear,1,181,25.767686246013273,ft,2.6117036276835339,natural-log Shannon bird diversity,dimensionless,NA,NA,NA,FALSE,NA,NA,NA,NA
Foliage_delta_unadjusted_gaussian,1,macarthur_1961,primary,unadjusted,linear,1,182,25.910187006482104,ft,2.6180752978636459,natural-log Shannon bird diversity,dimensionless,NA,NA,NA,FALSE,NA,NA,NA,NA
Foliage_delta_unadjusted_gaussian,1,macarthur_1961,primary,unadjusted,linear,1,183,26.052687766950935,ft,2.6244469680437579,natural-log Shannon bird diversity,dimensionless,NA,NA,NA,FALSE,NA,NA,NA,NA
Foliage_delta_unadjusted_gaussian,1,macarthur_1961,primary,unadjusted,linear,1,184,26.195188527419766,ft,2.6308186382238699,natural-log Shannon bird diversity,dimensionless,NA,NA,NA,FALSE,NA,NA,NA,NA
Foliage_delta_unadjusted_gaussian,1,macarthur_1961,primary,unadjusted,linear,1,185,26.337689287888598,ft,2.6371903084039823,natural-log Shannon bird diversity,dimensionless,NA,NA,NA,FALSE,NA,NA,NA,NA
Foliage_delta_unadjusted_gaussian,1,macarthur_1961,primary,unadjusted,linear,1,186,26.480190048357429,ft,2.6435619785840943,natural-log Shannon bird diversity,dimensionless,NA,NA,NA,FALSE,NA,NA,NA,NA
Foliage_delta_unadjusted_gaussian,1,macarthur_1961,primary,unadjusted,linear,1,187,26.622690808826256,ft,2.6499336487642062,natural-log Shannon bird diversity,dimensionless,NA,NA,NA,FALSE,NA,NA,NA,NA
Foliage_delta_unadjusted_gaussian,1,macarthur_1961,primary,unadjusted,linear,1,188,26.765191569295087,ft,2.6563053189443182,natural-log Shannon bird diversity,dimensionless,NA,NA,NA,FALSE,NA,NA,NA,NA
Foliage_delta_unadjusted_gaussian,1,macarthur_1961,primary,unadjusted,linear,1,189,26.907692329763918,ft,2.6626769891244302,natural-log Shannon bird diversity,dimensionless,NA,NA,NA,FALSE,NA,NA,NA,NA
Foliage_delta_unadjusted_gaussian,1,macarthur_1961,primary,unadjusted,linear,1,190,27.050193090232749,ft,2.6690486593045422,natural-log Shannon bird diversity,dimensionless,NA,NA,NA,FALSE,NA,NA,NA,NA
Foliage_delta_unadjusted_gaussian,1,macarthur_1961,primary,unadjusted,linear,1,191,27.192693850701581,ft,2.6754203294846546,natural-log Shannon bird diversity,dimensionless,NA,NA,NA,FALSE,NA,NA,NA,NA
Foliage_delta_unadjusted_gaussian,1,macarthur_1961,primary,unadjusted,linear,1,192,27.335194611170412,ft,2.6817919996647666,natural-log Shannon bird diversity,dimensionless,NA,NA,NA,FALSE,NA,NA,NA,NA
Foliage_delta_unadjusted_gaussian,1,macarthur_1961,primary,unadjusted,linear,1,193,27.477695371639243,ft,2.6881636698448785,natural-log Shannon bird diversity,dimensionless,NA,NA,NA,FALSE,NA,NA,NA,NA
Foliage_delta_unadjusted_gaussian,1,macarthur_1961,primary,unadjusted,linear,1,194,27.62019613210807,ft,2.6945353400249905,natural-log Shannon bird diversity,dimensionless,NA,NA,NA,FALSE,NA,NA,NA,NA
Foliage_delta_unadjusted_gaussian,1,macarthur_1961,primary,unadjusted,linear,1,195,27.762696892576901,ft,2.7009070102051025,natural-log Shannon bird diversity,dimensionless,NA,NA,NA,FALSE,NA,NA,NA,NA
Foliage_delta_unadjusted_gaussian,1,macarthur_1961,primary,unadjusted,linear,1,196,27.905197653045732,ft,2.7072786803852149,natural-log Shannon bird diversity,dimensionless,NA,NA,NA,FALSE,NA,NA,NA,NA
Foliage_delta_unadjusted_gaussian,1,macarthur_1961,primary,unadjusted,linear,1,197,28.047698413514563,ft,2.7136503505653269,natural-log Shannon bird diversity,dimensionless,NA,NA,NA,FALSE,NA,NA,NA,NA
Foliage_delta_unadjusted_gaussian,1,macarthur_1961,primary,unadjusted,linear,1,198,28.190199173983395,ft,2.7200220207454389,natural-log Shannon bird diversity,dimensionless,NA,NA,NA,FALSE,NA,NA,NA,NA
Foliage_delta_unadjusted_gaussian,1,macarthur_1961,primary,unadjusted,linear,1,199,28.332699934452226,ft,2.7263936909255508,natural-log Shannon bird diversity,dimensionless,NA,NA,NA,FALSE,NA,NA,NA,NA
Foliage_delta_unadjusted_gaussian,1,macarthur_1961,primary,unadjusted,linear,1,200,28.475200694921053,ft,2.7327653611056628,natural-log Shannon bird diversity,dimensionless,NA,NA,NA,FALSE,NA,NA,NA,NA
Foliage_delta_unadjusted_gaussian,1,macarthur_1961,primary,unadjusted,logarithmic,2,1,0.11754936162377437,ft,0.77037268674552228,natural-log Shannon bird diversity,dimensionless,NA,NA,NA,TRUE,pointwise_fitted_mean,0.94999999999999996,0.087187260011131751,1.4535581134799127
Foliage_delta_unadjusted_gaussian,1,macarthur_1961,primary,unadjusted,logarithmic,2,2,0.26005012209260492,ft,1.0079079696839472,natural-log Shannon bird diversity,dimensionless,NA,NA,NA,TRUE,pointwise_fitted_mean,0.94999999999999996,0.44424014894792796,1.5715757904199665
Foliage_delta_unadjusted_gaussian,1,macarthur_1961,primary,unadjusted,logarithmic,2,3,0.40255088256143551,ft,1.138623661510378,natural-log Shannon bird diversity,dimensionless,NA,NA,NA,TRUE,pointwise_fitted_mean,0.94999999999999996,0.63855978397419144,1.6386875390465645
Foliage_delta_unadjusted_gaussian,1,macarthur_1961,primary,unadjusted,logarithmic,2,4,0.5450516430302661,ft,1.2292858287387971,natural-log Shannon bird diversity,dimensionless,NA,NA,NA,TRUE,pointwise_fitted_mean,0.94999999999999996,0.77198884766115694,1.6865828098164373
Foliage_delta_unadjusted_gaussian,1,macarthur_1961,primary,unadjusted,logarithmic,2,5,0.68755240349909663,ft,1.298767234991971,natural-log Shannon bird diversity,dimensionless,NA,NA,NA,TRUE,pointwise_fitted_mean,0.94999999999999996,0.87325662507917556,1.7242778449047664
Foliage_delta_unadjusted_gaussian,1,macarthur_1961,primary,unadjusted,logarithmic,2,6,0.83005316396792717,ft,1.3551139234981011,natural-log Shannon bird diversity,dimensionless,NA,NA,NA,TRUE,pointwise_fitted_mean,0.94999999999999996,0.95459409410497409,1.755633752891228
Foliage_delta_unadjusted_gaussian,1,macarthur_1961,primary,unadjusted,logarithmic,2,7,0.97255392443675781,ft,1.4025110586518157,natural-log Shannon bird diversity,dimensionless,NA,NA,NA,TRUE,pointwise_fitted_mean,0.94999999999999996,1.0223565161237929,1.7826656011798385
Foliage_delta_unadjusted_gaussian,1,macarthur_1961,primary,unadjusted,logarithmic,2,8,1.1150546849055882,ft,1.4434157236576559,natural-log Shannon bird diversity,dimensionless,NA,NA,NA,TRUE,pointwise_fitted_mean,0.94999999999999996,1.0802720995544473,1.8065593477608646
Foliage_delta_unadjusted_gaussian,1,macarthur_1961,primary,unadjusted,logarithmic,2,9,1.2575554453744189,ft,1.4793941922552458,natural-log Shannon bird diversity,dimensionless,NA,NA,NA,TRUE,pointwise_fitted_mean,0.94999999999999996,1.1307161080353689,1.8280722764751227
Foliage_delta_unadjusted_gaussian,1,macarthur_1961,primary,unadjusted,logarithmic,2,10,1.4000562058432495,ft,1.5115064794283717,natural-log Shannon bird diversity,dimensionless,NA,NA,NA,TRUE,pointwise_fitted_mean,0.94999999999999996,1.1752955566976091,1.8477174021591343
Foliage_delta_unadjusted_gaussian,1,macarthur_1961,primary,unadjusted,logarithmic,2,11,1.5425569663120799,ft,1.5405034542063178,natural-log Shannon bird diversity,dimensionless,NA,NA,NA,TRUE,pointwise_fitted_mean,0.94999999999999996,1.2151486887272802,1.8658582196853555
Foliage_delta_unadjusted_gaussian,1,macarthur_1961,primary,unadjusted,logarithmic,2,12,1.6850577267809106,ft,1.5669364731184237,natural-log Shannon bird diversity,dimensionless,NA,NA,NA,TRUE,pointwise_fitted_mean,0.94999999999999996,1.2511114261081644,1.8827615201286829
Foliage_delta_unadjusted_gaussian,1,macarthur_1961,primary,unadjusted,logarithmic,2,13,1.8275584872497412,ft,1.5912223476463199,natural-log Shannon bird diversity,dimensionless,NA,NA,NA,TRUE,pointwise_fitted_mean,0.94999999999999996,1.2838159404407621,1.8986287548518777
Foliage_delta_unadjusted_gaussian,1,macarthur_1961,primary,unadjusted,logarithmic,2,14,1.9700592477185717,ft,1.6136838467212764,natural-log Shannon bird diversity,dimensionless,NA,NA,NA,TRUE,pointwise_fitted_mean,0.94999999999999996,1.3137520649453076,1.9136156284972452
Foliage_delta_unadjusted_gaussian,1,macarthur_1961,primary,unadjusted,logarithmic,2,15,2.1125600081874021,ft,1.6345760194766543,natural-log Shannon bird diversity,dimensionless,NA,NA,NA,TRUE,pointwise_fitted_mean,0.94999999999999996,1.3413071809611552,1.9278448579921534
Foliage_delta_unadjusted_gaussian,1,macarthur_1961,primary,unadjusted,logarithmic,2,16,2.2550607686562327,ft,1.654103907514737,natural-log Shannon bird diversity,dimensionless,NA,NA,NA,TRUE,pointwise_fitted_mean,0.94999999999999996,1.3667930400422941,1.94141477498718
Foliage_delta_unadjusted_gaussian,1,macarthur_1961,primary,unadjusted,logarithmic,2,17,2.3975615291250634,ft,1.672434820039453,natural-log Shannon bird diversity,dimensionless,NA,NA,NA,TRUE,pointwise_fitted_mean,0.94999999999999996,1.3904643406098596,1.9544052994690464
Foliage_delta_unadjusted_gaussian,1,macarthur_1961,primary,unadjusted,logarithmic,2,18,2.540062289593894,ft,1.6897070593697308,natural-log Shannon bird diversity,dimensionless,NA,NA,NA,TRUE,pointwise_fitted_mean,0.94999999999999996,1.4125319242869425,1.966882194452519
Foliage_delta_unadjusted_gaussian,1,macarthur_1961,primary,unadjusted,logarithmic,2,19,2.6825630500627247,ft,1.7060362615175655,natural-log Shannon bird diversity,dimensionless,NA,NA,NA,TRUE,pointwise_fitted_mean,0.94999999999999996,1.4331723591311081,1.9789001639040229
Foliage_delta_unadjusted_gaussian,1,macarthur_1961,primary,unadjusted,logarithmic,2,20,2.8250638105315549,ft,1.7215200936960569,natural-log Shannon bird diversity,dimensionless,NA,NA,NA,TRUE,pointwise_fitted_mean,0.94999999999999996,1.452535034996286,1.9905051523958277
Foliage_delta_unadjusted_gaussian,1,macarthur_1961,primary,unadjusted,logarithmic,2,21,2.9675645710003855,ft,1.7362417946132274,natural-log Shannon bird diversity,dimensionless,NA,NA,NA,TRUE,pointwise_fitted_mean,0.94999999999999996,1.4707475076791454,2.0017360815473095
Foliage_delta_unadjusted_gaussian,1,macarthur_1961,primary,unadjusted,logarithmic,2,22,3.1100653314692162,ft,1.7502728836386767,natural-log Shannon bird diversity,dimensionless,NA,NA,NA,TRUE,pointwise_fitted_mean,0.94999999999999996,1.4879195860817944,2.012626181195559
Foliage_delta_unadjusted_gaussian,1,macarthur_1961,primary,unadjusted,logarithmic,2,23,3.2525660919380468,ft,1.7636752625205758,natural-log Shannon bird diversity,dimensionless,NA,NA,NA,TRUE,pointwise_fitted_mean,0.94999999999999996,1.5041465012783926,2.0232040237627591
Foliage_delta_unadjusted_gaussian,1,macarthur_1961,primary,unadjusted,logarithmic,2,24,3.3950668524068774,ft,1.776502866104946,natural-log Shannon bird diversity,dimensionless,NA,NA,NA,TRUE,pointwise_fitted_mean,0.94999999999999996,1.5195113944271217,2.0334943377827703
Foliage_delta_unadjusted_gaussian,1,macarthur_1961,primary,unadjusted,logarithmic,2,25,3.5375676128757081,ft,1.788802973426888,natural-log Shannon bird diversity,dimensionless,NA,NA,NA,TRUE,pointwise_fitted_mean,0.94999999999999996,1.5340872921200717,2.0435186547337043
Foliage_delta_unadjusted_gaussian,1,macarthur_1961,primary,unadjusted,logarithmic,2,26,3.6800683733445383,ft,1.8006172597224517,natural-log Shannon bird diversity,dimensionless,NA,NA,NA,TRUE,pointwise_fitted_mean,0.94999999999999996,1.5479386910475688,2.0532958283973346
Foliage_delta_unadjusted_gaussian,1,macarthur_1961,primary,unadjusted,logarithmic,2,27,3.8225691338133689,ft,1.8119826484673041,natural-log Shannon bird diversity,dimensionless,NA,NA,NA,TRUE,pointwise_fitted_mean,0.94999999999999996,1.5611228413604281,2.06284245557418
Foliage_delta_unadjusted_gaussian,1,macarthur_1961,primary,unadjusted,logarithmic,2,28,3.9650698942821996,ft,1.8229320073910935,natural-log Shannon bird diversity,dimensionless,NA,NA,NA,TRUE,pointwise_fitted_mean,0.94999999999999996,1.5736907951507559,2.0721732196314311
Foliage_delta_unadjusted_gaussian,1,macarthur_1961,primary,unadjusted,logarithmic,2,29,4.1075706547510302,ft,1.8334947215448292,natural-log Shannon bird diversity,dimensionless,NA,NA,NA,TRUE,pointwise_fitted_mean,0.94999999999999996,1.5856882700063217,2.0813011730833364
Foliage_delta_unadjusted_gaussian,1,macarthur_1961,primary,unadjusted,logarithmic,2,30,4.2500714152198604,ft,1.8436971685958725,natural-log Shannon bird diversity,dimensionless,NA,NA,NA,TRUE,pointwise_fitted_mean,0.94999999999999996,1.5971563656281615,2.0902379715635835
Foliage_delta_unadjusted_gaussian,1,macarthur_1961,primary,unadjusted,logarithmic,2,31,4.3925721756886906,ft,1.8535631157092005,natural-log Shannon bird diversity,dimensionless,NA,NA,NA,TRUE,pointwise_fitted_mean,0.94999999999999996,1.6081321626985874,2.0989940687198136
Foliage_delta_unadjusted_gaussian,1,macarthur_1961,primary,unadjusted,logarithmic,2,32,4.5350729361575217,ft,1.8631140530443011,natural-log Shannon bird diversity,dimensionless,NA,NA,NA,TRUE,pointwise_fitted_mean,0.94999999999999996,1.6186492266372405,2.1075788794513617
Foliage_delta_unadjusted_gaussian,1,macarthur_1961,primary,unadjusted,logarithmic,2,33,4.6775736966263519,ft,1.872369475640089,natural-log Shannon bird diversity,dimensionless,NA,NA,NA,TRUE,pointwise_fitted_mean,0.94999999999999996,1.6287380339582345,2.1160009173219434
Foliage_delta_unadjusted_gaussian,1,macarthur_1961,primary,unadjusted,logarithmic,2,34,4.8200744570951821,ft,1.8813471229857373,natural-log Shannon bird diversity,dimensionless,NA,NA,NA,TRUE,pointwise_fitted_mean,0.94999999999999996,1.6384263352023649,2.1242679107691096
Foliage_delta_unadjusted_gaussian,1,macarthur_1961,primary,unadjusted,logarithmic,2,35,4.9625752175640132,ft,1.8900631836779627,natural-log Shannon bird diversity,dimensionless,NA,NA,NA,TRUE,pointwise_fitted_mean,0.94999999999999996,1.6477394655535984,2.1323869018023269
Foliage_delta_unadjusted_gaussian,1,macarthur_1961,primary,unadjusted,logarithmic,2,36,5.1050759780328434,ft,1.8985324710979361,natural-log Shannon bird diversity,dimensionless,NA,NA,NA,TRUE,pointwise_fitted_mean,0.94999999999999996,1.6567006120354855,2.1403643301603865
Foliage_delta_unadjusted_gaussian,1,macarthur_1961,primary,unadjusted,logarithmic,2,37,5.2475767385016745,ft,1.9067685748969956,natural-log Shannon bird diversity,dimensionless,NA,NA,NA,TRUE,pointwise_fitted_mean,0.94999999999999996,1.6653310444591796,2.1482061053348116
Foliage_delta_unadjusted_gaussian,1,macarthur_1961,primary,unadjusted,logarithmic,2,38,5.3900774989705047,ft,1.9147839921816858,natural-log Shannon bird diversity,dimensionless,NA,NA,NA,TRUE,pointwise_fitted_mean,0.94999999999999996,1.6736503159420815,2.1559176684212904
Foliage_delta_unadjusted_gaussian,1,macarthur_1961,primary,unadjusted,logarithmic,2,39,5.5325782594393349,ft,1.9225902415776948,natural-log Shannon bird diversity,dimensionless,NA,NA,NA,TRUE,pointwise_fitted_mean,0.94999999999999996,1.6816764377473543,2.1635040454080352
Foliage_delta_unadjusted_gaussian,1,macarthur_1961,primary,unadjusted,logarithmic,2,40,5.675079019908166,ft,1.9301979627860093,natural-log Shannon bird diversity,dimensionless,NA,NA,NA,TRUE,pointwise_fitted_mean,0.94999999999999996,1.6894260323445258,2.1709698932274928
Foliage_delta_unadjusted_gaussian,1,macarthur_1961,primary,unadjusted,logarithmic,2,41,5.8175797803769962,ft,1.937617003790765,natural-log Shannon bird diversity,dimensionless,NA,NA,NA,TRUE,pointwise_fitted_mean,0.94999999999999996,1.6969144679110952,2.1783195396704347
Foliage_delta_unadjusted_gaussian,1,macarthur_1961,primary,unadjusted,logarithmic,2,42,5.9600805408458273,ft,1.9448564975123113,natural-log Shannon bird diversity,dimensionless,NA,NA,NA,TRUE,pointwise_fitted_mean,0.94999999999999996,1.7041559769473895,2.1855570180772332
Foliage_delta_unadjusted_gaussian,1,macarthur_1961,primary,unadjusted,logarithmic,2,43,6.1025813013146575,ft,1.9519249294022716,natural-log Shannon bird diversity,dimensionless,NA,NA,NA,TRUE,pointwise_fitted_mean,0.94999999999999996,1.711163761233524,2.1926860975710194
Foliage_delta_unadjusted_gaussian,1,macarthur_1961,primary,unadjusted,logarithmic,2,44,6.2450820617834877,ft,1.9588301972354447,natural-log Shannon bird diversity,dimensionless,NA,NA,NA,TRUE,pointwise_fitted_mean,0.94999999999999996,1.717950084996416,2.1997103094744737
Foliage_delta_unadjusted_gaussian,1,macarthur_1961,primary,unadjusted,logarithmic,2,45,6.3875828222523188,ft,1.9655796641551562,natural-log Shannon bird diversity,dimensionless,NA,NA,NA,TRUE,pointwise_fitted_mean,0.94999999999999996,1.7245263578595569,2.2066329704507552
Foliage_delta_unadjusted_gaussian,1,macarthur_1961,primary,unadjusted,logarithmic,2,46,6.530083582721149,ft,1.9721802058654201,natural-log Shannon bird diversity,dimensionless,NA,NA,NA,TRUE,pointwise_fitted_mean,0.94999999999999996,1.7309032089054854,2.2134572028253547
Foliage_delta_unadjusted_gaussian,1,macarthur_1961,primary,unadjusted,logarithmic,2,47,6.6725843431899801,ft,1.9786382527282382,natural-log Shannon bird diversity,dimensionless,NA,NA,NA,TRUE,pointwise_fitted_mean,0.94999999999999996,1.7370905529803999,2.2201859524760765
Foliage_delta_unadjusted_gaussian,1,macarthur_1961,primary,unadjusted,logarithmic,2,48,6.8150851036588103,ft,1.9849598274121607,natural-log Shannon bird diversity,dimensionless,NA,NA,NA,TRUE,pointwise_fitted_mean,0.94999999999999996,1.743097650203957,2.2268220046203644
Foliage_delta_unadjusted_gaussian,1,macarthur_1961,primary,unadjusted,logarithmic,2,49,6.9575858641276414,ft,1.9911505786446058,natural-log Shannon bird diversity,dimensionless,NA,NA,NA,TRUE,pointwise_fitted_mean,0.94999999999999996,1.7489331595086306,2.2333679977805811
Foliage_delta_unadjusted_gaussian,1,macarthur_1961,primary,unadjusted,logarithmic,2,50,7.1000866245964716,ft,1.997215811542012,natural-log Shannon bird diversity,dimensionless,NA,NA,NA,TRUE,pointwise_fitted_mean,0.94999999999999996,1.7546051869169585,2.2398264361670654
Foliage_delta_unadjusted_gaussian,1,macarthur_1961,primary,unadjusted,logarithmic,2,51,7.2425873850653018,ft,2.0031605149259275,natural-log Shannon bird diversity,dimensionless,NA,NA,NA,TRUE,pointwise_fitted_mean,0.94999999999999996,1.7601213291674627,2.2461997006843926
Foliage_delta_unadjusted_gaussian,1,macarthur_1961,primary,unadjusted,logarithmic,2,52,7.3850881455341328,ft,2.0089893859774768,natural-log Shannon bird diversity,dimensionless,NA,NA,NA,TRUE,pointwise_fitted_mean,0.94999999999999996,1.7654887132177615,2.2524900587371919
Foliage_delta_unadjusted_gaussian,1,macarthur_1961,primary,unadjusted,logarithmic,2,53,7.527588906002963,ft,2.014706852535467,natural-log Shannon bird diversity,dimensionless,NA,NA,NA,TRUE,pointwise_fitted_mean,0.94999999999999996,1.7707140320836994,2.2586996729872348
Foliage_delta_unadjusted_gaussian,1,macarthur_1961,primary,unadjusted,logarithmic,2,54,7.6700896664717941,ft,2.0203170933033361,natural-log Shannon bird diversity,dimensionless,NA,NA,NA,TRUE,pointwise_fitted_mean,0.94999999999999996,1.7758035774141054,2.264830609192567
Foliage_delta_unadjusted_gaussian,1,macarthur_1961,primary,unadjusted,logarithmic,2,55,7.8125904269406243,ft,2.0258240561959435,natural-log Shannon bird diversity,dimensionless,NA,NA,NA,TRUE,pointwise_fitted_mean,0.94999999999999996,1.7807632691502637,2.2708848432416233
Foliage_delta_unadjusted_gaussian,1,macarthur_1961,primary,unadjusted,logarithmic,2,56,7.9550911874094545,ft,2.0312314750279823,natural-log Shannon bird diversity,dimensionless,NA,NA,NA,TRUE,pointwise_fitted_mean,0.94999999999999996,1.7855986825759329,2.2768642674800317
Foliage_delta_unadjusted_gaussian,1,macarthur_1961,primary,unadjusted,logarithmic,2,57,8.0975919478782856,ft,2.036542884720705,natural-log Shannon bird diversity,dimensionless,NA,NA,NA,TRUE,pointwise_fitted_mean,0.94999999999999996,1.7903150730266288,2.2827706964147811
Foliage_delta_unadjusted_gaussian,1,macarthur_1961,primary,unadjusted,logarithmic,2,58,8.2400927083471167,ft,2.041761635182076,natural-log Shannon bird diversity,dimensionless,NA,NA,NA,TRUE,pointwise_fitted_mean,0.94999999999999996,1.7949173984948747,2.2886058718692772
Foliage_delta_unadjusted_gaussian,1,macarthur_1961,primary,unadjusted,logarithmic,2,59,8.3825934688159478,ft,2.0468909039968404,natural-log Shannon bird diversity,dimensionless,NA,NA,NA,TRUE,pointwise_fitted_mean,0.94999999999999996,1.7994103403404844,2.2943714676531966
Foliage_delta_unadjusted_gaussian,1,macarthur_1961,primary,unadjusted,logarithmic,2,60,8.5250942292847771,ft,2.0519337080468949,natural-log Shannon bird diversity,dimensionless,NA,NA,NA,TRUE,pointwise_fitted_mean,0.94999999999999996,1.8037983222909744,2.3000690938028154
Foliage_delta_unadjusted_gaussian,1,macarthur_1961,primary,unadjusted,logarithmic,2,61,8.6675949897536082,ft,2.0568929141683734,natural-log Shannon bird diversity,dimensionless,NA,NA,NA,TRUE,pointwise_fitted_mean,0.94999999999999996,1.8080855278963646,2.3057003004403822
Foliage_delta_unadjusted_gaussian,1,macarthur_1961,primary,unadjusted,logarithmic,2,62,8.8100957502224393,ft,2.0617712489397042,natural-log Shannon bird diversity,dimensionless,NA,NA,NA,TRUE,pointwise_fitted_mean,0.94999999999999996,1.8122759165844644,2.311266581294944
Foliage_delta_unadjusted_gaussian,1,macarthur_1961,primary,unadjusted,logarithmic,2,63,8.9525965106912704,ft,2.0665713076843235,natural-log Shannon bird diversity,dimensionless,NA,NA,NA,TRUE,pointwise_fitted_mean,0.94999999999999996,1.8163732384468783,2.3167693769217688
Foliage_delta_unadjusted_gaussian,1,macarthur_1961,primary,unadjusted,logarithmic,2,64,9.0950972711600997,ft,2.0712955627624545,natural-log Shannon bird diversity,dimensionless,NA,NA,NA,TRUE,pointwise_fitted_mean,0.94999999999999996,1.8203810478720315,2.3222100776528776
Foliage_delta_unadjusted_gaussian,1,macarthur_1961,primary,unadjusted,logarithmic,2,65,9.2375980316289308,ft,2.0759463712182882,natural-log Shannon bird diversity,dimensionless,NA,NA,NA,TRUE,pointwise_fitted_mean,0.94999999999999996,1.8243027161293253,2.3275900263072513
Foliage_delta_unadjusted_gaussian,1,macarthur_1961,primary,unadjusted,logarithmic,2,66,9.3800987920977619,ft,2.0805259818417707,natural-log Shannon bird diversity,dimensionless,NA,NA,NA,TRUE,pointwise_fitted_mean,0.94999999999999996,1.8281414429977449,2.3329105206857963
Foliage_delta_unadjusted_gaussian,1,macarthur_1961,primary,unadjusted,logarithmic,2,67,9.5225995525665912,ft,2.0850365416979639,natural-log Shannon bird diversity,dimensionless,NA,NA,NA,TRUE,pointwise_fitted_mean,0.94999999999999996,1.8319002675227569,2.3381728158731709
Foliage_delta_unadjusted_gaussian,1,macarthur_1961,primary,unadjusted,logarithmic,2,68,9.6651003130354223,ft,2.0894801021714398,natural-log Shannon bird diversity,dimensionless,NA,NA,NA,TRUE,pointwise_fitted_mean,0.94999999999999996,1.8355820779769374,2.3433781263659421
Foliage_delta_unadjusted_gaussian,1,macarthur_1961,primary,unadjusted,logarithmic,2,69,9.8076010735042534,ft,2.0938586245682926,natural-log Shannon bird diversity,dimensionless,NA,NA,NA,TRUE,pointwise_fitted_mean,0.94999999999999996,1.8391896210923067,2.3485276280442786
Foliage_delta_unadjusted_gaussian,1,macarthur_1961,primary,unadjusted,logarithmic,2,70,9.9501018339730845,ft,2.0981739853140735,natural-log Shannon bird diversity,dimensionless,NA,NA,NA,TRUE,pointwise_fitted_mean,0.94999999999999996,1.8427255106257587,2.3536224600023883
Foliage_delta_unadjusted_gaussian,1,macarthur_1961,primary,unadjusted,logarithmic,2,71,10.092602594441914,ft,2.1024279807821165,natural-log Shannon bird diversity,dimensionless,NA,NA,NA,TRUE,pointwise_fitted_mean,0.94999999999999996,1.8461922353130573,2.3586637262511756
Foliage_delta_unadjusted_gaussian,1,macarthur_1961,primary,unadjusted,logarithmic,2,72,10.235103354910745,ft,2.1066223317833548,natural-log Shannon bird diversity,dimensionless,NA,NA,NA,TRUE,pointwise_fitted_mean,0.94999999999999996,1.8495921662616417,2.3636524973050679
Foliage_delta_unadjusted_gaussian,1,macarthur_1961,primary,unadjusted,logarithmic,2,73,10.377604115379576,ft,2.1107586877457205,natural-log Shannon bird diversity,dimensionless,NA,NA,NA,TRUE,pointwise_fitted_mean,0.94999999999999996,1.8529275638277958,2.3685898116636452
Foliage_delta_unadjusted_gaussian,1,macarthur_1961,primary,unadjusted,logarithmic,2,74,10.520104875848405,ft,2.1148386306085158,natural-log Shannon bird diversity,dimensionless,NA,NA,NA,TRUE,pointwise_fitted_mean,0.94999999999999996,1.8562005840195233,2.3734766771975084
Foliage_delta_unadjusted_gaussian,1,macarthur_1961,primary,unadjusted,logarithmic,2,75,10.662605636317236,ft,2.1188636784547867,natural-log Shannon bird diversity,dimensionless,NA,NA,NA,TRUE,pointwise_fitted_mean,0.94999999999999996,1.8594132844627347,2.3783140724468388
Foliage_delta_unadjusted_gaussian,1,macarthur_1961,primary,unadjusted,logarithmic,2,76,10.805106396786067,ft,2.1228352889025515,natural-log Shannon bird diversity,dimensionless,NA,NA,NA,TRUE,pointwise_fitted_mean,0.94999999999999996,1.8625676299649496,2.3831029478401531
Foliage_delta_unadjusted_gaussian,1,macarthur_1961,primary,unadjusted,logarithmic,2,77,10.947607157254897,ft,2.1267548622738608,natural-log Shannon bird diversity,dimensionless,NA,NA,NA,TRUE,pointwise_fitted_mean,0.94999999999999996,1.8656654977077149,2.3878442268400066
Foliage_delta_unadjusted_gaussian,1,macarthur_1961,primary,unadjusted,logarithmic,2,78,11.090107917723728,ft,2.1306237445589136,natural-log Shannon bird diversity,dimensionless,NA,NA,NA,TRUE,pointwise_fitted_mean,0.94999999999999996,1.8687086820961669,2.3925388070216602
Foliage_delta_unadjusted_gaussian,1,macarthur_1961,primary,unadjusted,logarithmic,2,79,11.232608678192559,ft,2.1344432301909446,natural-log Shannon bird diversity,dimensionless,NA,NA,NA,TRUE,pointwise_fitted_mean,0.94999999999999996,1.8716988992917469,2.3971875610901421
Foliage_delta_unadjusted_gaussian,1,macarthur_1961,primary,unadjusted,logarithmic,2,80,11.37510943866139,ft,2.1382145646461859,natural-log Shannon bird diversity,dimensionless,NA,NA,NA,TRUE,pointwise_fitted_mean,0.94999999999999996,1.8746377914518111,2.4017913378405606
Foliage_delta_unadjusted_gaussian,1,macarthur_1961,primary,unadjusted,logarithmic,2,81,11.517610199130219,ft,2.1419389468819792,natural-log Shannon bird diversity,dimensionless,NA,NA,NA,TRUE,pointwise_fitted_mean,0.94999999999999996,1.8775269306978968,2.4063509630660618
Foliage_delta_unadjusted_gaussian,1,macarthur_1961,primary,unadjusted,logarithmic,2,82,11.66011095959905,ft,2.1456175316249726,natural-log Shannon bird diversity,dimensionless,NA,NA,NA,TRUE,pointwise_fitted_mean,0.94999999999999996,1.8803678228325642,2.4108672404173812
Foliage_delta_unadjusted_gaussian,1,macarthur_1961,primary,unadjusted,logarithmic,2,83,11.802611720067882,ft,2.1492514315203395,natural-log Shannon bird diversity,dimensionless,NA,NA,NA,TRUE,pointwise_fitted_mean,0.94999999999999996,1.8831619108231008,2.4153409522175782
Foliage_delta_unadjusted_gaussian,1,macarthur_1961,primary,unadjusted,logarithmic,2,84,11.945112480536711,ft,2.1528417191520135,natural-log Shannon bird diversity,dimensionless,NA,NA,NA,TRUE,pointwise_fitted_mean,0.94999999999999996,1.8859105780688523,2.4197728602351747
Foliage_delta_unadjusted_gaussian,1,macarthur_1961,primary,unadjusted,logarithmic,2,85,12.087613241005542,ft,2.1563894289431342,natural-log Shannon bird diversity,dimensionless,NA,NA,NA,TRUE,pointwise_fitted_mean,0.94999999999999996,1.8886151514676175,2.4241637064186508
Foliage_delta_unadjusted_gaussian,1,macarthur_1961,primary,unadjusted,logarithmic,2,86,12.230114001474373,ft,2.1598955589451134,natural-log Shannon bird diversity,dimensionless,NA,NA,NA,TRUE,pointwise_fitted_mean,0.94999999999999996,1.8912769042952664,2.4285142135949607
Foliage_delta_unadjusted_gaussian,1,macarthur_1961,primary,unadjusted,logarithmic,2,87,12.372614761943202,ft,2.1633610725230747,natural-log Shannon bird diversity,dimensionless,NA,NA,NA,TRUE,pointwise_fitted_mean,0.94999999999999996,1.8938970589116531,2.4328250861344967
Foliage_delta_unadjusted_gaussian,1,macarthur_1961,primary,unadjusted,logarithmic,2,88,12.515115522412033,ft,2.1667868999447784,natural-log Shannon bird diversity,dimensionless,NA,NA,NA,TRUE,pointwise_fitted_mean,0.94999999999999996,1.8964767893048342,2.4370970105847225
Foliage_delta_unadjusted_gaussian,1,macarthur_1961,primary,unadjusted,logarithmic,2,89,12.657616282880864,ft,2.1701739398795974,natural-log Shannon bird diversity,dimensionless,NA,NA,NA,TRUE,pointwise_fitted_mean,0.94999999999999996,1.8990172234846932,2.4413306562745016
Foliage_delta_unadjusted_gaussian,1,macarthur_1961,primary,unadjusted,logarithmic,2,90,12.800117043349696,ft,2.173523060813578,natural-log Shannon bird diversity,dimensionless,NA,NA,NA,TRUE,pointwise_fitted_mean,0.94999999999999996,1.9015194457361935,2.4455266758909628
Foliage_delta_unadjusted_gaussian,1,macarthur_1961,primary,unadjusted,logarithmic,2,91,12.942617803818525,ft,2.1768351023861663,natural-log Shannon bird diversity,dimensionless,NA,NA,NA,TRUE,pointwise_fitted_mean,0.94999999999999996,1.9039844987417145,2.4496857060306181
Foliage_delta_unadjusted_gaussian,1,macarthur_1961,primary,unadjusted,logarithmic,2,92,13.085118564287356,ft,2.1801108766537425,natural-log Shannon bird diversity,dimensionless,NA,NA,NA,TRUE,pointwise_fitted_mean,0.94999999999999996,1.9064133855812047,2.4538083677262801
Foliage_delta_unadjusted_gaussian,1,macarthur_1961,primary,unadjusted,logarithmic,2,93,13.227619324756187,ft,2.1833511692847276,natural-log Shannon bird diversity,dimensionless,NA,NA,NA,TRUE,pointwise_fitted_mean,0.94999999999999996,1.9088070716182313,2.457895266951224
Foliage_delta_unadjusted_gaussian,1,macarthur_1961,primary,unadjusted,logarithmic,2,94,13.370120085225016,ft,2.1865567406906483,natural-log Shannon bird diversity,dimensionless,NA,NA,NA,TRUE,pointwise_fitted_mean,0.94999999999999996,1.9111664862793942,2.4619469951019024
Foliage_delta_unadjusted_gaussian,1,macarthur_1961,primary,unadjusted,logarithmic,2,95,13.512620845693847,ft,2.189728327097253,natural-log Shannon bird diversity,dimensionless,NA,NA,NA,TRUE,pointwise_fitted_mean,0.94999999999999996,1.9134925247340484,2.4659641294604575
Foliage_delta_unadjusted_gaussian,1,macarthur_1961,primary,unadjusted,logarithmic,2,96,13.655121606162679,ft,2.1928666415594331,natural-log Shannon bird diversity,dimensionless,NA,NA,NA,TRUE,pointwise_fitted_mean,0.94999999999999996,1.9157860494807315,2.4699472336381345
Foliage_delta_unadjusted_gaussian,1,macarthur_1961,primary,unadjusted,logarithmic,2,97,13.79762236663151,ft,2.1959723749234645,natural-log Shannon bird diversity,dimensionless,NA,NA,NA,TRUE,pointwise_fitted_mean,0.94999999999999996,1.9180478918462724,2.4738968580006566
Foliage_delta_unadjusted_gaussian,1,macarthur_1961,primary,unadjusted,logarithmic,2,98,13.940123127100339,ft,2.1990461967398103,natural-log Shannon bird diversity,dimensionless,NA,NA,NA,TRUE,pointwise_fitted_mean,0.94999999999999996,1.9202788534030923,2.4778135400765282
Foliage_delta_unadjusted_gaussian,1,macarthur_1961,primary,unadjusted,logarithmic,2,99,14.08262388756917,ft,2.2020887561295042,natural-log Shannon bird diversity,dimensionless,NA,NA,NA,TRUE,pointwise_fitted_mean,0.94999999999999996,1.9224797073098416,2.4816978049491665
Foliage_delta_unadjusted_gaussian,1,macarthur_1961,primary,unadjusted,logarithmic,2,100,14.225124648038001,ft,2.2051006826069162,natural-log Shannon bird diversity,dimensionless,NA,NA,NA,TRUE,pointwise_fitted_mean,0.94999999999999996,1.9246511995801359,2.4855501656336965
Foliage_delta_unadjusted_gaussian,1,macarthur_1961,primary,unadjusted,logarithmic,2,101,14.36762540850683,ft,2.2080825868615133,natural-log Shannon bird diversity,dimensionless,NA,NA,NA,TRUE,pointwise_fitted_mean,0.94999999999999996,1.9267940502838323,2.4893711234391942
Foliage_delta_unadjusted_gaussian,1,macarthur_1961,primary,unadjusted,logarithmic,2,102,14.510126168975662,ft,2.2110350615010397,natural-log Shannon bird diversity,dimensionless,NA,NA,NA,TRUE,pointwise_fitted_mean,0.94999999999999996,1.928908954684974,2.4931611683171053
Foliage_delta_unadjusted_gaussian,1,macarthur_1961,primary,unadjusted,logarithmic,2,103,14.652626929444493,ft,2.2139586817583816,natural-log Shannon bird diversity,dimensionless,NA,NA,NA,TRUE,pointwise_fitted_mean,0.94999999999999996,1.9309965843202446,2.4969207791965187
Foliage_delta_unadjusted_gaussian,1,macarthur_1961,primary,unadjusted,logarithmic,2,104,14.795127689913322,ft,2.2168540061642239,natural-log Shannon bird diversity,dimensionless,NA,NA,NA,TRUE,pointwise_fitted_mean,0.94999999999999996,1.9330575880215159,2.5006504243069321
Foliage_delta_unadjusted_gaussian,1,macarthur_1961,primary,unadjusted,logarithmic,2,105,14.937628450382153,ft,2.219721577187467,natural-log Shannon bird diversity,dimensionless,NA,NA,NA,TRUE,pointwise_fitted_mean,0.94999999999999996,1.935092592885828,2.504350561489106
Foliage_delta_unadjusted_gaussian,1,macarthur_1961,primary,unadjusted,logarithmic,2,106,15.080129210850984,ft,2.2225619218452395,natural-log Shannon bird diversity,dimensionless,NA,NA,NA,TRUE,pointwise_fitted_mean,0.94999999999999996,1.937102205195913,2.5080216384945659
Foliage_delta_unadjusted_gaussian,1,macarthur_1961,primary,unadjusted,logarithmic,2,107,15.222629971319815,ft,2.2253755522842251,natural-log Shannon bird diversity,dimensionless,NA,NA,NA,TRUE,pointwise_fitted_mean,0.94999999999999996,1.9390870112941718,2.5116640932742786
Foliage_delta_unadjusted_gaussian,1,macarthur_1961,primary,unadjusted,logarithmic,2,108,15.365130731788645,ft,2.2281629663349043,natural-log Shannon bird diversity,dimensionless,NA,NA,NA,TRUE,pointwise_fitted_mean,0.94999999999999996,1.9410475784128163,2.5152783542569921
Foliage_delta_unadjusted_gaussian,1,macarthur_1961,primary,unadjusted,logarithmic,2,109,15.507631492257476,ft,2.2309246480402112,natural-log Shannon bird diversity,dimensionless,NA,NA,NA,TRUE,pointwise_fitted_mean,0.94999999999999996,1.94298445546271,2.5188648406177121
Foliage_delta_unadjusted_gaussian,1,macarthur_1961,primary,unadjusted,logarithmic,2,110,15.650132252726307,ft,2.2336610681600169,natural-log Shannon bird diversity,dimensionless,NA,NA,NA,TRUE,pointwise_fitted_mean,0.94999999999999996,1.9448981737832876,2.5224239625367462
Foliage_delta_unadjusted_gaussian,1,macarthur_1961,primary,unadjusted,logarithmic,2,111,15.792633013195136,ft,2.2363726846527383,natural-log Shannon bird diversity,dimensionless,NA,NA,NA,TRUE,pointwise_fitted_mean,0.94999999999999996,1.94678924785575,2.5259561214497266
Foliage_delta_unadjusted_gaussian,1,macarthur_1961,primary,unadjusted,logarithmic,2,112,15.935133773663967,ft,2.2390599431353277,natural-log Shannon bird diversity,dimensionless,NA,NA,NA,TRUE,pointwise_fitted_mean,0.94999999999999996,1.9486581759816386,2.5294617102890169
Foliage_delta_unadjusted_gaussian,1,macarthur_1961,primary,unadjusted,logarithmic,2,113,16.077634534132798,ft,2.241723277322774,natural-log Shannon bird diversity,dimensionless,NA,NA,NA,TRUE,pointwise_fitted_mean,0.94999999999999996,1.9505054409287004,2.5329411137168476
Foliage_delta_unadjusted_gaussian,1,macarthur_1961,primary,unadjusted,logarithmic,2,114,16.220135294601626,ft,2.2443631094482197,natural-log Shannon bird diversity,dimensionless,NA,NA,NA,TRUE,pointwise_fitted_mean,0.94999999999999996,1.9523315105458874,2.536394708350552
Foliage_delta_unadjusted_gaussian,1,macarthur_1961,primary,unadjusted,logarithmic,2,115,16.362636055070457,ft,2.246979850664701,natural-log Shannon bird diversity,dimensionless,NA,NA,NA,TRUE,pointwise_fitted_mean,0.94999999999999996,1.9541368383491824,2.5398228629802198
Foliage_delta_unadjusted_gaussian,1,macarthur_1961,primary,unadjusted,logarithmic,2,116,16.505136815539288,ft,2.2495739014294669,natural-log Shannon bird diversity,dimensionless,NA,NA,NA,TRUE,pointwise_fitted_mean,0.94999999999999996,1.9559218640798555,2.5432259387790785
Foliage_delta_unadjusted_gaussian,1,macarthur_1961,primary,unadjusted,logarithmic,2,117,16.647637576008119,ft,2.2521456518717842,natural-log Shannon bird diversity,dimensionless,NA,NA,NA,TRUE,pointwise_fitted_mean,0.94999999999999996,1.9576870142366505,2.5466042895069179
Foliage_delta_unadjusted_gaussian,1,macarthur_1961,primary,unadjusted,logarithmic,2,118,16.79013833647695,ft,2.2546954821450611,natural-log Shannon bird diversity,dimensionless,NA,NA,NA,TRUE,pointwise_fitted_mean,0.94999999999999996,1.959432702583308,2.5499582617068142
Foliage_delta_unadjusted_gaussian,1,macarthur_1961,primary,unadjusted,logarithmic,2,119,16.932639096945778,ft,2.2572237627640961,natural-log Shannon bird diversity,dimensionless,NA,NA,NA,TRUE,pointwise_fitted_mean,0.94999999999999996,1.9611593306327508,2.5532881948954413
Foliage_delta_unadjusted_gaussian,1,macarthur_1961,primary,unadjusted,logarithmic,2,120,17.075139857414609,ft,2.2597308549281885,natural-log Shannon bird diversity,dimensionless,NA,NA,NA,TRUE,pointwise_fitted_mean,0.94999999999999996,1.9628672881091647,2.5565944217472123
Foliage_delta_unadjusted_gaussian,1,macarthur_1961,primary,unadjusted,logarithmic,2,121,17.21764061788344,ft,2.2622171108308304,natural-log Shannon bird diversity,dimensionless,NA,NA,NA,TRUE,pointwise_fitted_mean,0.94999999999999996,1.96455695338916,2.5598772682725008
Foliage_delta_unadjusted_gaussian,1,macarthur_1961,primary,unadjusted,logarithmic,2,122,17.360141378352271,ft,2.2646828739566276,natural-log Shannon bird diversity,dimensionless,NA,NA,NA,TRUE,pointwise_fitted_mean,0.94999999999999996,1.9662286939230889,2.5631370539901663
Foliage_delta_unadjusted_gaussian,1,macarthur_1961,primary,unadjusted,logarithmic,2,123,17.502642138821102,ft,2.2671284793660864,natural-log Shannon bird diversity,dimensionless,NA,NA,NA,TRUE,pointwise_fitted_mean,0.94999999999999996,1.9678828666375685,2.5663740920946045
Foliage_delta_unadjusted_gaussian,1,macarthur_1961,primary,unadjusted,logarithmic,2,124,17.645142899289933,ft,2.269554253968856,natural-log Shannon bird diversity,dimensionless,NA,NA,NA,TRUE,pointwise_fitted_mean,0.94999999999999996,1.9695198183201772,2.5695886896175351
Foliage_delta_unadjusted_gaussian,1,macarthur_1961,primary,unadjusted,logarithmic,2,125,17.787643659758764,ft,2.2719605167859767,natural-log Shannon bird diversity,dimensionless,NA,NA,NA,TRUE,pointwise_fitted_mean,0.94999999999999996,1.971139885987232,2.5727811475847213
Foliage_delta_unadjusted_gaussian,1,macarthur_1961,primary,unadjusted,logarithmic,2,126,17.930144420227592,ft,2.2743475792016703,natural-log Shannon bird diversity,dimensionless,NA,NA,NA,TRUE,pointwise_fitted_mean,0.94999999999999996,1.9727433972355226,2.575951761167818
Foliage_delta_unadjusted_gaussian,1,macarthur_1961,primary,unadjusted,logarithmic,2,127,18.072645180696423,ft,2.2767157452051605,natural-log Shannon bird diversity,dimensionless,NA,NA,NA,TRUE,pointwise_fitted_mean,0.94999999999999996,1.9743306705788,2.5791008198315213
Foliage_delta_unadjusted_gaussian,1,macarthur_1961,primary,unadjusted,logarithmic,2,128,18.215145941165254,ft,2.2790653116229973,natural-log Shannon bird diversity,dimensionless,NA,NA,NA,TRUE,pointwise_fitted_mean,0.94999999999999996,1.9759020157697957,2.5822286074761989
Foliage_delta_unadjusted_gaussian,1,macarthur_1961,primary,unadjusted,logarithmic,2,129,18.357646701634085,ft,2.281396568342331,natural-log Shannon bird diversity,dimensionless,NA,NA,NA,TRUE,pointwise_fitted_mean,0.94999999999999996,1.9774577341084916,2.5853354025761703
Foliage_delta_unadjusted_gaussian,1,macarthur_1961,primary,unadjusted,logarithmic,2,130,18.500147462102916,ft,2.283709798525551,natural-log Shannon bird diversity,dimensionless,NA,NA,NA,TRUE,pointwise_fitted_mean,0.94999999999999996,1.9789981187373171,2.5884214783137849
Foliage_delta_unadjusted_gaussian,1,macarthur_1961,primary,unadjusted,logarithmic,2,131,18.642648222571747,ft,2.2860052788166918,natural-log Shannon bird diversity,dimensionless,NA,NA,NA,TRUE,pointwise_fitted_mean,0.94999999999999996,1.9805234549239239,2.5914871027094595
Foliage_delta_unadjusted_gaussian,1,macarthur_1961,primary,unadjusted,logarithmic,2,132,18.785148983040578,ft,2.2882832795399781,natural-log Shannon bird diversity,dimensionless,NA,NA,NA,TRUE,pointwise_fitted_mean,0.94999999999999996,1.98203402033214,2.5945325387478162
Foliage_delta_unadjusted_gaussian,1,macarthur_1961,primary,unadjusted,logarithmic,2,133,18.927649743509406,ft,2.2905440648908693,natural-log Shannon bird diversity,dimensionless,NA,NA,NA,TRUE,pointwise_fitted_mean,0.94999999999999996,1.9835300852816804,2.5975580445000581
Foliage_delta_unadjusted_gaussian,1,macarthur_1961,primary,unadjusted,logarithmic,2,134,19.070150503978237,ft,2.292787893119939,natural-log Shannon bird diversity,dimensionless,NA,NA,NA,TRUE,pointwise_fitted_mean,0.94999999999999996,1.9850119129971562,2.6005638732427219
Foliage_delta_unadjusted_gaussian,1,macarthur_1961,primary,unadjusted,logarithmic,2,135,19.212651264447068,ft,2.2950150167099079,natural-log Shannon bird diversity,dimensionless,NA,NA,NA,TRUE,pointwise_fitted_mean,0.94999999999999996,1.9864797598468908,2.603550273572925
Foliage_delta_unadjusted_gaussian,1,macarthur_1961,primary,unadjusted,logarithmic,2,136,19.355152024915899,ft,2.2972256825461379,natural-log Shannon bird diversity,dimensionless,NA,NA,NA,TRUE,pointwise_fitted_mean,0.94999999999999996,1.9879338755720353,2.6065174895202405
Foliage_delta_unadjusted_gaussian,1,macarthur_1961,primary,unadjusted,logarithmic,2,137,19.49765278538473,ft,2.2994201320808703,natural-log Shannon bird diversity,dimensionless,NA,NA,NA,TRUE,pointwise_fitted_mean,0.94999999999999996,1.989374503506433,2.6094657606553073
Foliage_delta_unadjusted_gaussian,1,macarthur_1961,primary,unadjusted,logarithmic,2,138,19.640153545853561,ft,2.3015986014914875,natural-log Shannon bird diversity,dimensionless,NA,NA,NA,TRUE,pointwise_fitted_mean,0.94999999999999996,1.9908018807876766,2.6123953221952982
Foliage_delta_unadjusted_gaussian,1,macarthur_1961,primary,unadjusted,logarithmic,2,139,19.782654306322392,ft,2.3037613218330493,natural-log Shannon bird diversity,dimensionless,NA,NA,NA,TRUE,pointwise_fitted_mean,0.94999999999999996,1.9922162385597584,2.6153064051063404
Foliage_delta_unadjusted_gaussian,1,macarthur_1961,primary,unadjusted,logarithmic,2,140,19.92515506679122,ft,2.3059085191853588,natural-log Shannon bird diversity,dimensionless,NA,NA,NA,TRUE,pointwise_fitted_mean,0.94999999999999996,1.9936178021677133,2.6181992362030044
Foliage_delta_unadjusted_gaussian,1,macarthur_1961,primary,unadjusted,logarithmic,2,141,20.067655827260051,ft,2.3080404147947866,natural-log Shannon bird diversity,dimensionless,NA,NA,NA,TRUE,pointwise_fitted_mean,0.94999999999999996,1.9950067913446163,2.6210740382449567
Foliage_delta_unadjusted_gaussian,1,macarthur_1961,primary,unadjusted,logarithmic,2,142,20.210156587728882,ft,2.3101572252110754,natural-log Shannon bird diversity,dimensionless,NA,NA,NA,TRUE,pointwise_fitted_mean,0.94999999999999996,1.996383420391284,2.6239310300308665
Foliage_delta_unadjusted_gaussian,1,macarthur_1961,primary,unadjusted,logarithmic,2,143,20.352657348197713,ft,2.3122591624193425,natural-log Shannon bird diversity,dimensionless,NA,NA,NA,TRUE,pointwise_fitted_mean,0.94999999999999996,1.9977478983490191,2.6267704264896659
Foliage_delta_unadjusted_gaussian,1,macarthur_1961,primary,unadjusted,logarithmic,2,144,20.495158108666544,ft,2.3143464339674731,natural-log Shannon bird diversity,dimensionless,NA,NA,NA,TRUE,pointwise_fitted_mean,0.94999999999999996,1.9991004291656995,2.6295924387692464
Foliage_delta_unadjusted_gaussian,1,macarthur_1961,primary,unadjusted,logarithmic,2,145,20.637658869135375,ft,2.3164192430891029,natural-log Shannon bird diversity,dimensionless,NA,NA,NA,TRUE,pointwise_fitted_mean,0.94999999999999996,2.0004412118555255,2.6323972743226802
Foliage_delta_unadjusted_gaussian,1,macarthur_1961,primary,unadjusted,logarithmic,2,146,20.780159629604203,ft,2.3184777888223671,natural-log Shannon bird diversity,dimensionless,NA,NA,NA,TRUE,pointwise_fitted_mean,0.94999999999999996,2.0017704406526904,2.6351851369920438
Foliage_delta_unadjusted_gaussian,1,macarthur_1961,primary,unadjusted,logarithmic,2,147,20.922660390073034,ft,2.320522266124593,natural-log Shannon bird diversity,dimensionless,NA,NA,NA,TRUE,pointwise_fitted_mean,0.94999999999999996,2.0030883051592605,2.6379562270899255
Foliage_delta_unadjusted_gaussian,1,macarthur_1961,primary,unadjusted,logarithmic,2,148,21.065161150541865,ft,2.3225528659831003,natural-log Shannon bird diversity,dimensionless,NA,NA,NA,TRUE,pointwise_fitted_mean,0.94999999999999996,2.0043949904875102,2.6407107414786903
Foliage_delta_unadjusted_gaussian,1,macarthur_1961,primary,unadjusted,logarithmic,2,149,21.207661911010696,ft,2.3245697755222645,natural-log Shannon bird diversity,dimensionless,NA,NA,NA,TRUE,pointwise_fitted_mean,0.94999999999999996,2.0056906773969501,2.643448873647579
Foliage_delta_unadjusted_gaussian,1,macarthur_1961,primary,unadjusted,logarithmic,2,150,21.350162671479527,ft,2.3265731781069983,natural-log Shannon bird diversity,dimensionless,NA,NA,NA,TRUE,pointwise_fitted_mean,0.94999999999999996,2.0069755424262952,2.6461708137877014
Foliage_delta_unadjusted_gaussian,1,macarthur_1961,primary,unadjusted,logarithmic,2,151,21.492663431948358,ft,2.3285632534427867,natural-log Shannon bird diversity,dimensionless,NA,NA,NA,TRUE,pointwise_fitted_mean,0.94999999999999996,2.00824975802057,2.6488767488650033
Foliage_delta_unadjusted_gaussian,1,macarthur_1961,primary,unadjusted,logarithmic,2,152,21.635164192417189,ft,2.3305401776724204,natural-log Shannon bird diversity,dimensionless,NA,NA,NA,TRUE,pointwise_fitted_mean,0.94999999999999996,2.0095134926535789,2.6515668626912618
Foliage_delta_unadjusted_gaussian,1,macarthur_1961,primary,unadjusted,logarithmic,2,153,21.777664952886017,ft,2.3325041234695534,natural-log Shannon bird diversity,dimensionless,NA,NA,NA,TRUE,pointwise_fitted_mean,0.94999999999999996,2.010766910945927,2.6542413359931798
Foliage_delta_unadjusted_gaussian,1,macarthur_1961,primary,unadjusted,logarithmic,2,154,21.920165713354848,ft,2.3344552601292072,natural-log Shannon bird diversity,dimensionless,NA,NA,NA,TRUE,pointwise_fitted_mean,0.94999999999999996,2.0120101737787843,2.6569003464796301
Foliage_delta_unadjusted_gaussian,1,macarthur_1961,primary,unadjusted,logarithmic,2,155,22.062666473823679,ft,2.3363937536553454,natural-log Shannon bird diversity,dimensionless,NA,NA,NA,TRUE,pointwise_fitted_mean,0.94999999999999996,2.0132434384035731,2.6595440689071177
Foliage_delta_unadjusted_gaussian,1,macarthur_1961,primary,unadjusted,logarithmic,2,156,22.20516723429251,ft,2.3383197668456277,natural-log Shannon bird diversity,dimensionless,NA,NA,NA,TRUE,pointwise_fitted_mean,0.94999999999999996,2.0144668585477481,2.6621726751435073
Foliage_delta_unadjusted_gaussian,1,macarthur_1961,primary,unadjusted,logarithmic,2,157,22.347667994761341,ft,2.3402334593734535,natural-log Shannon bird diversity,dimensionless,NA,NA,NA,TRUE,pointwise_fitted_mean,0.94999999999999996,2.0156805845168324,2.6647863342300746
Foliage_delta_unadjusted_gaussian,1,macarthur_1961,primary,unadjusted,logarithmic,2,158,22.490168755230172,ft,2.3421349878673974,natural-log Shannon bird diversity,dimensionless,NA,NA,NA,TRUE,pointwise_fitted_mean,0.94999999999999996,2.0168847632928633,2.6673852124419315
Foliage_delta_unadjusted_gaussian,1,macarthur_1961,primary,unadjusted,logarithmic,2,159,22.632669515699003,ft,2.3440245059881373,natural-log Shannon bird diversity,dimensionless,NA,NA,NA,TRUE,pointwise_fitted_mean,0.94999999999999996,2.018079538629399,2.6699694733468755
Foliage_delta_unadjusted_gaussian,1,macarthur_1961,primary,unadjusted,logarithmic,2,160,22.775170276167831,ft,2.3459021645029665,natural-log Shannon bird diversity,dimensionless,NA,NA,NA,TRUE,pointwise_fitted_mean,0.94999999999999996,2.0192650511432193,2.6725392778627137
Foliage_delta_unadjusted_gaussian,1,macarthur_1961,primary,unadjusted,logarithmic,2,161,22.917671036636662,ft,2.347768111357984,natural-log Shannon bird diversity,dimensionless,NA,NA,NA,TRUE,pointwise_fitted_mean,0.94999999999999996,2.0204414384028646,2.6750947843131034
Foliage_delta_unadjusted_gaussian,1,macarthur_1961,primary,unadjusted,logarithmic,2,162,23.060171797105493,ft,2.3496224917480451,natural-log Shannon bird diversity,dimensionless,NA,NA,NA,TRUE,pointwise_fitted_mean,0.94999999999999996,2.021608835014133,2.6776361484819571
Foliage_delta_unadjusted_gaussian,1,macarthur_1961,primary,unadjusted,logarithmic,2,163,23.202672557574324,ft,2.3514654481845589,natural-log Shannon bird diversity,dimensionless,NA,NA,NA,TRUE,pointwise_fitted_mean,0.94999999999999996,2.0227673727026612,2.6801635236664567
Foliage_delta_unadjusted_gaussian,1,macarthur_1961,primary,unadjusted,logarithmic,2,164,23.345173318043155,ft,2.3532971205612103,natural-log Shannon bird diversity,dimensionless,NA,NA,NA,TRUE,pointwise_fitted_mean,0.94999999999999996,2.0239171803937048,2.6826770607287158
Foliage_delta_unadjusted_gaussian,1,macarthur_1961,primary,unadjusted,logarithmic,2,165,23.487674078511986,ft,2.3551176462176819,natural-log Shannon bird diversity,dimensionless,NA,NA,NA,TRUE,pointwise_fitted_mean,0.94999999999999996,2.0250583842892298,2.6851769081461341
Foliage_delta_unadjusted_gaussian,1,macarthur_1961,primary,unadjusted,logarithmic,2,166,23.630174838980817,ft,2.3569271600014461,natural-log Shannon bird diversity,dimensionless,NA,NA,NA,TRUE,pointwise_fitted_mean,0.94999999999999996,2.0261911079424193,2.6876632120604729
Foliage_delta_unadjusted_gaussian,1,macarthur_1961,primary,unadjusted,logarithmic,2,167,23.772675599449645,ft,2.3587257943277056,natural-log Shannon bird diversity,dimensionless,NA,NA,NA,TRUE,pointwise_fitted_mean,0.94999999999999996,2.0273154723297013,2.6901361163257098
Foliage_delta_unadjusted_gaussian,1,macarthur_1961,primary,unadjusted,logarithmic,2,168,23.915176359918476,ft,2.3605136792375356,natural-log Shannon bird diversity,dimensionless,NA,NA,NA,TRUE,pointwise_fitted_mean,0.94999999999999996,2.028431595920388,2.6925957625546832
Foliage_delta_unadjusted_gaussian,1,macarthur_1961,primary,unadjusted,logarithmic,2,169,24.057677120387307,ft,2.362290942454305,natural-log Shannon bird diversity,dimensionless,NA,NA,NA,TRUE,pointwise_fitted_mean,0.94999999999999996,2.0295395947440253,2.6950422901645847
Foliage_delta_unadjusted_gaussian,1,macarthur_1961,primary,unadjusted,logarithmic,2,170,24.200177880856138,ft,2.3640577094384283,natural-log Shannon bird diversity,dimensionless,NA,NA,NA,TRUE,pointwise_fitted_mean,0.94999999999999996,2.0306395824555379,2.6974758364213187
Foliage_delta_unadjusted_gaussian,1,macarthur_1961,primary,unadjusted,logarithmic,2,171,24.342678641324969,ft,2.3658141034405094,natural-log Shannon bird diversity,dimensionless,NA,NA,NA,TRUE,pointwise_fitted_mean,0.94999999999999996,2.0317316703982531,2.6998965364827656
Foliage_delta_unadjusted_gaussian,1,macarthur_1961,primary,unadjusted,logarithmic,2,172,24.4851794017938,ft,2.3675602455529368,natural-log Shannon bird diversity,dimensionless,NA,NA,NA,TRUE,pointwise_fitted_mean,0.94999999999999996,2.0328159676648863,2.7023045234409873
Foliage_delta_unadjusted_gaussian,1,macarthur_1961,primary,unadjusted,logarithmic,2,173,24.627680162262628,ft,2.3692962547599814,natural-log Shannon bird diversity,dimensionless,NA,NA,NA,TRUE,pointwise_fitted_mean,0.94999999999999996,2.0338925811565689,2.7046999283633939
Foliage_delta_unadjusted_gaussian,1,macarthur_1961,primary,unadjusted,logarithmic,2,174,24.770180922731459,ft,2.3710222479864473,natural-log Shannon bird diversity,dimensionless,NA,NA,NA,TRUE,pointwise_fitted_mean,0.94999999999999996,2.0349616156399826,2.7070828803329121
Foliage_delta_unadjusted_gaussian,1,macarthur_1961,primary,unadjusted,logarithmic,2,175,24.91268168320029,ft,2.3727383401449291,natural-log Shannon bird diversity,dimensionless,NA,NA,NA,TRUE,pointwise_fitted_mean,0.94999999999999996,2.0360231738026804,2.7094535064871779
Foliage_delta_unadjusted_gaussian,1,macarthur_1961,primary,unadjusted,logarithmic,2,176,25.055182443669121,ft,2.37444464418172,natural-log Shannon bird diversity,dimensionless,NA,NA,NA,TRUE,pointwise_fitted_mean,0.94999999999999996,2.0370773563066606,2.7118119320567793
Foliage_delta_unadjusted_gaussian,1,macarthur_1961,primary,unadjusted,logarithmic,2,177,25.197683204137952,ft,2.3761412711214187,natural-log Shannon bird diversity,dimensionless,NA,NA,NA,TRUE,pointwise_fitted_mean,0.94999999999999996,2.038124261840252,2.7141582804025854
Foliage_delta_unadjusted_gaussian,1,macarthur_1961,primary,unadjusted,logarithmic,2,178,25.340183964606783,ft,2.3778283301102796,natural-log Shannon bird diversity,dimensionless,NA,NA,NA,TRUE,pointwise_fitted_mean,0.94999999999999996,2.0391639871683811,2.7164926730521781
Foliage_delta_unadjusted_gaussian,1,macarthur_1961,primary,unadjusted,logarithmic,2,179,25.482684725075615,ft,2.3795059284583453,natural-log Shannon bird diversity,dimensionless,NA,NA,NA,TRUE,pointwise_fitted_mean,0.94999999999999996,2.0401966271812748,2.7188152297354158
Foliage_delta_unadjusted_gaussian,1,macarthur_1961,primary,unadjusted,logarithmic,2,180,25.625185485544442,ft,2.3811741716804051,natural-log Shannon bird diversity,dimensionless,NA,NA,NA,TRUE,pointwise_fitted_mean,0.94999999999999996,2.0412222749416578,2.7211260684191525
Foliage_delta_unadjusted_gaussian,1,macarthur_1961,primary,unadjusted,logarithmic,2,181,25.767686246013273,ft,2.3828331635358198,natural-log Shannon bird diversity,dimensionless,NA,NA,NA,TRUE,pointwise_fitted_mean,0.94999999999999996,2.0422410217305007,2.7234253053411388
Foliage_delta_unadjusted_gaussian,1,macarthur_1961,primary,unadjusted,logarithmic,2,182,25.910187006482104,ft,2.3844830060672457,natural-log Shannon bird diversity,dimensionless,NA,NA,NA,TRUE,pointwise_fitted_mean,0.94999999999999996,2.0432529570913687,2.7257130550431228
Foliage_delta_unadjusted_gaussian,1,macarthur_1961,primary,unadjusted,logarithmic,2,183,26.052687766950935,ft,2.3861237996382978,natural-log Shannon bird diversity,dimensionless,NA,NA,NA,TRUE,pointwise_fitted_mean,0.94999999999999996,2.0442581688734212,2.7279894304031744
Foliage_delta_unadjusted_gaussian,1,macarthur_1961,primary,unadjusted,logarithmic,2,184,26.195188527419766,ft,2.3877556429701845,natural-log Shannon bird diversity,dimensionless,NA,NA,NA,TRUE,pointwise_fitted_mean,0.94999999999999996,2.0452567432731108,2.7302545426672582
Foliage_delta_unadjusted_gaussian,1,macarthur_1961,primary,unadjusted,logarithmic,2,185,26.337689287888598,ft,2.3893786331773512,natural-log Shannon bird diversity,dimensionless,NA,NA,NA,TRUE,pointwise_fitted_mean,0.94999999999999996,2.0462487648746328,2.7325085014800696
Foliage_delta_unadjusted_gaussian,1,macarthur_1961,primary,unadjusted,logarithmic,2,186,26.480190048357429,ft,2.3909928658021609,natural-log Shannon bird diversity,dimensionless,NA,NA,NA,TRUE,pointwise_fitted_mean,0.94999999999999996,2.0472343166891593,2.7347514149151624
Foliage_delta_unadjusted_gaussian,1,macarthur_1961,primary,unadjusted,logarithmic,2,187,26.622690808826256,ft,2.3925984348486411,natural-log Shannon bird diversity,dimensionless,NA,NA,NA,TRUE,pointwise_fitted_mean,0.94999999999999996,2.0482134801929091,2.7369833895043731
Foliage_delta_unadjusted_gaussian,1,macarthur_1961,primary,unadjusted,logarithmic,2,188,26.765191569295087,ft,2.3941954328153363,natural-log Shannon bird diversity,dimensionless,NA,NA,NA,TRUE,pointwise_fitted_mean,0.94999999999999996,2.0491863353640913,2.7392045302665813
Foliage_delta_unadjusted_gaussian,1,macarthur_1961,primary,unadjusted,logarithmic,2,189,26.907692329763918,ft,2.3957839507272816,natural-log Shannon bird diversity,dimensionless,NA,NA,NA,TRUE,pointwise_fitted_mean,0.94999999999999996,2.0501529607187616,2.7414149407358015
Foliage_delta_unadjusted_gaussian,1,macarthur_1961,primary,unadjusted,logarithmic,2,190,27.050193090232749,ft,2.3973640781671373,natural-log Shannon bird diversity,dimensionless,NA,NA,NA,TRUE,pointwise_fitted_mean,0.94999999999999996,2.0511134333456282,2.7436147229886463
Foliage_delta_unadjusted_gaussian,1,macarthur_1961,primary,unadjusted,logarithmic,2,191,27.192693850701581,ft,2.3989359033055013,natural-log Shannon bird diversity,dimensionless,NA,NA,NA,TRUE,pointwise_fitted_mean,0.94999999999999996,2.0520678289398453,2.7458039776711574
Foliage_delta_unadjusted_gaussian,1,macarthur_1961,primary,unadjusted,logarithmic,2,192,27.335194611170412,ft,2.4004995129304332,natural-log Shannon bird diversity,dimensionless,NA,NA,NA,TRUE,pointwise_fitted_mean,0.94999999999999996,2.0530162218358265,2.7479828040250398
Foliage_delta_unadjusted_gaussian,1,macarthur_1961,primary,unadjusted,logarithmic,2,193,27.477695371639243,ft,2.4020549924762058,natural-log Shannon bird diversity,dimensionless,NA,NA,NA,TRUE,pointwise_fitted_mean,0.94999999999999996,2.0539586850391149,2.7501512999132967
Foliage_delta_unadjusted_gaussian,1,macarthur_1961,primary,unadjusted,logarithmic,2,194,27.62019613210807,ft,2.4036024260513202,natural-log Shannon bird diversity,dimensionless,NA,NA,NA,TRUE,pointwise_fitted_mean,0.94999999999999996,2.0548952902573387,2.7523095618453017
Foliage_delta_unadjusted_gaussian,1,macarthur_1961,primary,unadjusted,logarithmic,2,195,27.762696892576901,ft,2.4051418964657927,natural-log Shannon bird diversity,dimensionless,NA,NA,NA,TRUE,pointwise_fitted_mean,0.94999999999999996,2.0558261079302831,2.7544576850013023
Foliage_delta_unadjusted_gaussian,1,macarthur_1961,primary,unadjusted,logarithmic,2,196,27.905197653045732,ft,2.4066734852577465,natural-log Shannon bird diversity,dimensionless,NA,NA,NA,TRUE,pointwise_fitted_mean,0.94999999999999996,2.0567512072591101,2.7565957632563829
Foliage_delta_unadjusted_gaussian,1,macarthur_1961,primary,unadjusted,logarithmic,2,197,28.047698413514563,ft,2.4081972727193279,natural-log Shannon bird diversity,dimensionless,NA,NA,NA,TRUE,pointwise_fitted_mean,0.94999999999999996,2.0576706562347571,2.7587238892038988
Foliage_delta_unadjusted_gaussian,1,macarthur_1961,primary,unadjusted,logarithmic,2,198,28.190199173983395,ft,2.4097133379219629,natural-log Shannon bird diversity,dimensionless,NA,NA,NA,TRUE,pointwise_fitted_mean,0.94999999999999996,2.0585845216655319,2.7608421541783938
Foliage_delta_unadjusted_gaussian,1,macarthur_1961,primary,unadjusted,logarithmic,2,199,28.332699934452226,ft,2.4112217587409779,natural-log Shannon bird diversity,dimensionless,NA,NA,NA,TRUE,pointwise_fitted_mean,0.94999999999999996,2.0594928692039423,2.7629506482780135
Foliage_delta_unadjusted_gaussian,1,macarthur_1961,primary,unadjusted,logarithmic,2,200,28.475200694921053,ft,2.4127226118796021,natural-log Shannon bird diversity,dimensionless,NA,NA,NA,TRUE,pointwise_fitted_mean,0.94999999999999996,2.0603957633727767,2.7650494603864275
Foliage_delta_unadjusted_gaussian,1,macarthur_1961,primary,unadjusted,quadratic,3,1,0.11754936162377437,ft,1.1172659435122794,natural-log Shannon bird diversity,dimensionless,NA,NA,NA,FALSE,NA,NA,NA,NA
Foliage_delta_unadjusted_gaussian,1,macarthur_1961,primary,unadjusted,quadratic,3,2,0.26005012209260492,ft,1.1367619785400866,natural-log Shannon bird diversity,dimensionless,NA,NA,NA,FALSE,NA,NA,NA,NA
Foliage_delta_unadjusted_gaussian,1,macarthur_1961,primary,unadjusted,quadratic,3,3,0.40255088256143551,ft,1.1561187537840476,natural-log Shannon bird diversity,dimensionless,NA,NA,NA,FALSE,NA,NA,NA,NA
Foliage_delta_unadjusted_gaussian,1,macarthur_1961,primary,unadjusted,quadratic,3,4,0.5450516430302661,ft,1.1753362692441625,natural-log Shannon bird diversity,dimensionless,NA,NA,NA,FALSE,NA,NA,NA,NA
Foliage_delta_unadjusted_gaussian,1,macarthur_1961,primary,unadjusted,quadratic,3,5,0.68755240349909663,ft,1.194414524920431,natural-log Shannon bird diversity,dimensionless,NA,NA,NA,FALSE,NA,NA,NA,NA
Foliage_delta_unadjusted_gaussian,1,macarthur_1961,primary,unadjusted,quadratic,3,6,0.83005316396792717,ft,1.2133535208128534,natural-log Shannon bird diversity,dimensionless,NA,NA,NA,FALSE,NA,NA,NA,NA
Foliage_delta_unadjusted_gaussian,1,macarthur_1961,primary,unadjusted,quadratic,3,7,0.97255392443675781,ft,1.2321532569214297,natural-log Shannon bird diversity,dimensionless,NA,NA,NA,FALSE,NA,NA,NA,NA
Foliage_delta_unadjusted_gaussian,1,macarthur_1961,primary,unadjusted,quadratic,3,8,1.1150546849055882,ft,1.2508137332461597,natural-log Shannon bird diversity,dimensionless,NA,NA,NA,FALSE,NA,NA,NA,NA
Foliage_delta_unadjusted_gaussian,1,macarthur_1961,primary,unadjusted,quadratic,3,9,1.2575554453744189,ft,1.2693349497870439,natural-log Shannon bird diversity,dimensionless,NA,NA,NA,FALSE,NA,NA,NA,NA
Foliage_delta_unadjusted_gaussian,1,macarthur_1961,primary,unadjusted,quadratic,3,10,1.4000562058432495,ft,1.2877169065440817,natural-log Shannon bird diversity,dimensionless,NA,NA,NA,FALSE,NA,NA,NA,NA
Foliage_delta_unadjusted_gaussian,1,macarthur_1961,primary,unadjusted,quadratic,3,11,1.5425569663120799,ft,1.3059596035172731,natural-log Shannon bird diversity,dimensionless,NA,NA,NA,FALSE,NA,NA,NA,NA
Foliage_delta_unadjusted_gaussian,1,macarthur_1961,primary,unadjusted,quadratic,3,12,1.6850577267809106,ft,1.3240630407066183,natural-log Shannon bird diversity,dimensionless,NA,NA,NA,FALSE,NA,NA,NA,NA
Foliage_delta_unadjusted_gaussian,1,macarthur_1961,primary,unadjusted,quadratic,3,13,1.8275584872497412,ft,1.3420272181121176,natural-log Shannon bird diversity,dimensionless,NA,NA,NA,FALSE,NA,NA,NA,NA
Foliage_delta_unadjusted_gaussian,1,macarthur_1961,primary,unadjusted,quadratic,3,14,1.9700592477185717,ft,1.3598521357337703,natural-log Shannon bird diversity,dimensionless,NA,NA,NA,FALSE,NA,NA,NA,NA
Foliage_delta_unadjusted_gaussian,1,macarthur_1961,primary,unadjusted,quadratic,3,15,2.1125600081874021,ft,1.3775377935715771,natural-log Shannon bird diversity,dimensionless,NA,NA,NA,FALSE,NA,NA,NA,NA
Foliage_delta_unadjusted_gaussian,1,macarthur_1961,primary,unadjusted,quadratic,3,16,2.2550607686562327,ft,1.3950841916255377,natural-log Shannon bird diversity,dimensionless,NA,NA,NA,FALSE,NA,NA,NA,NA
Foliage_delta_unadjusted_gaussian,1,macarthur_1961,primary,unadjusted,quadratic,3,17,2.3975615291250634,ft,1.4124913298956518,natural-log Shannon bird diversity,dimensionless,NA,NA,NA,FALSE,NA,NA,NA,NA
Foliage_delta_unadjusted_gaussian,1,macarthur_1961,primary,unadjusted,quadratic,3,18,2.540062289593894,ft,1.4297592083819202,natural-log Shannon bird diversity,dimensionless,NA,NA,NA,FALSE,NA,NA,NA,NA
Foliage_delta_unadjusted_gaussian,1,macarthur_1961,primary,unadjusted,quadratic,3,19,2.6825630500627247,ft,1.4468878270843422,natural-log Shannon bird diversity,dimensionless,NA,NA,NA,FALSE,NA,NA,NA,NA
Foliage_delta_unadjusted_gaussian,1,macarthur_1961,primary,unadjusted,quadratic,3,20,2.8250638105315549,ft,1.4638771860029178,natural-log Shannon bird diversity,dimensionless,NA,NA,NA,FALSE,NA,NA,NA,NA
Foliage_delta_unadjusted_gaussian,1,macarthur_1961,primary,unadjusted,quadratic,3,21,2.9675645710003855,ft,1.4807272851376476,natural-log Shannon bird diversity,dimensionless,NA,NA,NA,FALSE,NA,NA,NA,NA
Foliage_delta_unadjusted_gaussian,1,macarthur_1961,primary,unadjusted,quadratic,3,22,3.1100653314692162,ft,1.4974381244885309,natural-log Shannon bird diversity,dimensionless,NA,NA,NA,FALSE,NA,NA,NA,NA
Foliage_delta_unadjusted_gaussian,1,macarthur_1961,primary,unadjusted,quadratic,3,23,3.2525660919380468,ft,1.5140097040555682,natural-log Shannon bird diversity,dimensionless,NA,NA,NA,FALSE,NA,NA,NA,NA
Foliage_delta_unadjusted_gaussian,1,macarthur_1961,primary,unadjusted,quadratic,3,24,3.3950668524068774,ft,1.530442023838759,natural-log Shannon bird diversity,dimensionless,NA,NA,NA,FALSE,NA,NA,NA,NA
Foliage_delta_unadjusted_gaussian,1,macarthur_1961,primary,unadjusted,quadratic,3,25,3.5375676128757081,ft,1.546735083838104,natural-log Shannon bird diversity,dimensionless,NA,NA,NA,FALSE,NA,NA,NA,NA
Foliage_delta_unadjusted_gaussian,1,macarthur_1961,primary,unadjusted,quadratic,3,26,3.6800683733445383,ft,1.5628888840536026,natural-log Shannon bird diversity,dimensionless,NA,NA,NA,FALSE,NA,NA,NA,NA
Foliage_delta_unadjusted_gaussian,1,macarthur_1961,primary,unadjusted,quadratic,3,27,3.8225691338133689,ft,1.5789034244852549,natural-log Shannon bird diversity,dimensionless,NA,NA,NA,FALSE,NA,NA,NA,NA
Foliage_delta_unadjusted_gaussian,1,macarthur_1961,primary,unadjusted,quadratic,3,28,3.9650698942821996,ft,1.5947787051330611,natural-log Shannon bird diversity,dimensionless,NA,NA,NA,FALSE,NA,NA,NA,NA
Foliage_delta_unadjusted_gaussian,1,macarthur_1961,primary,unadjusted,quadratic,3,29,4.1075706547510302,ft,1.6105147259970212,natural-log Shannon bird diversity,dimensionless,NA,NA,NA,FALSE,NA,NA,NA,NA
Foliage_delta_unadjusted_gaussian,1,macarthur_1961,primary,unadjusted,quadratic,3,30,4.2500714152198604,ft,1.6261114870771352,natural-log Shannon bird diversity,dimensionless,NA,NA,NA,FALSE,NA,NA,NA,NA
Foliage_delta_unadjusted_gaussian,1,macarthur_1961,primary,unadjusted,quadratic,3,31,4.3925721756886906,ft,1.6415689883734026,natural-log Shannon bird diversity,dimensionless,NA,NA,NA,FALSE,NA,NA,NA,NA
Foliage_delta_unadjusted_gaussian,1,macarthur_1961,primary,unadjusted,quadratic,3,32,4.5350729361575217,ft,1.6568872298858242,natural-log Shannon bird diversity,dimensionless,NA,NA,NA,FALSE,NA,NA,NA,NA
Foliage_delta_unadjusted_gaussian,1,macarthur_1961,primary,unadjusted,quadratic,3,33,4.6775736966263519,ft,1.6720662116143994,natural-log Shannon bird diversity,dimensionless,NA,NA,NA,FALSE,NA,NA,NA,NA
Foliage_delta_unadjusted_gaussian,1,macarthur_1961,primary,unadjusted,quadratic,3,34,4.8200744570951821,ft,1.6871059335591285,natural-log Shannon bird diversity,dimensionless,NA,NA,NA,FALSE,NA,NA,NA,NA
Foliage_delta_unadjusted_gaussian,1,macarthur_1961,primary,unadjusted,quadratic,3,35,4.9625752175640132,ft,1.7020063957200116,natural-log Shannon bird diversity,dimensionless,NA,NA,NA,FALSE,NA,NA,NA,NA
Foliage_delta_unadjusted_gaussian,1,macarthur_1961,primary,unadjusted,quadratic,3,36,5.1050759780328434,ft,1.716767598097048,natural-log Shannon bird diversity,dimensionless,NA,NA,NA,FALSE,NA,NA,NA,NA
Foliage_delta_unadjusted_gaussian,1,macarthur_1961,primary,unadjusted,quadratic,3,37,5.2475767385016745,ft,1.7313895406902389,natural-log Shannon bird diversity,dimensionless,NA,NA,NA,FALSE,NA,NA,NA,NA
Foliage_delta_unadjusted_gaussian,1,macarthur_1961,primary,unadjusted,quadratic,3,38,5.3900774989705047,ft,1.7458722234995832,natural-log Shannon bird diversity,dimensionless,NA,NA,NA,FALSE,NA,NA,NA,NA
Foliage_delta_unadjusted_gaussian,1,macarthur_1961,primary,unadjusted,quadratic,3,39,5.5325782594393349,ft,1.7602156465250811,natural-log Shannon bird diversity,dimensionless,NA,NA,NA,FALSE,NA,NA,NA,NA
Foliage_delta_unadjusted_gaussian,1,macarthur_1961,primary,unadjusted,quadratic,3,40,5.675079019908166,ft,1.7744198097667332,natural-log Shannon bird diversity,dimensionless,NA,NA,NA,FALSE,NA,NA,NA,NA
Foliage_delta_unadjusted_gaussian,1,macarthur_1961,primary,unadjusted,quadratic,3,41,5.8175797803769962,ft,1.7884847132245389,natural-log Shannon bird diversity,dimensionless,NA,NA,NA,FALSE,NA,NA,NA,NA
Foliage_delta_unadjusted_gaussian,1,macarthur_1961,primary,unadjusted,quadratic,3,42,5.9600805408458273,ft,1.8024103568984984,natural-log Shannon bird diversity,dimensionless,NA,NA,NA,FALSE,NA,NA,NA,NA
Foliage_delta_unadjusted_gaussian,1,macarthur_1961,primary,unadjusted,quadratic,3,43,6.1025813013146575,ft,1.8161967407886117,natural-log Shannon bird diversity,dimensionless,NA,NA,NA,FALSE,NA,NA,NA,NA
Foliage_delta_unadjusted_gaussian,1,macarthur_1961,primary,unadjusted,quadratic,3,44,6.2450820617834877,ft,1.8298438648948789,natural-log Shannon bird diversity,dimensionless,NA,NA,NA,FALSE,NA,NA,NA,NA
Foliage_delta_unadjusted_gaussian,1,macarthur_1961,primary,unadjusted,quadratic,3,45,6.3875828222523188,ft,1.8433517292172998,natural-log Shannon bird diversity,dimensionless,NA,NA,NA,FALSE,NA,NA,NA,NA
Foliage_delta_unadjusted_gaussian,1,macarthur_1961,primary,unadjusted,quadratic,3,46,6.530083582721149,ft,1.8567203337558746,natural-log Shannon bird diversity,dimensionless,NA,NA,NA,FALSE,NA,NA,NA,NA
Foliage_delta_unadjusted_gaussian,1,macarthur_1961,primary,unadjusted,quadratic,3,47,6.6725843431899801,ft,1.8699496785106033,natural-log Shannon bird diversity,dimensionless,NA,NA,NA,FALSE,NA,NA,NA,NA
Foliage_delta_unadjusted_gaussian,1,macarthur_1961,primary,unadjusted,quadratic,3,48,6.8150851036588103,ft,1.8830397634814855,natural-log Shannon bird diversity,dimensionless,NA,NA,NA,FALSE,NA,NA,NA,NA
Foliage_delta_unadjusted_gaussian,1,macarthur_1961,primary,unadjusted,quadratic,3,49,6.9575858641276414,ft,1.895990588668522,natural-log Shannon bird diversity,dimensionless,NA,NA,NA,FALSE,NA,NA,NA,NA
Foliage_delta_unadjusted_gaussian,1,macarthur_1961,primary,unadjusted,quadratic,3,50,7.1000866245964716,ft,1.9088021540717117,natural-log Shannon bird diversity,dimensionless,NA,NA,NA,FALSE,NA,NA,NA,NA
Foliage_delta_unadjusted_gaussian,1,macarthur_1961,primary,unadjusted,quadratic,3,51,7.2425873850653018,ft,1.9214744596910558,natural-log Shannon bird diversity,dimensionless,NA,NA,NA,FALSE,NA,NA,NA,NA
Foliage_delta_unadjusted_gaussian,1,macarthur_1961,primary,unadjusted,quadratic,3,52,7.3850881455341328,ft,1.9340075055265538,natural-log Shannon bird diversity,dimensionless,NA,NA,NA,FALSE,NA,NA,NA,NA
Foliage_delta_unadjusted_gaussian,1,macarthur_1961,primary,unadjusted,quadratic,3,53,7.527588906002963,ft,1.946401291578205,natural-log Shannon bird diversity,dimensionless,NA,NA,NA,FALSE,NA,NA,NA,NA
Foliage_delta_unadjusted_gaussian,1,macarthur_1961,primary,unadjusted,quadratic,3,54,7.6700896664717941,ft,1.9586558178460103,natural-log Shannon bird diversity,dimensionless,NA,NA,NA,FALSE,NA,NA,NA,NA
Foliage_delta_unadjusted_gaussian,1,macarthur_1961,primary,unadjusted,quadratic,3,55,7.8125904269406243,ft,1.9707710843299691,natural-log Shannon bird diversity,dimensionless,NA,NA,NA,FALSE,NA,NA,NA,NA
Foliage_delta_unadjusted_gaussian,1,macarthur_1961,primary,unadjusted,quadratic,3,56,7.9550911874094545,ft,1.9827470910300822,natural-log Shannon bird diversity,dimensionless,NA,NA,NA,FALSE,NA,NA,NA,NA
Foliage_delta_unadjusted_gaussian,1,macarthur_1961,primary,unadjusted,quadratic,3,57,8.0975919478782856,ft,1.9945838379463485,natural-log Shannon bird diversity,dimensionless,NA,NA,NA,FALSE,NA,NA,NA,NA
Foliage_delta_unadjusted_gaussian,1,macarthur_1961,primary,unadjusted,quadratic,3,58,8.2400927083471167,ft,2.0062813250787692,natural-log Shannon bird diversity,dimensionless,NA,NA,NA,FALSE,NA,NA,NA,NA
Foliage_delta_unadjusted_gaussian,1,macarthur_1961,primary,unadjusted,quadratic,3,59,8.3825934688159478,ft,2.0178395524273438,natural-log Shannon bird diversity,dimensionless,NA,NA,NA,FALSE,NA,NA,NA,NA
Foliage_delta_unadjusted_gaussian,1,macarthur_1961,primary,unadjusted,quadratic,3,60,8.5250942292847771,ft,2.0292585199920716,natural-log Shannon bird diversity,dimensionless,NA,NA,NA,FALSE,NA,NA,NA,NA
Foliage_delta_unadjusted_gaussian,1,macarthur_1961,primary,unadjusted,quadratic,3,61,8.6675949897536082,ft,2.040538227772954,natural-log Shannon bird diversity,dimensionless,NA,NA,NA,FALSE,NA,NA,NA,NA
Foliage_delta_unadjusted_gaussian,1,macarthur_1961,primary,unadjusted,quadratic,3,62,8.8100957502224393,ft,2.0516786757699892,natural-log Shannon bird diversity,dimensionless,NA,NA,NA,FALSE,NA,NA,NA,NA
Foliage_delta_unadjusted_gaussian,1,macarthur_1961,primary,unadjusted,quadratic,3,63,8.9525965106912704,ft,2.0626798639831789,natural-log Shannon bird diversity,dimensionless,NA,NA,NA,FALSE,NA,NA,NA,NA
Foliage_delta_unadjusted_gaussian,1,macarthur_1961,primary,unadjusted,quadratic,3,64,9.0950972711600997,ft,2.0735417924125223,natural-log Shannon bird diversity,dimensionless,NA,NA,NA,FALSE,NA,NA,NA,NA
Foliage_delta_unadjusted_gaussian,1,macarthur_1961,primary,unadjusted,quadratic,3,65,9.2375980316289308,ft,2.0842644610580194,natural-log Shannon bird diversity,dimensionless,NA,NA,NA,FALSE,NA,NA,NA,NA
Foliage_delta_unadjusted_gaussian,1,macarthur_1961,primary,unadjusted,quadratic,3,66,9.3800987920977619,ft,2.0948478699196706,natural-log Shannon bird diversity,dimensionless,NA,NA,NA,FALSE,NA,NA,NA,NA
Foliage_delta_unadjusted_gaussian,1,macarthur_1961,primary,unadjusted,quadratic,3,67,9.5225995525665912,ft,2.1052920189974751,natural-log Shannon bird diversity,dimensionless,NA,NA,NA,FALSE,NA,NA,NA,NA
Foliage_delta_unadjusted_gaussian,1,macarthur_1961,primary,unadjusted,quadratic,3,68,9.6651003130354223,ft,2.1155969082914337,natural-log Shannon bird diversity,dimensionless,NA,NA,NA,FALSE,NA,NA,NA,NA
Foliage_delta_unadjusted_gaussian,1,macarthur_1961,primary,unadjusted,quadratic,3,69,9.8076010735042534,ft,2.1257625378015459,natural-log Shannon bird diversity,dimensionless,NA,NA,NA,FALSE,NA,NA,NA,NA
Foliage_delta_unadjusted_gaussian,1,macarthur_1961,primary,unadjusted,quadratic,3,70,9.9501018339730845,ft,2.1357889075278123,natural-log Shannon bird diversity,dimensionless,NA,NA,NA,FALSE,NA,NA,NA,NA
Foliage_delta_unadjusted_gaussian,1,macarthur_1961,primary,unadjusted,quadratic,3,71,10.092602594441914,ft,2.1456760174702323,natural-log Shannon bird diversity,dimensionless,NA,NA,NA,FALSE,NA,NA,NA,NA
Foliage_delta_unadjusted_gaussian,1,macarthur_1961,primary,unadjusted,quadratic,3,72,10.235103354910745,ft,2.155423867628806,natural-log Shannon bird diversity,dimensionless,NA,NA,NA,FALSE,NA,NA,NA,NA
Foliage_delta_unadjusted_gaussian,1,macarthur_1961,primary,unadjusted,quadratic,3,73,10.377604115379576,ft,2.1650324580035334,natural-log Shannon bird diversity,dimensionless,NA,NA,NA,FALSE,NA,NA,NA,NA
Foliage_delta_unadjusted_gaussian,1,macarthur_1961,primary,unadjusted,quadratic,3,74,10.520104875848405,ft,2.1745017885944153,natural-log Shannon bird diversity,dimensionless,NA,NA,NA,FALSE,NA,NA,NA,NA
Foliage_delta_unadjusted_gaussian,1,macarthur_1961,primary,unadjusted,quadratic,3,75,10.662605636317236,ft,2.1838318594014501,natural-log Shannon bird diversity,dimensionless,NA,NA,NA,FALSE,NA,NA,NA,NA
Foliage_delta_unadjusted_gaussian,1,macarthur_1961,primary,unadjusted,quadratic,3,76,10.805106396786067,ft,2.1930226704246394,natural-log Shannon bird diversity,dimensionless,NA,NA,NA,FALSE,NA,NA,NA,NA
Foliage_delta_unadjusted_gaussian,1,macarthur_1961,primary,unadjusted,quadratic,3,77,10.947607157254897,ft,2.2020742216639819,natural-log Shannon bird diversity,dimensionless,NA,NA,NA,FALSE,NA,NA,NA,NA
Foliage_delta_unadjusted_gaussian,1,macarthur_1961,primary,unadjusted,quadratic,3,78,11.090107917723728,ft,2.210986513119479,natural-log Shannon bird diversity,dimensionless,NA,NA,NA,FALSE,NA,NA,NA,NA
Foliage_delta_unadjusted_gaussian,1,macarthur_1961,primary,unadjusted,quadratic,3,79,11.232608678192559,ft,2.2197595447911294,natural-log Shannon bird diversity,dimensionless,NA,NA,NA,FALSE,NA,NA,NA,NA
Foliage_delta_unadjusted_gaussian,1,macarthur_1961,primary,unadjusted,quadratic,3,80,11.37510943866139,ft,2.2283933166789334,natural-log Shannon bird diversity,dimensionless,NA,NA,NA,FALSE,NA,NA,NA,NA
Foliage_delta_unadjusted_gaussian,1,macarthur_1961,primary,unadjusted,quadratic,3,81,11.517610199130219,ft,2.2368878287828915,natural-log Shannon bird diversity,dimensionless,NA,NA,NA,FALSE,NA,NA,NA,NA
Foliage_delta_unadjusted_gaussian,1,macarthur_1961,primary,unadjusted,quadratic,3,82,11.66011095959905,ft,2.2452430811030033,natural-log Shannon bird diversity,dimensionless,NA,NA,NA,FALSE,NA,NA,NA,NA
Foliage_delta_unadjusted_gaussian,1,macarthur_1961,primary,unadjusted,quadratic,3,83,11.802611720067882,ft,2.2534590736392692,natural-log Shannon bird diversity,dimensionless,NA,NA,NA,FALSE,NA,NA,NA,NA
Foliage_delta_unadjusted_gaussian,1,macarthur_1961,primary,unadjusted,quadratic,3,84,11.945112480536711,ft,2.2615358063916888,natural-log Shannon bird diversity,dimensionless,NA,NA,NA,FALSE,NA,NA,NA,NA
Foliage_delta_unadjusted_gaussian,1,macarthur_1961,primary,unadjusted,quadratic,3,85,12.087613241005542,ft,2.2694732793602621,natural-log Shannon bird diversity,dimensionless,NA,NA,NA,FALSE,NA,NA,NA,NA
Foliage_delta_unadjusted_gaussian,1,macarthur_1961,primary,unadjusted,quadratic,3,86,12.230114001474373,ft,2.2772714925449891,natural-log Shannon bird diversity,dimensionless,NA,NA,NA,FALSE,NA,NA,NA,NA
Foliage_delta_unadjusted_gaussian,1,macarthur_1961,primary,unadjusted,quadratic,3,87,12.372614761943202,ft,2.2849304459458701,natural-log Shannon bird diversity,dimensionless,NA,NA,NA,FALSE,NA,NA,NA,NA
Foliage_delta_unadjusted_gaussian,1,macarthur_1961,primary,unadjusted,quadratic,3,88,12.515115522412033,ft,2.2924501395629044,natural-log Shannon bird diversity,dimensionless,NA,NA,NA,FALSE,NA,NA,NA,NA
Foliage_delta_unadjusted_gaussian,1,macarthur_1961,primary,unadjusted,quadratic,3,89,12.657616282880864,ft,2.2998305733960933,natural-log Shannon bird diversity,dimensionless,NA,NA,NA,FALSE,NA,NA,NA,NA
Foliage_delta_unadjusted_gaussian,1,macarthur_1961,primary,unadjusted,quadratic,3,90,12.800117043349696,ft,2.3070717474454359,natural-log Shannon bird diversity,dimensionless,NA,NA,NA,FALSE,NA,NA,NA,NA
Foliage_delta_unadjusted_gaussian,1,macarthur_1961,primary,unadjusted,quadratic,3,91,12.942617803818525,ft,2.3141736617109321,natural-log Shannon bird diversity,dimensionless,NA,NA,NA,FALSE,NA,NA,NA,NA
Foliage_delta_unadjusted_gaussian,1,macarthur_1961,primary,unadjusted,quadratic,3,92,13.085118564287356,ft,2.3211363161925815,natural-log Shannon bird diversity,dimensionless,NA,NA,NA,FALSE,NA,NA,NA,NA
Foliage_delta_unadjusted_gaussian,1,macarthur_1961,primary,unadjusted,quadratic,3,93,13.227619324756187,ft,2.3279597108903856,natural-log Shannon bird diversity,dimensionless,NA,NA,NA,FALSE,NA,NA,NA,NA
Foliage_delta_unadjusted_gaussian,1,macarthur_1961,primary,unadjusted,quadratic,3,94,13.370120085225016,ft,2.3346438458043428,natural-log Shannon bird diversity,dimensionless,NA,NA,NA,FALSE,NA,NA,NA,NA
Foliage_delta_unadjusted_gaussian,1,macarthur_1961,primary,unadjusted,quadratic,3,95,13.512620845693847,ft,2.3411887209344546,natural-log Shannon bird diversity,dimensionless,NA,NA,NA,FALSE,NA,NA,NA,NA
Foliage_delta_unadjusted_gaussian,1,macarthur_1961,primary,unadjusted,quadratic,3,96,13.655121606162679,ft,2.3475943362807197,natural-log Shannon bird diversity,dimensionless,NA,NA,NA,FALSE,NA,NA,NA,NA
Foliage_delta_unadjusted_gaussian,1,macarthur_1961,primary,unadjusted,quadratic,3,97,13.79762236663151,ft,2.3538606918431384,natural-log Shannon bird diversity,dimensionless,NA,NA,NA,FALSE,NA,NA,NA,NA
Foliage_delta_unadjusted_gaussian,1,macarthur_1961,primary,unadjusted,quadratic,3,98,13.940123127100339,ft,2.3599877876217117,natural-log Shannon bird diversity,dimensionless,NA,NA,NA,FALSE,NA,NA,NA,NA
Foliage_delta_unadjusted_gaussian,1,macarthur_1961,primary,unadjusted,quadratic,3,99,14.08262388756917,ft,2.3659756236164382,natural-log Shannon bird diversity,dimensionless,NA,NA,NA,FALSE,NA,NA,NA,NA
Foliage_delta_unadjusted_gaussian,1,macarthur_1961,primary,unadjusted,quadratic,3,100,14.225124648038001,ft,2.3718241998273188,natural-log Shannon bird diversity,dimensionless,NA,NA,NA,FALSE,NA,NA,NA,NA
Foliage_delta_unadjusted_gaussian,1,macarthur_1961,primary,unadjusted,quadratic,3,101,14.36762540850683,ft,2.3775335162543527,natural-log Shannon bird diversity,dimensionless,NA,NA,NA,FALSE,NA,NA,NA,NA
Foliage_delta_unadjusted_gaussian,1,macarthur_1961,primary,unadjusted,quadratic,3,102,14.510126168975662,ft,2.3831035728975412,natural-log Shannon bird diversity,dimensionless,NA,NA,NA,FALSE,NA,NA,NA,NA
Foliage_delta_unadjusted_gaussian,1,macarthur_1961,primary,unadjusted,quadratic,3,103,14.652626929444493,ft,2.3885343697568828,natural-log Shannon bird diversity,dimensionless,NA,NA,NA,FALSE,NA,NA,NA,NA
Foliage_delta_unadjusted_gaussian,1,macarthur_1961,primary,unadjusted,quadratic,3,104,14.795127689913322,ft,2.3938259068323786,natural-log Shannon bird diversity,dimensionless,NA,NA,NA,FALSE,NA,NA,NA,NA
Foliage_delta_unadjusted_gaussian,1,macarthur_1961,primary,unadjusted,quadratic,3,105,14.937628450382153,ft,2.3989781841240276,natural-log Shannon bird diversity,dimensionless,NA,NA,NA,FALSE,NA,NA,NA,NA
Foliage_delta_unadjusted_gaussian,1,macarthur_1961,primary,unadjusted,quadratic,3,106,15.080129210850984,ft,2.4039912016318312,natural-log Shannon bird diversity,dimensionless,NA,NA,NA,FALSE,NA,NA,NA,NA
Foliage_delta_unadjusted_gaussian,1,macarthur_1961,primary,unadjusted,quadratic,3,107,15.222629971319815,ft,2.4088649593557885,natural-log Shannon bird diversity,dimensionless,NA,NA,NA,FALSE,NA,NA,NA,NA
Foliage_delta_unadjusted_gaussian,1,macarthur_1961,primary,unadjusted,quadratic,3,108,15.365130731788645,ft,2.413599457295899,natural-log Shannon bird diversity,dimensionless,NA,NA,NA,FALSE,NA,NA,NA,NA
Foliage_delta_unadjusted_gaussian,1,macarthur_1961,primary,unadjusted,quadratic,3,109,15.507631492257476,ft,2.418194695452164,natural-log Shannon bird diversity,dimensionless,NA,NA,NA,FALSE,NA,NA,NA,NA
Foliage_delta_unadjusted_gaussian,1,macarthur_1961,primary,unadjusted,quadratic,3,110,15.650132252726307,ft,2.4226506738245823,natural-log Shannon bird diversity,dimensionless,NA,NA,NA,FALSE,NA,NA,NA,NA
Foliage_delta_unadjusted_gaussian,1,macarthur_1961,primary,unadjusted,quadratic,3,111,15.792633013195136,ft,2.4269673924131547,natural-log Shannon bird diversity,dimensionless,NA,NA,NA,FALSE,NA,NA,NA,NA
Foliage_delta_unadjusted_gaussian,1,macarthur_1961,primary,unadjusted,quadratic,3,112,15.935133773663967,ft,2.4311448512178808,natural-log Shannon bird diversity,dimensionless,NA,NA,NA,FALSE,NA,NA,NA,NA
Foliage_delta_unadjusted_gaussian,1,macarthur_1961,primary,unadjusted,quadratic,3,113,16.077634534132798,ft,2.435183050238761,natural-log Shannon bird diversity,dimensionless,NA,NA,NA,FALSE,NA,NA,NA,NA
Foliage_delta_unadjusted_gaussian,1,macarthur_1961,primary,unadjusted,quadratic,3,114,16.220135294601626,ft,2.4390819894757949,natural-log Shannon bird diversity,dimensionless,NA,NA,NA,FALSE,NA,NA,NA,NA
Foliage_delta_unadjusted_gaussian,1,macarthur_1961,primary,unadjusted,quadratic,3,115,16.362636055070457,ft,2.442841668928982,natural-log Shannon bird diversity,dimensionless,NA,NA,NA,FALSE,NA,NA,NA,NA
Foliage_delta_unadjusted_gaussian,1,macarthur_1961,primary,unadjusted,quadratic,3,116,16.505136815539288,ft,2.4464620885983233,natural-log Shannon bird diversity,dimensionless,NA,NA,NA,FALSE,NA,NA,NA,NA
Foliage_delta_unadjusted_gaussian,1,macarthur_1961,primary,unadjusted,quadratic,3,117,16.647637576008119,ft,2.4499432484838186,natural-log Shannon bird diversity,dimensionless,NA,NA,NA,FALSE,NA,NA,NA,NA
Foliage_delta_unadjusted_gaussian,1,macarthur_1961,primary,unadjusted,quadratic,3,118,16.79013833647695,ft,2.4532851485854676,natural-log Shannon bird diversity,dimensionless,NA,NA,NA,FALSE,NA,NA,NA,NA
Foliage_delta_unadjusted_gaussian,1,macarthur_1961,primary,unadjusted,quadratic,3,119,16.932639096945778,ft,2.4564877889032704,natural-log Shannon bird diversity,dimensionless,NA,NA,NA,FALSE,NA,NA,NA,NA
Foliage_delta_unadjusted_gaussian,1,macarthur_1961,primary,unadjusted,quadratic,3,120,17.075139857414609,ft,2.4595511694372272,natural-log Shannon bird diversity,dimensionless,NA,NA,NA,FALSE,NA,NA,NA,NA
Foliage_delta_unadjusted_gaussian,1,macarthur_1961,primary,unadjusted,quadratic,3,121,17.21764061788344,ft,2.4624752901873372,natural-log Shannon bird diversity,dimensionless,NA,NA,NA,FALSE,NA,NA,NA,NA
Foliage_delta_unadjusted_gaussian,1,macarthur_1961,primary,unadjusted,quadratic,3,122,17.360141378352271,ft,2.4652601511536014,natural-log Shannon bird diversity,dimensionless,NA,NA,NA,FALSE,NA,NA,NA,NA
Foliage_delta_unadjusted_gaussian,1,macarthur_1961,primary,unadjusted,quadratic,3,123,17.502642138821102,ft,2.4679057523360197,natural-log Shannon bird diversity,dimensionless,NA,NA,NA,FALSE,NA,NA,NA,NA
Foliage_delta_unadjusted_gaussian,1,macarthur_1961,primary,unadjusted,quadratic,3,124,17.645142899289933,ft,2.4704120937345917,natural-log Shannon bird diversity,dimensionless,NA,NA,NA,FALSE,NA,NA,NA,NA
Foliage_delta_unadjusted_gaussian,1,macarthur_1961,primary,unadjusted,quadratic,3,125,17.787643659758764,ft,2.4727791753493169,natural-log Shannon bird diversity,dimensionless,NA,NA,NA,FALSE,NA,NA,NA,NA
Foliage_delta_unadjusted_gaussian,1,macarthur_1961,primary,unadjusted,quadratic,3,126,17.930144420227592,ft,2.4750069971801967,natural-log Shannon bird diversity,dimensionless,NA,NA,NA,FALSE,NA,NA,NA,NA
Foliage_delta_unadjusted_gaussian,1,macarthur_1961,primary,unadjusted,quadratic,3,127,18.072645180696423,ft,2.4770955592272301,natural-log Shannon bird diversity,dimensionless,NA,NA,NA,FALSE,NA,NA,NA,NA
Foliage_delta_unadjusted_gaussian,1,macarthur_1961,primary,unadjusted,quadratic,3,128,18.215145941165254,ft,2.4790448614904168,natural-log Shannon bird diversity,dimensionless,NA,NA,NA,FALSE,NA,NA,NA,NA
Foliage_delta_unadjusted_gaussian,1,macarthur_1961,primary,unadjusted,quadratic,3,129,18.357646701634085,ft,2.4808549039697576,natural-log Shannon bird diversity,dimensionless,NA,NA,NA,FALSE,NA,NA,NA,NA
Foliage_delta_unadjusted_gaussian,1,macarthur_1961,primary,unadjusted,quadratic,3,130,18.500147462102916,ft,2.4825256866652525,natural-log Shannon bird diversity,dimensionless,NA,NA,NA,FALSE,NA,NA,NA,NA
Foliage_delta_unadjusted_gaussian,1,macarthur_1961,primary,unadjusted,quadratic,3,131,18.642648222571747,ft,2.4840572095769007,natural-log Shannon bird diversity,dimensionless,NA,NA,NA,FALSE,NA,NA,NA,NA
Foliage_delta_unadjusted_gaussian,1,macarthur_1961,primary,unadjusted,quadratic,3,132,18.785148983040578,ft,2.485449472704703,natural-log Shannon bird diversity,dimensionless,NA,NA,NA,FALSE,NA,NA,NA,NA
Foliage_delta_unadjusted_gaussian,1,macarthur_1961,primary,unadjusted,quadratic,3,133,18.927649743509406,ft,2.4867024760486593,natural-log Shannon bird diversity,dimensionless,NA,NA,NA,FALSE,NA,NA,NA,NA
Foliage_delta_unadjusted_gaussian,1,macarthur_1961,primary,unadjusted,quadratic,3,134,19.070150503978237,ft,2.487816219608769,natural-log Shannon bird diversity,dimensionless,NA,NA,NA,FALSE,NA,NA,NA,NA
Foliage_delta_unadjusted_gaussian,1,macarthur_1961,primary,unadjusted,quadratic,3,135,19.212651264447068,ft,2.4887907033850327,natural-log Shannon bird diversity,dimensionless,NA,NA,NA,FALSE,NA,NA,NA,NA
Foliage_delta_unadjusted_gaussian,1,macarthur_1961,primary,unadjusted,quadratic,3,136,19.355152024915899,ft,2.4896259273774506,natural-log Shannon bird diversity,dimensionless,NA,NA,NA,FALSE,NA,NA,NA,NA
Foliage_delta_unadjusted_gaussian,1,macarthur_1961,primary,unadjusted,quadratic,3,137,19.49765278538473,ft,2.4903218915860221,natural-log Shannon bird diversity,dimensionless,NA,NA,NA,FALSE,NA,NA,NA,NA
Foliage_delta_unadjusted_gaussian,1,macarthur_1961,primary,unadjusted,quadratic,3,138,19.640153545853561,ft,2.4908785960107469,natural-log Shannon bird diversity,dimensionless,NA,NA,NA,FALSE,NA,NA,NA,NA
Foliage_delta_unadjusted_gaussian,1,macarthur_1961,primary,unadjusted,quadratic,3,139,19.782654306322392,ft,2.4912960406516258,natural-log Shannon bird diversity,dimensionless,NA,NA,NA,FALSE,NA,NA,NA,NA
Foliage_delta_unadjusted_gaussian,1,macarthur_1961,primary,unadjusted,quadratic,3,140,19.92515506679122,ft,2.4915742255086588,natural-log Shannon bird diversity,dimensionless,NA,NA,NA,FALSE,NA,NA,NA,NA
Foliage_delta_unadjusted_gaussian,1,macarthur_1961,primary,unadjusted,quadratic,3,141,20.067655827260051,ft,2.4917131505818451,natural-log Shannon bird diversity,dimensionless,NA,NA,NA,FALSE,NA,NA,NA,NA
Foliage_delta_unadjusted_gaussian,1,macarthur_1961,primary,unadjusted,quadratic,3,142,20.210156587728882,ft,2.4917128158711854,natural-log Shannon bird diversity,dimensionless,NA,NA,NA,FALSE,NA,NA,NA,NA
Foliage_delta_unadjusted_gaussian,1,macarthur_1961,primary,unadjusted,quadratic,3,143,20.352657348197713,ft,2.4915732213766799,natural-log Shannon bird diversity,dimensionless,NA,NA,NA,FALSE,NA,NA,NA,NA
Foliage_delta_unadjusted_gaussian,1,macarthur_1961,primary,unadjusted,quadratic,3,144,20.495158108666544,ft,2.4912943670983276,natural-log Shannon bird diversity,dimensionless,NA,NA,NA,FALSE,NA,NA,NA,NA
Foliage_delta_unadjusted_gaussian,1,macarthur_1961,primary,unadjusted,quadratic,3,145,20.637658869135375,ft,2.4908762530361295,natural-log Shannon bird diversity,dimensionless,NA,NA,NA,FALSE,NA,NA,NA,NA
Foliage_delta_unadjusted_gaussian,1,macarthur_1961,primary,unadjusted,quadratic,3,146,20.780159629604203,ft,2.4903188791900854,natural-log Shannon bird diversity,dimensionless,NA,NA,NA,FALSE,NA,NA,NA,NA
Foliage_delta_unadjusted_gaussian,1,macarthur_1961,primary,unadjusted,quadratic,3,147,20.922660390073034,ft,2.4896222455601942,natural-log Shannon bird diversity,dimensionless,NA,NA,NA,FALSE,NA,NA,NA,NA
Foliage_delta_unadjusted_gaussian,1,macarthur_1961,primary,unadjusted,quadratic,3,148,21.065161150541865,ft,2.4887863521464584,natural-log Shannon bird diversity,dimensionless,NA,NA,NA,FALSE,NA,NA,NA,NA
Foliage_delta_unadjusted_gaussian,1,macarthur_1961,primary,unadjusted,quadratic,3,149,21.207661911010696,ft,2.4878111989488745,natural-log Shannon bird diversity,dimensionless,NA,NA,NA,FALSE,NA,NA,NA,NA
Foliage_delta_unadjusted_gaussian,1,macarthur_1961,primary,unadjusted,quadratic,3,150,21.350162671479527,ft,2.4866967859674456,natural-log Shannon bird diversity,dimensionless,NA,NA,NA,FALSE,NA,NA,NA,NA
Foliage_delta_unadjusted_gaussian,1,macarthur_1961,primary,unadjusted,quadratic,3,151,21.492663431948358,ft,2.4854431132021704,natural-log Shannon bird diversity,dimensionless,NA,NA,NA,FALSE,NA,NA,NA,NA
Foliage_delta_unadjusted_gaussian,1,macarthur_1961,primary,unadjusted,quadratic,3,152,21.635164192417189,ft,2.4840501806530488,natural-log Shannon bird diversity,dimensionless,NA,NA,NA,FALSE,NA,NA,NA,NA
Foliage_delta_unadjusted_gaussian,1,macarthur_1961,primary,unadjusted,quadratic,3,153,21.777664952886017,ft,2.482517988320081,natural-log Shannon bird diversity,dimensionless,NA,NA,NA,FALSE,NA,NA,NA,NA
Foliage_delta_unadjusted_gaussian,1,macarthur_1961,primary,unadjusted,quadratic,3,154,21.920165713354848,ft,2.4808465362032672,natural-log Shannon bird diversity,dimensionless,NA,NA,NA,FALSE,NA,NA,NA,NA
Foliage_delta_unadjusted_gaussian,1,macarthur_1961,primary,unadjusted,quadratic,3,155,22.062666473823679,ft,2.4790358243026072,natural-log Shannon bird diversity,dimensionless,NA,NA,NA,FALSE,NA,NA,NA,NA
Foliage_delta_unadjusted_gaussian,1,macarthur_1961,primary,unadjusted,quadratic,3,156,22.20516723429251,ft,2.4770858526181008,natural-log Shannon bird diversity,dimensionless,NA,NA,NA,FALSE,NA,NA,NA,NA
Foliage_delta_unadjusted_gaussian,1,macarthur_1961,primary,unadjusted,quadratic,3,157,22.347667994761341,ft,2.4749966211497485,natural-log Shannon bird diversity,dimensionless,NA,NA,NA,FALSE,NA,NA,NA,NA
Foliage_delta_unadjusted_gaussian,1,macarthur_1961,primary,unadjusted,quadratic,3,158,22.490168755230172,ft,2.4727681298975499,natural-log Shannon bird diversity,dimensionless,NA,NA,NA,FALSE,NA,NA,NA,NA
Foliage_delta_unadjusted_gaussian,1,macarthur_1961,primary,unadjusted,quadratic,3,159,22.632669515699003,ft,2.4704003788615045,natural-log Shannon bird diversity,dimensionless,NA,NA,NA,FALSE,NA,NA,NA,NA
Foliage_delta_unadjusted_gaussian,1,macarthur_1961,primary,unadjusted,quadratic,3,160,22.775170276167831,ft,2.4678933680416142,natural-log Shannon bird diversity,dimensionless,NA,NA,NA,FALSE,NA,NA,NA,NA
Foliage_delta_unadjusted_gaussian,1,macarthur_1961,primary,unadjusted,quadratic,3,161,22.917671036636662,ft,2.4652470974378771,natural-log Shannon bird diversity,dimensionless,NA,NA,NA,FALSE,NA,NA,NA,NA
Foliage_delta_unadjusted_gaussian,1,macarthur_1961,primary,unadjusted,quadratic,3,162,23.060171797105493,ft,2.4624615670502927,natural-log Shannon bird diversity,dimensionless,NA,NA,NA,FALSE,NA,NA,NA,NA
Foliage_delta_unadjusted_gaussian,1,macarthur_1961,primary,unadjusted,quadratic,3,163,23.202672557574324,ft,2.459536776878863,natural-log Shannon bird diversity,dimensionless,NA,NA,NA,FALSE,NA,NA,NA,NA
Foliage_delta_unadjusted_gaussian,1,macarthur_1961,primary,unadjusted,quadratic,3,164,23.345173318043155,ft,2.4564727269235873,natural-log Shannon bird diversity,dimensionless,NA,NA,NA,FALSE,NA,NA,NA,NA
Foliage_delta_unadjusted_gaussian,1,macarthur_1961,primary,unadjusted,quadratic,3,165,23.487674078511986,ft,2.4532694171844653,natural-log Shannon bird diversity,dimensionless,NA,NA,NA,FALSE,NA,NA,NA,NA
Foliage_delta_unadjusted_gaussian,1,macarthur_1961,primary,unadjusted,quadratic,3,166,23.630174838980817,ft,2.449926847661497,natural-log Shannon bird diversity,dimensionless,NA,NA,NA,FALSE,NA,NA,NA,NA
Foliage_delta_unadjusted_gaussian,1,macarthur_1961,primary,unadjusted,quadratic,3,167,23.772675599449645,ft,2.4464450183546824,natural-log Shannon bird diversity,dimensionless,NA,NA,NA,FALSE,NA,NA,NA,NA
Foliage_delta_unadjusted_gaussian,1,macarthur_1961,primary,unadjusted,quadratic,3,168,23.915176359918476,ft,2.4428239292640219,natural-log Shannon bird diversity,dimensionless,NA,NA,NA,FALSE,NA,NA,NA,NA
Foliage_delta_unadjusted_gaussian,1,macarthur_1961,primary,unadjusted,quadratic,3,169,24.057677120387307,ft,2.4390635803895155,natural-log Shannon bird diversity,dimensionless,NA,NA,NA,FALSE,NA,NA,NA,NA
Foliage_delta_unadjusted_gaussian,1,macarthur_1961,primary,unadjusted,quadratic,3,170,24.200177880856138,ft,2.4351639717311624,natural-log Shannon bird diversity,dimensionless,NA,NA,NA,FALSE,NA,NA,NA,NA
Foliage_delta_unadjusted_gaussian,1,macarthur_1961,primary,unadjusted,quadratic,3,171,24.342678641324969,ft,2.4311251032889634,natural-log Shannon bird diversity,dimensionless,NA,NA,NA,FALSE,NA,NA,NA,NA
Foliage_delta_unadjusted_gaussian,1,macarthur_1961,primary,unadjusted,quadratic,3,172,24.4851794017938,ft,2.4269469750629176,natural-log Shannon bird diversity,dimensionless,NA,NA,NA,FALSE,NA,NA,NA,NA
Foliage_delta_unadjusted_gaussian,1,macarthur_1961,primary,unadjusted,quadratic,3,173,24.627680162262628,ft,2.4226295870530263,natural-log Shannon bird diversity,dimensionless,NA,NA,NA,FALSE,NA,NA,NA,NA
Foliage_delta_unadjusted_gaussian,1,macarthur_1961,primary,unadjusted,quadratic,3,174,24.770180922731459,ft,2.4181729392592888,natural-log Shannon bird diversity,dimensionless,NA,NA,NA,FALSE,NA,NA,NA,NA
Foliage_delta_unadjusted_gaussian,1,macarthur_1961,primary,unadjusted,quadratic,3,175,24.91268168320029,ft,2.4135770316817045,natural-log Shannon bird diversity,dimensionless,NA,NA,NA,FALSE,NA,NA,NA,NA
Foliage_delta_unadjusted_gaussian,1,macarthur_1961,primary,unadjusted,quadratic,3,176,25.055182443669121,ft,2.4088418643202743,natural-log Shannon bird diversity,dimensionless,NA,NA,NA,FALSE,NA,NA,NA,NA
Foliage_delta_unadjusted_gaussian,1,macarthur_1961,primary,unadjusted,quadratic,3,177,25.197683204137952,ft,2.4039674371749982,natural-log Shannon bird diversity,dimensionless,NA,NA,NA,FALSE,NA,NA,NA,NA
Foliage_delta_unadjusted_gaussian,1,macarthur_1961,primary,unadjusted,quadratic,3,178,25.340183964606783,ft,2.3989537502458758,natural-log Shannon bird diversity,dimensionless,NA,NA,NA,FALSE,NA,NA,NA,NA
Foliage_delta_unadjusted_gaussian,1,macarthur_1961,primary,unadjusted,quadratic,3,179,25.482684725075615,ft,2.393800803532907,natural-log Shannon bird diversity,dimensionless,NA,NA,NA,FALSE,NA,NA,NA,NA
Foliage_delta_unadjusted_gaussian,1,macarthur_1961,primary,unadjusted,quadratic,3,180,25.625185485544442,ft,2.388508597036092,natural-log Shannon bird diversity,dimensionless,NA,NA,NA,FALSE,NA,NA,NA,NA
Foliage_delta_unadjusted_gaussian,1,macarthur_1961,primary,unadjusted,quadratic,3,181,25.767686246013273,ft,2.383077130755431,natural-log Shannon bird diversity,dimensionless,NA,NA,NA,FALSE,NA,NA,NA,NA
Foliage_delta_unadjusted_gaussian,1,macarthur_1961,primary,unadjusted,quadratic,3,182,25.910187006482104,ft,2.3775064046909238,natural-log Shannon bird diversity,dimensionless,NA,NA,NA,FALSE,NA,NA,NA,NA
Foliage_delta_unadjusted_gaussian,1,macarthur_1961,primary,unadjusted,quadratic,3,183,26.052687766950935,ft,2.3717964188425702,natural-log Shannon bird diversity,dimensionless,NA,NA,NA,FALSE,NA,NA,NA,NA
Foliage_delta_unadjusted_gaussian,1,macarthur_1961,primary,unadjusted,quadratic,3,184,26.195188527419766,ft,2.3659471732103707,natural-log Shannon bird diversity,dimensionless,NA,NA,NA,FALSE,NA,NA,NA,NA
Foliage_delta_unadjusted_gaussian,1,macarthur_1961,primary,unadjusted,quadratic,3,185,26.337689287888598,ft,2.3599586677943241,natural-log Shannon bird diversity,dimensionless,NA,NA,NA,FALSE,NA,NA,NA,NA
Foliage_delta_unadjusted_gaussian,1,macarthur_1961,primary,unadjusted,quadratic,3,186,26.480190048357429,ft,2.353830902594432,natural-log Shannon bird diversity,dimensionless,NA,NA,NA,FALSE,NA,NA,NA,NA
Foliage_delta_unadjusted_gaussian,1,macarthur_1961,primary,unadjusted,quadratic,3,187,26.622690808826256,ft,2.3475638776106944,natural-log Shannon bird diversity,dimensionless,NA,NA,NA,FALSE,NA,NA,NA,NA
Foliage_delta_unadjusted_gaussian,1,macarthur_1961,primary,unadjusted,quadratic,3,188,26.765191569295087,ft,2.3411575928431092,natural-log Shannon bird diversity,dimensionless,NA,NA,NA,FALSE,NA,NA,NA,NA
Foliage_delta_unadjusted_gaussian,1,macarthur_1961,primary,unadjusted,quadratic,3,189,26.907692329763918,ft,2.3346120482916786,natural-log Shannon bird diversity,dimensionless,NA,NA,NA,FALSE,NA,NA,NA,NA
Foliage_delta_unadjusted_gaussian,1,macarthur_1961,primary,unadjusted,quadratic,3,190,27.050193090232749,ft,2.327927243956402,natural-log Shannon bird diversity,dimensionless,NA,NA,NA,FALSE,NA,NA,NA,NA
Foliage_delta_unadjusted_gaussian,1,macarthur_1961,primary,unadjusted,quadratic,3,191,27.192693850701581,ft,2.3211031798372797,natural-log Shannon bird diversity,dimensionless,NA,NA,NA,FALSE,NA,NA,NA,NA
Foliage_delta_unadjusted_gaussian,1,macarthur_1961,primary,unadjusted,quadratic,3,192,27.335194611170412,ft,2.3141398559343105,natural-log Shannon bird diversity,dimensionless,NA,NA,NA,FALSE,NA,NA,NA,NA
Foliage_delta_unadjusted_gaussian,1,macarthur_1961,primary,unadjusted,quadratic,3,193,27.477695371639243,ft,2.307037272247495,natural-log Shannon bird diversity,dimensionless,NA,NA,NA,FALSE,NA,NA,NA,NA
Foliage_delta_unadjusted_gaussian,1,macarthur_1961,primary,unadjusted,quadratic,3,194,27.62019613210807,ft,2.2997954287768332,natural-log Shannon bird diversity,dimensionless,NA,NA,NA,FALSE,NA,NA,NA,NA
Foliage_delta_unadjusted_gaussian,1,macarthur_1961,primary,unadjusted,quadratic,3,195,27.762696892576901,ft,2.2924143255223255,natural-log Shannon bird diversity,dimensionless,NA,NA,NA,FALSE,NA,NA,NA,NA
Foliage_delta_unadjusted_gaussian,1,macarthur_1961,primary,unadjusted,quadratic,3,196,27.905197653045732,ft,2.2848939624839719,natural-log Shannon bird diversity,dimensionless,NA,NA,NA,FALSE,NA,NA,NA,NA
Foliage_delta_unadjusted_gaussian,1,macarthur_1961,primary,unadjusted,quadratic,3,197,28.047698413514563,ft,2.2772343396617716,natural-log Shannon bird diversity,dimensionless,NA,NA,NA,FALSE,NA,NA,NA,NA
Foliage_delta_unadjusted_gaussian,1,macarthur_1961,primary,unadjusted,quadratic,3,198,28.190199173983395,ft,2.2694354570557245,natural-log Shannon bird diversity,dimensionless,NA,NA,NA,FALSE,NA,NA,NA,NA
Foliage_delta_unadjusted_gaussian,1,macarthur_1961,primary,unadjusted,quadratic,3,199,28.332699934452226,ft,2.2614973146658319,natural-log Shannon bird diversity,dimensionless,NA,NA,NA,FALSE,NA,NA,NA,NA
Foliage_delta_unadjusted_gaussian,1,macarthur_1961,primary,unadjusted,quadratic,3,200,28.475200694921053,ft,2.2534199124920939,natural-log Shannon bird diversity,dimensionless,NA,NA,NA,FALSE,NA,NA,NA,NA
Foliage_delta_mean_foliage_height_gaussian,2,macarthur_1961,sensitivity,mean_foliage_height,linear,1,1,0.11754936162377437,ft,1.517007065793615,natural-log Shannon bird diversity,dimensionless,21.682085531954147,NA,NA,FALSE,NA,NA,NA,NA
Foliage_delta_mean_foliage_height_gaussian,2,macarthur_1961,sensitivity,mean_foliage_height,linear,1,2,0.26005012209260492,ft,1.5226809049493502,natural-log Shannon bird diversity,dimensionless,21.682085531954147,NA,NA,FALSE,NA,NA,NA,NA
Foliage_delta_mean_foliage_height_gaussian,2,macarthur_1961,sensitivity,mean_foliage_height,linear,1,3,0.40255088256143551,ft,1.5283547441050851,natural-log Shannon bird diversity,dimensionless,21.682085531954147,NA,NA,FALSE,NA,NA,NA,NA
Foliage_delta_mean_foliage_height_gaussian,2,macarthur_1961,sensitivity,mean_foliage_height,linear,1,4,0.5450516430302661,ft,1.53402858326082,natural-log Shannon bird diversity,dimensionless,21.682085531954147,NA,NA,FALSE,NA,NA,NA,NA
Foliage_delta_mean_foliage_height_gaussian,2,macarthur_1961,sensitivity,mean_foliage_height,linear,1,5,0.68755240349909663,ft,1.539702422416555,natural-log Shannon bird diversity,dimensionless,21.682085531954147,NA,NA,FALSE,NA,NA,NA,NA
Foliage_delta_mean_foliage_height_gaussian,2,macarthur_1961,sensitivity,mean_foliage_height,linear,1,6,0.83005316396792717,ft,1.5453762615722899,natural-log Shannon bird diversity,dimensionless,21.682085531954147,NA,NA,FALSE,NA,NA,NA,NA
Foliage_delta_mean_foliage_height_gaussian,2,macarthur_1961,sensitivity,mean_foliage_height,linear,1,7,0.97255392443675781,ft,1.5510501007280248,natural-log Shannon bird diversity,dimensionless,21.682085531954147,NA,NA,FALSE,NA,NA,NA,NA
Foliage_delta_mean_foliage_height_gaussian,2,macarthur_1961,sensitivity,mean_foliage_height,linear,1,8,1.1150546849055882,ft,1.55672393988376,natural-log Shannon bird diversity,dimensionless,21.682085531954147,NA,NA,FALSE,NA,NA,NA,NA
Foliage_delta_mean_foliage_height_gaussian,2,macarthur_1961,sensitivity,mean_foliage_height,linear,1,9,1.2575554453744189,ft,1.5623977790394949,natural-log Shannon bird diversity,dimensionless,21.682085531954147,NA,NA,FALSE,NA,NA,NA,NA
Foliage_delta_mean_foliage_height_gaussian,2,macarthur_1961,sensitivity,mean_foliage_height,linear,1,10,1.4000562058432495,ft,1.5680716181952299,natural-log Shannon bird diversity,dimensionless,21.682085531954147,NA,NA,FALSE,NA,NA,NA,NA
Foliage_delta_mean_foliage_height_gaussian,2,macarthur_1961,sensitivity,mean_foliage_height,linear,1,11,1.5425569663120799,ft,1.5737454573509648,natural-log Shannon bird diversity,dimensionless,21.682085531954147,NA,NA,FALSE,NA,NA,NA,NA
Foliage_delta_mean_foliage_height_gaussian,2,macarthur_1961,sensitivity,mean_foliage_height,linear,1,12,1.6850577267809106,ft,1.5794192965066998,natural-log Shannon bird diversity,dimensionless,21.682085531954147,NA,NA,FALSE,NA,NA,NA,NA
Foliage_delta_mean_foliage_height_gaussian,2,macarthur_1961,sensitivity,mean_foliage_height,linear,1,13,1.8275584872497412,ft,1.5850931356624347,natural-log Shannon bird diversity,dimensionless,21.682085531954147,NA,NA,FALSE,NA,NA,NA,NA
Foliage_delta_mean_foliage_height_gaussian,2,macarthur_1961,sensitivity,mean_foliage_height,linear,1,14,1.9700592477185717,ft,1.5907669748181699,natural-log Shannon bird diversity,dimensionless,21.682085531954147,NA,NA,FALSE,NA,NA,NA,NA
Foliage_delta_mean_foliage_height_gaussian,2,macarthur_1961,sensitivity,mean_foliage_height,linear,1,15,2.1125600081874021,ft,1.5964408139739048,natural-log Shannon bird diversity,dimensionless,21.682085531954147,NA,NA,FALSE,NA,NA,NA,NA
Foliage_delta_mean_foliage_height_gaussian,2,macarthur_1961,sensitivity,mean_foliage_height,linear,1,16,2.2550607686562327,ft,1.6021146531296397,natural-log Shannon bird diversity,dimensionless,21.682085531954147,NA,NA,FALSE,NA,NA,NA,NA
Foliage_delta_mean_foliage_height_gaussian,2,macarthur_1961,sensitivity,mean_foliage_height,linear,1,17,2.3975615291250634,ft,1.6077884922853747,natural-log Shannon bird diversity,dimensionless,21.682085531954147,NA,NA,FALSE,NA,NA,NA,NA
Foliage_delta_mean_foliage_height_gaussian,2,macarthur_1961,sensitivity,mean_foliage_height,linear,1,18,2.540062289593894,ft,1.6134623314411096,natural-log Shannon bird diversity,dimensionless,21.682085531954147,NA,NA,FALSE,NA,NA,NA,NA
Foliage_delta_mean_foliage_height_gaussian,2,macarthur_1961,sensitivity,mean_foliage_height,linear,1,19,2.6825630500627247,ft,1.6191361705968446,natural-log Shannon bird diversity,dimensionless,21.682085531954147,NA,NA,FALSE,NA,NA,NA,NA
Foliage_delta_mean_foliage_height_gaussian,2,macarthur_1961,sensitivity,mean_foliage_height,linear,1,20,2.8250638105315549,ft,1.6248100097525795,natural-log Shannon bird diversity,dimensionless,21.682085531954147,NA,NA,FALSE,NA,NA,NA,NA
Foliage_delta_mean_foliage_height_gaussian,2,macarthur_1961,sensitivity,mean_foliage_height,linear,1,21,2.9675645710003855,ft,1.6304838489083147,natural-log Shannon bird diversity,dimensionless,21.682085531954147,NA,NA,FALSE,NA,NA,NA,NA
Foliage_delta_mean_foliage_height_gaussian,2,macarthur_1961,sensitivity,mean_foliage_height,linear,1,22,3.1100653314692162,ft,1.6361576880640496,natural-log Shannon bird diversity,dimensionless,21.682085531954147,NA,NA,FALSE,NA,NA,NA,NA
Foliage_delta_mean_foliage_height_gaussian,2,macarthur_1961,sensitivity,mean_foliage_height,linear,1,23,3.2525660919380468,ft,1.6418315272197845,natural-log Shannon bird diversity,dimensionless,21.682085531954147,NA,NA,FALSE,NA,NA,NA,NA
Foliage_delta_mean_foliage_height_gaussian,2,macarthur_1961,sensitivity,mean_foliage_height,linear,1,24,3.3950668524068774,ft,1.6475053663755195,natural-log Shannon bird diversity,dimensionless,21.682085531954147,NA,NA,FALSE,NA,NA,NA,NA
Foliage_delta_mean_foliage_height_gaussian,2,macarthur_1961,sensitivity,mean_foliage_height,linear,1,25,3.5375676128757081,ft,1.6531792055312544,natural-log Shannon bird diversity,dimensionless,21.682085531954147,NA,NA,FALSE,NA,NA,NA,NA
Foliage_delta_mean_foliage_height_gaussian,2,macarthur_1961,sensitivity,mean_foliage_height,linear,1,26,3.6800683733445383,ft,1.6588530446869894,natural-log Shannon bird diversity,dimensionless,21.682085531954147,NA,NA,FALSE,NA,NA,NA,NA
Foliage_delta_mean_foliage_height_gaussian,2,macarthur_1961,sensitivity,mean_foliage_height,linear,1,27,3.8225691338133689,ft,1.6645268838427245,natural-log Shannon bird diversity,dimensionless,21.682085531954147,NA,NA,FALSE,NA,NA,NA,NA
Foliage_delta_mean_foliage_height_gaussian,2,macarthur_1961,sensitivity,mean_foliage_height,linear,1,28,3.9650698942821996,ft,1.6702007229984595,natural-log Shannon bird diversity,dimensionless,21.682085531954147,NA,NA,FALSE,NA,NA,NA,NA
Foliage_delta_mean_foliage_height_gaussian,2,macarthur_1961,sensitivity,mean_foliage_height,linear,1,29,4.1075706547510302,ft,1.6758745621541944,natural-log Shannon bird diversity,dimensionless,21.682085531954147,NA,NA,FALSE,NA,NA,NA,NA
Foliage_delta_mean_foliage_height_gaussian,2,macarthur_1961,sensitivity,mean_foliage_height,linear,1,30,4.2500714152198604,ft,1.6815484013099293,natural-log Shannon bird diversity,dimensionless,21.682085531954147,NA,NA,FALSE,NA,NA,NA,NA
Foliage_delta_mean_foliage_height_gaussian,2,macarthur_1961,sensitivity,mean_foliage_height,linear,1,31,4.3925721756886906,ft,1.6872222404656643,natural-log Shannon bird diversity,dimensionless,21.682085531954147,NA,NA,FALSE,NA,NA,NA,NA
Foliage_delta_mean_foliage_height_gaussian,2,macarthur_1961,sensitivity,mean_foliage_height,linear,1,32,4.5350729361575217,ft,1.6928960796213992,natural-log Shannon bird diversity,dimensionless,21.682085531954147,NA,NA,FALSE,NA,NA,NA,NA
Foliage_delta_mean_foliage_height_gaussian,2,macarthur_1961,sensitivity,mean_foliage_height,linear,1,33,4.6775736966263519,ft,1.6985699187771344,natural-log Shannon bird diversity,dimensionless,21.682085531954147,NA,NA,FALSE,NA,NA,NA,NA
Foliage_delta_mean_foliage_height_gaussian,2,macarthur_1961,sensitivity,mean_foliage_height,linear,1,34,4.8200744570951821,ft,1.7042437579328693,natural-log Shannon bird diversity,dimensionless,21.682085531954147,NA,NA,FALSE,NA,NA,NA,NA
Foliage_delta_mean_foliage_height_gaussian,2,macarthur_1961,sensitivity,mean_foliage_height,linear,1,35,4.9625752175640132,ft,1.7099175970886042,natural-log Shannon bird diversity,dimensionless,21.682085531954147,NA,NA,FALSE,NA,NA,NA,NA
Foliage_delta_mean_foliage_height_gaussian,2,macarthur_1961,sensitivity,mean_foliage_height,linear,1,36,5.1050759780328434,ft,1.7155914362443392,natural-log Shannon bird diversity,dimensionless,21.682085531954147,NA,NA,FALSE,NA,NA,NA,NA
Foliage_delta_mean_foliage_height_gaussian,2,macarthur_1961,sensitivity,mean_foliage_height,linear,1,37,5.2475767385016745,ft,1.7212652754000741,natural-log Shannon bird diversity,dimensionless,21.682085531954147,NA,NA,FALSE,NA,NA,NA,NA
Foliage_delta_mean_foliage_height_gaussian,2,macarthur_1961,sensitivity,mean_foliage_height,linear,1,38,5.3900774989705047,ft,1.7269391145558091,natural-log Shannon bird diversity,dimensionless,21.682085531954147,NA,NA,FALSE,NA,NA,NA,NA
Foliage_delta_mean_foliage_height_gaussian,2,macarthur_1961,sensitivity,mean_foliage_height,linear,1,39,5.5325782594393349,ft,1.732612953711544,natural-log Shannon bird diversity,dimensionless,21.682085531954147,NA,NA,FALSE,NA,NA,NA,NA
Foliage_delta_mean_foliage_height_gaussian,2,macarthur_1961,sensitivity,mean_foliage_height,linear,1,40,5.675079019908166,ft,1.7382867928672792,natural-log Shannon bird diversity,dimensionless,21.682085531954147,NA,NA,FALSE,NA,NA,NA,NA
Foliage_delta_mean_foliage_height_gaussian,2,macarthur_1961,sensitivity,mean_foliage_height,linear,1,41,5.8175797803769962,ft,1.7439606320230141,natural-log Shannon bird diversity,dimensionless,21.682085531954147,NA,NA,FALSE,NA,NA,NA,NA
Foliage_delta_mean_foliage_height_gaussian,2,macarthur_1961,sensitivity,mean_foliage_height,linear,1,42,5.9600805408458273,ft,1.749634471178749,natural-log Shannon bird diversity,dimensionless,21.682085531954147,NA,NA,FALSE,NA,NA,NA,NA
Foliage_delta_mean_foliage_height_gaussian,2,macarthur_1961,sensitivity,mean_foliage_height,linear,1,43,6.1025813013146575,ft,1.755308310334484,natural-log Shannon bird diversity,dimensionless,21.682085531954147,NA,NA,FALSE,NA,NA,NA,NA
Foliage_delta_mean_foliage_height_gaussian,2,macarthur_1961,sensitivity,mean_foliage_height,linear,1,44,6.2450820617834877,ft,1.7609821494902189,natural-log Shannon bird diversity,dimensionless,21.682085531954147,NA,NA,FALSE,NA,NA,NA,NA
Foliage_delta_mean_foliage_height_gaussian,2,macarthur_1961,sensitivity,mean_foliage_height,linear,1,45,6.3875828222523188,ft,1.7666559886459541,natural-log Shannon bird diversity,dimensionless,21.682085531954147,NA,NA,FALSE,NA,NA,NA,NA
Foliage_delta_mean_foliage_height_gaussian,2,macarthur_1961,sensitivity,mean_foliage_height,linear,1,46,6.530083582721149,ft,1.772329827801689,natural-log Shannon bird diversity,dimensionless,21.682085531954147,NA,NA,FALSE,NA,NA,NA,NA
Foliage_delta_mean_foliage_height_gaussian,2,macarthur_1961,sensitivity,mean_foliage_height,linear,1,47,6.6725843431899801,ft,1.778003666957424,natural-log Shannon bird diversity,dimensionless,21.682085531954147,NA,NA,FALSE,NA,NA,NA,NA
Foliage_delta_mean_foliage_height_gaussian,2,macarthur_1961,sensitivity,mean_foliage_height,linear,1,48,6.8150851036588103,ft,1.7836775061131589,natural-log Shannon bird diversity,dimensionless,21.682085531954147,NA,NA,FALSE,NA,NA,NA,NA
Foliage_delta_mean_foliage_height_gaussian,2,macarthur_1961,sensitivity,mean_foliage_height,linear,1,49,6.9575858641276414,ft,1.7893513452688938,natural-log Shannon bird diversity,dimensionless,21.682085531954147,NA,NA,FALSE,NA,NA,NA,NA
Foliage_delta_mean_foliage_height_gaussian,2,macarthur_1961,sensitivity,mean_foliage_height,linear,1,50,7.1000866245964716,ft,1.7950251844246288,natural-log Shannon bird diversity,dimensionless,21.682085531954147,NA,NA,FALSE,NA,NA,NA,NA
Foliage_delta_mean_foliage_height_gaussian,2,macarthur_1961,sensitivity,mean_foliage_height,linear,1,51,7.2425873850653018,ft,1.8006990235803637,natural-log Shannon bird diversity,dimensionless,21.682085531954147,NA,NA,FALSE,NA,NA,NA,NA
Foliage_delta_mean_foliage_height_gaussian,2,macarthur_1961,sensitivity,mean_foliage_height,linear,1,52,7.3850881455341328,ft,1.8063728627360989,natural-log Shannon bird diversity,dimensionless,21.682085531954147,NA,NA,FALSE,NA,NA,NA,NA
Foliage_delta_mean_foliage_height_gaussian,2,macarthur_1961,sensitivity,mean_foliage_height,linear,1,53,7.527588906002963,ft,1.8120467018918338,natural-log Shannon bird diversity,dimensionless,21.682085531954147,NA,NA,FALSE,NA,NA,NA,NA
Foliage_delta_mean_foliage_height_gaussian,2,macarthur_1961,sensitivity,mean_foliage_height,linear,1,54,7.6700896664717941,ft,1.8177205410475687,natural-log Shannon bird diversity,dimensionless,21.682085531954147,NA,NA,FALSE,NA,NA,NA,NA
Foliage_delta_mean_foliage_height_gaussian,2,macarthur_1961,sensitivity,mean_foliage_height,linear,1,55,7.8125904269406243,ft,1.8233943802033037,natural-log Shannon bird diversity,dimensionless,21.682085531954147,NA,NA,FALSE,NA,NA,NA,NA
Foliage_delta_mean_foliage_height_gaussian,2,macarthur_1961,sensitivity,mean_foliage_height,linear,1,56,7.9550911874094545,ft,1.8290682193590386,natural-log Shannon bird diversity,dimensionless,21.682085531954147,NA,NA,FALSE,NA,NA,NA,NA
Foliage_delta_mean_foliage_height_gaussian,2,macarthur_1961,sensitivity,mean_foliage_height,linear,1,57,8.0975919478782856,ft,1.8347420585147738,natural-log Shannon bird diversity,dimensionless,21.682085531954147,NA,NA,FALSE,NA,NA,NA,NA
Foliage_delta_mean_foliage_height_gaussian,2,macarthur_1961,sensitivity,mean_foliage_height,linear,1,58,8.2400927083471167,ft,1.8404158976705087,natural-log Shannon bird diversity,dimensionless,21.682085531954147,NA,NA,FALSE,NA,NA,NA,NA
Foliage_delta_mean_foliage_height_gaussian,2,macarthur_1961,sensitivity,mean_foliage_height,linear,1,59,8.3825934688159478,ft,1.8460897368262437,natural-log Shannon bird diversity,dimensionless,21.682085531954147,NA,NA,FALSE,NA,NA,NA,NA
Foliage_delta_mean_foliage_height_gaussian,2,macarthur_1961,sensitivity,mean_foliage_height,linear,1,60,8.5250942292847771,ft,1.8517635759819786,natural-log Shannon bird diversity,dimensionless,21.682085531954147,NA,NA,FALSE,NA,NA,NA,NA
Foliage_delta_mean_foliage_height_gaussian,2,macarthur_1961,sensitivity,mean_foliage_height,linear,1,61,8.6675949897536082,ft,1.8574374151377135,natural-log Shannon bird diversity,dimensionless,21.682085531954147,NA,NA,FALSE,NA,NA,NA,NA
Foliage_delta_mean_foliage_height_gaussian,2,macarthur_1961,sensitivity,mean_foliage_height,linear,1,62,8.8100957502224393,ft,1.8631112542934487,natural-log Shannon bird diversity,dimensionless,21.682085531954147,NA,NA,FALSE,NA,NA,NA,NA
Foliage_delta_mean_foliage_height_gaussian,2,macarthur_1961,sensitivity,mean_foliage_height,linear,1,63,8.9525965106912704,ft,1.8687850934491836,natural-log Shannon bird diversity,dimensionless,21.682085531954147,NA,NA,FALSE,NA,NA,NA,NA
Foliage_delta_mean_foliage_height_gaussian,2,macarthur_1961,sensitivity,mean_foliage_height,linear,1,64,9.0950972711600997,ft,1.8744589326049186,natural-log Shannon bird diversity,dimensionless,21.682085531954147,NA,NA,FALSE,NA,NA,NA,NA
Foliage_delta_mean_foliage_height_gaussian,2,macarthur_1961,sensitivity,mean_foliage_height,linear,1,65,9.2375980316289308,ft,1.8801327717606535,natural-log Shannon bird diversity,dimensionless,21.682085531954147,NA,NA,FALSE,NA,NA,NA,NA
Foliage_delta_mean_foliage_height_gaussian,2,macarthur_1961,sensitivity,mean_foliage_height,linear,1,66,9.3800987920977619,ft,1.8858066109163885,natural-log Shannon bird diversity,dimensionless,21.682085531954147,NA,NA,FALSE,NA,NA,NA,NA
Foliage_delta_mean_foliage_height_gaussian,2,macarthur_1961,sensitivity,mean_foliage_height,linear,1,67,9.5225995525665912,ft,1.8914804500721234,natural-log Shannon bird diversity,dimensionless,21.682085531954147,NA,NA,FALSE,NA,NA,NA,NA
Foliage_delta_mean_foliage_height_gaussian,2,macarthur_1961,sensitivity,mean_foliage_height,linear,1,68,9.6651003130354223,ft,1.8971542892278583,natural-log Shannon bird diversity,dimensionless,21.682085531954147,NA,NA,FALSE,NA,NA,NA,NA
Foliage_delta_mean_foliage_height_gaussian,2,macarthur_1961,sensitivity,mean_foliage_height,linear,1,69,9.8076010735042534,ft,1.9028281283835935,natural-log Shannon bird diversity,dimensionless,21.682085531954147,NA,NA,FALSE,NA,NA,NA,NA
Foliage_delta_mean_foliage_height_gaussian,2,macarthur_1961,sensitivity,mean_foliage_height,linear,1,70,9.9501018339730845,ft,1.9085019675393284,natural-log Shannon bird diversity,dimensionless,21.682085531954147,NA,NA,FALSE,NA,NA,NA,NA
Foliage_delta_mean_foliage_height_gaussian,2,macarthur_1961,sensitivity,mean_foliage_height,linear,1,71,10.092602594441914,ft,1.9141758066950634,natural-log Shannon bird diversity,dimensionless,21.682085531954147,NA,NA,FALSE,NA,NA,NA,NA
Foliage_delta_mean_foliage_height_gaussian,2,macarthur_1961,sensitivity,mean_foliage_height,linear,1,72,10.235103354910745,ft,1.9198496458507983,natural-log Shannon bird diversity,dimensionless,21.682085531954147,NA,NA,FALSE,NA,NA,NA,NA
Foliage_delta_mean_foliage_height_gaussian,2,macarthur_1961,sensitivity,mean_foliage_height,linear,1,73,10.377604115379576,ft,1.9255234850065333,natural-log Shannon bird diversity,dimensionless,21.682085531954147,NA,NA,FALSE,NA,NA,NA,NA
Foliage_delta_mean_foliage_height_gaussian,2,macarthur_1961,sensitivity,mean_foliage_height,linear,1,74,10.520104875848405,ft,1.9311973241622682,natural-log Shannon bird diversity,dimensionless,21.682085531954147,NA,NA,FALSE,NA,NA,NA,NA
Foliage_delta_mean_foliage_height_gaussian,2,macarthur_1961,sensitivity,mean_foliage_height,linear,1,75,10.662605636317236,ft,1.9368711633180034,natural-log Shannon bird diversity,dimensionless,21.682085531954147,NA,NA,FALSE,NA,NA,NA,NA
Foliage_delta_mean_foliage_height_gaussian,2,macarthur_1961,sensitivity,mean_foliage_height,linear,1,76,10.805106396786067,ft,1.9425450024737383,natural-log Shannon bird diversity,dimensionless,21.682085531954147,NA,NA,FALSE,NA,NA,NA,NA
Foliage_delta_mean_foliage_height_gaussian,2,macarthur_1961,sensitivity,mean_foliage_height,linear,1,77,10.947607157254897,ft,1.9482188416294732,natural-log Shannon bird diversity,dimensionless,21.682085531954147,NA,NA,FALSE,NA,NA,NA,NA
Foliage_delta_mean_foliage_height_gaussian,2,macarthur_1961,sensitivity,mean_foliage_height,linear,1,78,11.090107917723728,ft,1.9538926807852082,natural-log Shannon bird diversity,dimensionless,21.682085531954147,NA,NA,FALSE,NA,NA,NA,NA
Foliage_delta_mean_foliage_height_gaussian,2,macarthur_1961,sensitivity,mean_foliage_height,linear,1,79,11.232608678192559,ft,1.9595665199409431,natural-log Shannon bird diversity,dimensionless,21.682085531954147,NA,NA,FALSE,NA,NA,NA,NA
Foliage_delta_mean_foliage_height_gaussian,2,macarthur_1961,sensitivity,mean_foliage_height,linear,1,80,11.37510943866139,ft,1.9652403590966783,natural-log Shannon bird diversity,dimensionless,21.682085531954147,NA,NA,FALSE,NA,NA,NA,NA
Foliage_delta_mean_foliage_height_gaussian,2,macarthur_1961,sensitivity,mean_foliage_height,linear,1,81,11.517610199130219,ft,1.9709141982524132,natural-log Shannon bird diversity,dimensionless,21.682085531954147,NA,NA,FALSE,NA,NA,NA,NA
Foliage_delta_mean_foliage_height_gaussian,2,macarthur_1961,sensitivity,mean_foliage_height,linear,1,82,11.66011095959905,ft,1.9765880374081481,natural-log Shannon bird diversity,dimensionless,21.682085531954147,NA,NA,FALSE,NA,NA,NA,NA
Foliage_delta_mean_foliage_height_gaussian,2,macarthur_1961,sensitivity,mean_foliage_height,linear,1,83,11.802611720067882,ft,1.9822618765638831,natural-log Shannon bird diversity,dimensionless,21.682085531954147,NA,NA,FALSE,NA,NA,NA,NA
Foliage_delta_mean_foliage_height_gaussian,2,macarthur_1961,sensitivity,mean_foliage_height,linear,1,84,11.945112480536711,ft,1.987935715719618,natural-log Shannon bird diversity,dimensionless,21.682085531954147,NA,NA,FALSE,NA,NA,NA,NA
Foliage_delta_mean_foliage_height_gaussian,2,macarthur_1961,sensitivity,mean_foliage_height,linear,1,85,12.087613241005542,ft,1.993609554875353,natural-log Shannon bird diversity,dimensionless,21.682085531954147,NA,NA,FALSE,NA,NA,NA,NA
Foliage_delta_mean_foliage_height_gaussian,2,macarthur_1961,sensitivity,mean_foliage_height,linear,1,86,12.230114001474373,ft,1.9992833940310881,natural-log Shannon bird diversity,dimensionless,21.682085531954147,NA,NA,FALSE,NA,NA,NA,NA
Foliage_delta_mean_foliage_height_gaussian,2,macarthur_1961,sensitivity,mean_foliage_height,linear,1,87,12.372614761943202,ft,2.0049572331868228,natural-log Shannon bird diversity,dimensionless,21.682085531954147,NA,NA,FALSE,NA,NA,NA,NA
Foliage_delta_mean_foliage_height_gaussian,2,macarthur_1961,sensitivity,mean_foliage_height,linear,1,88,12.515115522412033,ft,2.0106310723425578,natural-log Shannon bird diversity,dimensionless,21.682085531954147,NA,NA,FALSE,NA,NA,NA,NA
Foliage_delta_mean_foliage_height_gaussian,2,macarthur_1961,sensitivity,mean_foliage_height,linear,1,89,12.657616282880864,ft,2.0163049114982932,natural-log Shannon bird diversity,dimensionless,21.682085531954147,NA,NA,FALSE,NA,NA,NA,NA
Foliage_delta_mean_foliage_height_gaussian,2,macarthur_1961,sensitivity,mean_foliage_height,linear,1,90,12.800117043349696,ft,2.0219787506540281,natural-log Shannon bird diversity,dimensionless,21.682085531954147,NA,NA,FALSE,NA,NA,NA,NA
Foliage_delta_mean_foliage_height_gaussian,2,macarthur_1961,sensitivity,mean_foliage_height,linear,1,91,12.942617803818525,ft,2.027652589809763,natural-log Shannon bird diversity,dimensionless,21.682085531954147,NA,NA,FALSE,NA,NA,NA,NA
Foliage_delta_mean_foliage_height_gaussian,2,macarthur_1961,sensitivity,mean_foliage_height,linear,1,92,13.085118564287356,ft,2.033326428965498,natural-log Shannon bird diversity,dimensionless,21.682085531954147,NA,NA,FALSE,NA,NA,NA,NA
Foliage_delta_mean_foliage_height_gaussian,2,macarthur_1961,sensitivity,mean_foliage_height,linear,1,93,13.227619324756187,ft,2.0390002681212329,natural-log Shannon bird diversity,dimensionless,21.682085531954147,NA,NA,FALSE,NA,NA,NA,NA
Foliage_delta_mean_foliage_height_gaussian,2,macarthur_1961,sensitivity,mean_foliage_height,linear,1,94,13.370120085225016,ft,2.0446741072769679,natural-log Shannon bird diversity,dimensionless,21.682085531954147,NA,NA,FALSE,NA,NA,NA,NA
Foliage_delta_mean_foliage_height_gaussian,2,macarthur_1961,sensitivity,mean_foliage_height,linear,1,95,13.512620845693847,ft,2.0503479464327028,natural-log Shannon bird diversity,dimensionless,21.682085531954147,NA,NA,FALSE,NA,NA,NA,NA
Foliage_delta_mean_foliage_height_gaussian,2,macarthur_1961,sensitivity,mean_foliage_height,linear,1,96,13.655121606162679,ft,2.0560217855884377,natural-log Shannon bird diversity,dimensionless,21.682085531954147,NA,NA,FALSE,NA,NA,NA,NA
Foliage_delta_mean_foliage_height_gaussian,2,macarthur_1961,sensitivity,mean_foliage_height,linear,1,97,13.79762236663151,ft,2.0616956247441727,natural-log Shannon bird diversity,dimensionless,21.682085531954147,NA,NA,FALSE,NA,NA,NA,NA
Foliage_delta_mean_foliage_height_gaussian,2,macarthur_1961,sensitivity,mean_foliage_height,linear,1,98,13.940123127100339,ft,2.0673694638999076,natural-log Shannon bird diversity,dimensionless,21.682085531954147,NA,NA,FALSE,NA,NA,NA,NA
Foliage_delta_mean_foliage_height_gaussian,2,macarthur_1961,sensitivity,mean_foliage_height,linear,1,99,14.08262388756917,ft,2.0730433030556425,natural-log Shannon bird diversity,dimensionless,21.682085531954147,NA,NA,FALSE,NA,NA,NA,NA
Foliage_delta_mean_foliage_height_gaussian,2,macarthur_1961,sensitivity,mean_foliage_height,linear,1,100,14.225124648038001,ft,2.0787171422113775,natural-log Shannon bird diversity,dimensionless,21.682085531954147,NA,NA,FALSE,NA,NA,NA,NA
Foliage_delta_mean_foliage_height_gaussian,2,macarthur_1961,sensitivity,mean_foliage_height,linear,1,101,14.36762540850683,ft,2.0843909813671124,natural-log Shannon bird diversity,dimensionless,21.682085531954147,NA,NA,FALSE,NA,NA,NA,NA
Foliage_delta_mean_foliage_height_gaussian,2,macarthur_1961,sensitivity,mean_foliage_height,linear,1,102,14.510126168975662,ft,2.0900648205228478,natural-log Shannon bird diversity,dimensionless,21.682085531954147,NA,NA,FALSE,NA,NA,NA,NA
Foliage_delta_mean_foliage_height_gaussian,2,macarthur_1961,sensitivity,mean_foliage_height,linear,1,103,14.652626929444493,ft,2.0957386596785827,natural-log Shannon bird diversity,dimensionless,21.682085531954147,NA,NA,FALSE,NA,NA,NA,NA
Foliage_delta_mean_foliage_height_gaussian,2,macarthur_1961,sensitivity,mean_foliage_height,linear,1,104,14.795127689913322,ft,2.1014124988343177,natural-log Shannon bird diversity,dimensionless,21.682085531954147,NA,NA,FALSE,NA,NA,NA,NA
Foliage_delta_mean_foliage_height_gaussian,2,macarthur_1961,sensitivity,mean_foliage_height,linear,1,105,14.937628450382153,ft,2.1070863379900526,natural-log Shannon bird diversity,dimensionless,21.682085531954147,NA,NA,FALSE,NA,NA,NA,NA
Foliage_delta_mean_foliage_height_gaussian,2,macarthur_1961,sensitivity,mean_foliage_height,linear,1,106,15.080129210850984,ft,2.1127601771457876,natural-log Shannon bird diversity,dimensionless,21.682085531954147,NA,NA,FALSE,NA,NA,NA,NA
Foliage_delta_mean_foliage_height_gaussian,2,macarthur_1961,sensitivity,mean_foliage_height,linear,1,107,15.222629971319815,ft,2.1184340163015225,natural-log Shannon bird diversity,dimensionless,21.682085531954147,NA,NA,FALSE,NA,NA,NA,NA
Foliage_delta_mean_foliage_height_gaussian,2,macarthur_1961,sensitivity,mean_foliage_height,linear,1,108,15.365130731788645,ft,2.1241078554572574,natural-log Shannon bird diversity,dimensionless,21.682085531954147,NA,NA,FALSE,NA,NA,NA,NA
Foliage_delta_mean_foliage_height_gaussian,2,macarthur_1961,sensitivity,mean_foliage_height,linear,1,109,15.507631492257476,ft,2.1297816946129924,natural-log Shannon bird diversity,dimensionless,21.682085531954147,NA,NA,FALSE,NA,NA,NA,NA
Foliage_delta_mean_foliage_height_gaussian,2,macarthur_1961,sensitivity,mean_foliage_height,linear,1,110,15.650132252726307,ft,2.1354555337687273,natural-log Shannon bird diversity,dimensionless,21.682085531954147,NA,NA,FALSE,NA,NA,NA,NA
Foliage_delta_mean_foliage_height_gaussian,2,macarthur_1961,sensitivity,mean_foliage_height,linear,1,111,15.792633013195136,ft,2.1411293729244623,natural-log Shannon bird diversity,dimensionless,21.682085531954147,NA,NA,FALSE,NA,NA,NA,NA
Foliage_delta_mean_foliage_height_gaussian,2,macarthur_1961,sensitivity,mean_foliage_height,linear,1,112,15.935133773663967,ft,2.1468032120801972,natural-log Shannon bird diversity,dimensionless,21.682085531954147,NA,NA,FALSE,NA,NA,NA,NA
Foliage_delta_mean_foliage_height_gaussian,2,macarthur_1961,sensitivity,mean_foliage_height,linear,1,113,16.077634534132798,ft,2.1524770512359326,natural-log Shannon bird diversity,dimensionless,21.682085531954147,NA,NA,FALSE,NA,NA,NA,NA
Foliage_delta_mean_foliage_height_gaussian,2,macarthur_1961,sensitivity,mean_foliage_height,linear,1,114,16.220135294601626,ft,2.1581508903916671,natural-log Shannon bird diversity,dimensionless,21.682085531954147,NA,NA,FALSE,NA,NA,NA,NA
Foliage_delta_mean_foliage_height_gaussian,2,macarthur_1961,sensitivity,mean_foliage_height,linear,1,115,16.362636055070457,ft,2.163824729547402,natural-log Shannon bird diversity,dimensionless,21.682085531954147,NA,NA,FALSE,NA,NA,NA,NA
Foliage_delta_mean_foliage_height_gaussian,2,macarthur_1961,sensitivity,mean_foliage_height,linear,1,116,16.505136815539288,ft,2.1694985687031374,natural-log Shannon bird diversity,dimensionless,21.682085531954147,NA,NA,FALSE,NA,NA,NA,NA
Foliage_delta_mean_foliage_height_gaussian,2,macarthur_1961,sensitivity,mean_foliage_height,linear,1,117,16.647637576008119,ft,2.1751724078588723,natural-log Shannon bird diversity,dimensionless,21.682085531954147,NA,NA,FALSE,NA,NA,NA,NA
Foliage_delta_mean_foliage_height_gaussian,2,macarthur_1961,sensitivity,mean_foliage_height,linear,1,118,16.79013833647695,ft,2.1808462470146073,natural-log Shannon bird diversity,dimensionless,21.682085531954147,NA,NA,FALSE,NA,NA,NA,NA
Foliage_delta_mean_foliage_height_gaussian,2,macarthur_1961,sensitivity,mean_foliage_height,linear,1,119,16.932639096945778,ft,2.1865200861703422,natural-log Shannon bird diversity,dimensionless,21.682085531954147,NA,NA,FALSE,NA,NA,NA,NA
Foliage_delta_mean_foliage_height_gaussian,2,macarthur_1961,sensitivity,mean_foliage_height,linear,1,120,17.075139857414609,ft,2.1921939253260772,natural-log Shannon bird diversity,dimensionless,21.682085531954147,NA,NA,FALSE,NA,NA,NA,NA
Foliage_delta_mean_foliage_height_gaussian,2,macarthur_1961,sensitivity,mean_foliage_height,linear,1,121,17.21764061788344,ft,2.1978677644818121,natural-log Shannon bird diversity,dimensionless,21.682085531954147,NA,NA,FALSE,NA,NA,NA,NA
Foliage_delta_mean_foliage_height_gaussian,2,macarthur_1961,sensitivity,mean_foliage_height,linear,1,122,17.360141378352271,ft,2.203541603637547,natural-log Shannon bird diversity,dimensionless,21.682085531954147,NA,NA,FALSE,NA,NA,NA,NA
Foliage_delta_mean_foliage_height_gaussian,2,macarthur_1961,sensitivity,mean_foliage_height,linear,1,123,17.502642138821102,ft,2.209215442793282,natural-log Shannon bird diversity,dimensionless,21.682085531954147,NA,NA,FALSE,NA,NA,NA,NA
Foliage_delta_mean_foliage_height_gaussian,2,macarthur_1961,sensitivity,mean_foliage_height,linear,1,124,17.645142899289933,ft,2.2148892819490169,natural-log Shannon bird diversity,dimensionless,21.682085531954147,NA,NA,FALSE,NA,NA,NA,NA
Foliage_delta_mean_foliage_height_gaussian,2,macarthur_1961,sensitivity,mean_foliage_height,linear,1,125,17.787643659758764,ft,2.2205631211047518,natural-log Shannon bird diversity,dimensionless,21.682085531954147,NA,NA,FALSE,NA,NA,NA,NA
Foliage_delta_mean_foliage_height_gaussian,2,macarthur_1961,sensitivity,mean_foliage_height,linear,1,126,17.930144420227592,ft,2.2262369602604868,natural-log Shannon bird diversity,dimensionless,21.682085531954147,NA,NA,FALSE,NA,NA,NA,NA
Foliage_delta_mean_foliage_height_gaussian,2,macarthur_1961,sensitivity,mean_foliage_height,linear,1,127,18.072645180696423,ft,2.2319107994162217,natural-log Shannon bird diversity,dimensionless,21.682085531954147,NA,NA,FALSE,NA,NA,NA,NA
Foliage_delta_mean_foliage_height_gaussian,2,macarthur_1961,sensitivity,mean_foliage_height,linear,1,128,18.215145941165254,ft,2.2375846385719571,natural-log Shannon bird diversity,dimensionless,21.682085531954147,NA,NA,FALSE,NA,NA,NA,NA
Foliage_delta_mean_foliage_height_gaussian,2,macarthur_1961,sensitivity,mean_foliage_height,linear,1,129,18.357646701634085,ft,2.243258477727692,natural-log Shannon bird diversity,dimensionless,21.682085531954147,NA,NA,FALSE,NA,NA,NA,NA
Foliage_delta_mean_foliage_height_gaussian,2,macarthur_1961,sensitivity,mean_foliage_height,linear,1,130,18.500147462102916,ft,2.248932316883427,natural-log Shannon bird diversity,dimensionless,21.682085531954147,NA,NA,FALSE,NA,NA,NA,NA
Foliage_delta_mean_foliage_height_gaussian,2,macarthur_1961,sensitivity,mean_foliage_height,linear,1,131,18.642648222571747,ft,2.2546061560391619,natural-log Shannon bird diversity,dimensionless,21.682085531954147,NA,NA,FALSE,NA,NA,NA,NA
Foliage_delta_mean_foliage_height_gaussian,2,macarthur_1961,sensitivity,mean_foliage_height,linear,1,132,18.785148983040578,ft,2.2602799951948969,natural-log Shannon bird diversity,dimensionless,21.682085531954147,NA,NA,FALSE,NA,NA,NA,NA
Foliage_delta_mean_foliage_height_gaussian,2,macarthur_1961,sensitivity,mean_foliage_height,linear,1,133,18.927649743509406,ft,2.2659538343506318,natural-log Shannon bird diversity,dimensionless,21.682085531954147,NA,NA,FALSE,NA,NA,NA,NA
Foliage_delta_mean_foliage_height_gaussian,2,macarthur_1961,sensitivity,mean_foliage_height,linear,1,134,19.070150503978237,ft,2.2716276735063667,natural-log Shannon bird diversity,dimensionless,21.682085531954147,NA,NA,FALSE,NA,NA,NA,NA
Foliage_delta_mean_foliage_height_gaussian,2,macarthur_1961,sensitivity,mean_foliage_height,linear,1,135,19.212651264447068,ft,2.2773015126621017,natural-log Shannon bird diversity,dimensionless,21.682085531954147,NA,NA,FALSE,NA,NA,NA,NA
Foliage_delta_mean_foliage_height_gaussian,2,macarthur_1961,sensitivity,mean_foliage_height,linear,1,136,19.355152024915899,ft,2.2829753518178366,natural-log Shannon bird diversity,dimensionless,21.682085531954147,NA,NA,FALSE,NA,NA,NA,NA
Foliage_delta_mean_foliage_height_gaussian,2,macarthur_1961,sensitivity,mean_foliage_height,linear,1,137,19.49765278538473,ft,2.2886491909735716,natural-log Shannon bird diversity,dimensionless,21.682085531954147,NA,NA,FALSE,NA,NA,NA,NA
Foliage_delta_mean_foliage_height_gaussian,2,macarthur_1961,sensitivity,mean_foliage_height,linear,1,138,19.640153545853561,ft,2.2943230301293065,natural-log Shannon bird diversity,dimensionless,21.682085531954147,NA,NA,FALSE,NA,NA,NA,NA
Foliage_delta_mean_foliage_height_gaussian,2,macarthur_1961,sensitivity,mean_foliage_height,linear,1,139,19.782654306322392,ft,2.2999968692850419,natural-log Shannon bird diversity,dimensionless,21.682085531954147,NA,NA,FALSE,NA,NA,NA,NA
Foliage_delta_mean_foliage_height_gaussian,2,macarthur_1961,sensitivity,mean_foliage_height,linear,1,140,19.92515506679122,ft,2.3056707084407764,natural-log Shannon bird diversity,dimensionless,21.682085531954147,NA,NA,FALSE,NA,NA,NA,NA
Foliage_delta_mean_foliage_height_gaussian,2,macarthur_1961,sensitivity,mean_foliage_height,linear,1,141,20.067655827260051,ft,2.3113445475965118,natural-log Shannon bird diversity,dimensionless,21.682085531954147,NA,NA,FALSE,NA,NA,NA,NA
Foliage_delta_mean_foliage_height_gaussian,2,macarthur_1961,sensitivity,mean_foliage_height,linear,1,142,20.210156587728882,ft,2.3170183867522467,natural-log Shannon bird diversity,dimensionless,21.682085531954147,NA,NA,FALSE,NA,NA,NA,NA
Foliage_delta_mean_foliage_height_gaussian,2,macarthur_1961,sensitivity,mean_foliage_height,linear,1,143,20.352657348197713,ft,2.3226922259079816,natural-log Shannon bird diversity,dimensionless,21.682085531954147,NA,NA,FALSE,NA,NA,NA,NA
Foliage_delta_mean_foliage_height_gaussian,2,macarthur_1961,sensitivity,mean_foliage_height,linear,1,144,20.495158108666544,ft,2.3283660650637166,natural-log Shannon bird diversity,dimensionless,21.682085531954147,NA,NA,FALSE,NA,NA,NA,NA
Foliage_delta_mean_foliage_height_gaussian,2,macarthur_1961,sensitivity,mean_foliage_height,linear,1,145,20.637658869135375,ft,2.3340399042194515,natural-log Shannon bird diversity,dimensionless,21.682085531954147,NA,NA,FALSE,NA,NA,NA,NA
Foliage_delta_mean_foliage_height_gaussian,2,macarthur_1961,sensitivity,mean_foliage_height,linear,1,146,20.780159629604203,ft,2.3397137433751864,natural-log Shannon bird diversity,dimensionless,21.682085531954147,NA,NA,FALSE,NA,NA,NA,NA
Foliage_delta_mean_foliage_height_gaussian,2,macarthur_1961,sensitivity,mean_foliage_height,linear,1,147,20.922660390073034,ft,2.3453875825309214,natural-log Shannon bird diversity,dimensionless,21.682085531954147,NA,NA,FALSE,NA,NA,NA,NA
Foliage_delta_mean_foliage_height_gaussian,2,macarthur_1961,sensitivity,mean_foliage_height,linear,1,148,21.065161150541865,ft,2.3510614216866563,natural-log Shannon bird diversity,dimensionless,21.682085531954147,NA,NA,FALSE,NA,NA,NA,NA
Foliage_delta_mean_foliage_height_gaussian,2,macarthur_1961,sensitivity,mean_foliage_height,linear,1,149,21.207661911010696,ft,2.3567352608423913,natural-log Shannon bird diversity,dimensionless,21.682085531954147,NA,NA,FALSE,NA,NA,NA,NA
Foliage_delta_mean_foliage_height_gaussian,2,macarthur_1961,sensitivity,mean_foliage_height,linear,1,150,21.350162671479527,ft,2.3624090999981262,natural-log Shannon bird diversity,dimensionless,21.682085531954147,NA,NA,FALSE,NA,NA,NA,NA
Foliage_delta_mean_foliage_height_gaussian,2,macarthur_1961,sensitivity,mean_foliage_height,linear,1,151,21.492663431948358,ft,2.3680829391538616,natural-log Shannon bird diversity,dimensionless,21.682085531954147,NA,NA,FALSE,NA,NA,NA,NA
Foliage_delta_mean_foliage_height_gaussian,2,macarthur_1961,sensitivity,mean_foliage_height,linear,1,152,21.635164192417189,ft,2.3737567783095965,natural-log Shannon bird diversity,dimensionless,21.682085531954147,NA,NA,FALSE,NA,NA,NA,NA
Foliage_delta_mean_foliage_height_gaussian,2,macarthur_1961,sensitivity,mean_foliage_height,linear,1,153,21.777664952886017,ft,2.379430617465331,natural-log Shannon bird diversity,dimensionless,21.682085531954147,NA,NA,FALSE,NA,NA,NA,NA
Foliage_delta_mean_foliage_height_gaussian,2,macarthur_1961,sensitivity,mean_foliage_height,linear,1,154,21.920165713354848,ft,2.3851044566210664,natural-log Shannon bird diversity,dimensionless,21.682085531954147,NA,NA,FALSE,NA,NA,NA,NA
Foliage_delta_mean_foliage_height_gaussian,2,macarthur_1961,sensitivity,mean_foliage_height,linear,1,155,22.062666473823679,ft,2.3907782957768013,natural-log Shannon bird diversity,dimensionless,21.682085531954147,NA,NA,FALSE,NA,NA,NA,NA
Foliage_delta_mean_foliage_height_gaussian,2,macarthur_1961,sensitivity,mean_foliage_height,linear,1,156,22.20516723429251,ft,2.3964521349325363,natural-log Shannon bird diversity,dimensionless,21.682085531954147,NA,NA,FALSE,NA,NA,NA,NA
Foliage_delta_mean_foliage_height_gaussian,2,macarthur_1961,sensitivity,mean_foliage_height,linear,1,157,22.347667994761341,ft,2.4021259740882712,natural-log Shannon bird diversity,dimensionless,21.682085531954147,NA,NA,FALSE,NA,NA,NA,NA
Foliage_delta_mean_foliage_height_gaussian,2,macarthur_1961,sensitivity,mean_foliage_height,linear,1,158,22.490168755230172,ft,2.4077998132440062,natural-log Shannon bird diversity,dimensionless,21.682085531954147,NA,NA,FALSE,NA,NA,NA,NA
Foliage_delta_mean_foliage_height_gaussian,2,macarthur_1961,sensitivity,mean_foliage_height,linear,1,159,22.632669515699003,ft,2.4134736523997411,natural-log Shannon bird diversity,dimensionless,21.682085531954147,NA,NA,FALSE,NA,NA,NA,NA
Foliage_delta_mean_foliage_height_gaussian,2,macarthur_1961,sensitivity,mean_foliage_height,linear,1,160,22.775170276167831,ft,2.419147491555476,natural-log Shannon bird diversity,dimensionless,21.682085531954147,NA,NA,FALSE,NA,NA,NA,NA
Foliage_delta_mean_foliage_height_gaussian,2,macarthur_1961,sensitivity,mean_foliage_height,linear,1,161,22.917671036636662,ft,2.424821330711211,natural-log Shannon bird diversity,dimensionless,21.682085531954147,NA,NA,FALSE,NA,NA,NA,NA
Foliage_delta_mean_foliage_height_gaussian,2,macarthur_1961,sensitivity,mean_foliage_height,linear,1,162,23.060171797105493,ft,2.4304951698669459,natural-log Shannon bird diversity,dimensionless,21.682085531954147,NA,NA,FALSE,NA,NA,NA,NA
Foliage_delta_mean_foliage_height_gaussian,2,macarthur_1961,sensitivity,mean_foliage_height,linear,1,163,23.202672557574324,ft,2.4361690090226809,natural-log Shannon bird diversity,dimensionless,21.682085531954147,NA,NA,FALSE,NA,NA,NA,NA
Foliage_delta_mean_foliage_height_gaussian,2,macarthur_1961,sensitivity,mean_foliage_height,linear,1,164,23.345173318043155,ft,2.4418428481784162,natural-log Shannon bird diversity,dimensionless,21.682085531954147,NA,NA,FALSE,NA,NA,NA,NA
Foliage_delta_mean_foliage_height_gaussian,2,macarthur_1961,sensitivity,mean_foliage_height,linear,1,165,23.487674078511986,ft,2.4475166873341512,natural-log Shannon bird diversity,dimensionless,21.682085531954147,NA,NA,FALSE,NA,NA,NA,NA
Foliage_delta_mean_foliage_height_gaussian,2,macarthur_1961,sensitivity,mean_foliage_height,linear,1,166,23.630174838980817,ft,2.4531905264898861,natural-log Shannon bird diversity,dimensionless,21.682085531954147,NA,NA,FALSE,NA,NA,NA,NA
Foliage_delta_mean_foliage_height_gaussian,2,macarthur_1961,sensitivity,mean_foliage_height,linear,1,167,23.772675599449645,ft,2.4588643656456211,natural-log Shannon bird diversity,dimensionless,21.682085531954147,NA,NA,FALSE,NA,NA,NA,NA
Foliage_delta_mean_foliage_height_gaussian,2,macarthur_1961,sensitivity,mean_foliage_height,linear,1,168,23.915176359918476,ft,2.464538204801356,natural-log Shannon bird diversity,dimensionless,21.682085531954147,NA,NA,FALSE,NA,NA,NA,NA
Foliage_delta_mean_foliage_height_gaussian,2,macarthur_1961,sensitivity,mean_foliage_height,linear,1,169,24.057677120387307,ft,2.4702120439570909,natural-log Shannon bird diversity,dimensionless,21.682085531954147,NA,NA,FALSE,NA,NA,NA,NA
Foliage_delta_mean_foliage_height_gaussian,2,macarthur_1961,sensitivity,mean_foliage_height,linear,1,170,24.200177880856138,ft,2.4758858831128259,natural-log Shannon bird diversity,dimensionless,21.682085531954147,NA,NA,FALSE,NA,NA,NA,NA
Foliage_delta_mean_foliage_height_gaussian,2,macarthur_1961,sensitivity,mean_foliage_height,linear,1,171,24.342678641324969,ft,2.4815597222685608,natural-log Shannon bird diversity,dimensionless,21.682085531954147,NA,NA,FALSE,NA,NA,NA,NA
Foliage_delta_mean_foliage_height_gaussian,2,macarthur_1961,sensitivity,mean_foliage_height,linear,1,172,24.4851794017938,ft,2.4872335614242957,natural-log Shannon bird diversity,dimensionless,21.682085531954147,NA,NA,FALSE,NA,NA,NA,NA
Foliage_delta_mean_foliage_height_gaussian,2,macarthur_1961,sensitivity,mean_foliage_height,linear,1,173,24.627680162262628,ft,2.4929074005800307,natural-log Shannon bird diversity,dimensionless,21.682085531954147,NA,NA,FALSE,NA,NA,NA,NA
Foliage_delta_mean_foliage_height_gaussian,2,macarthur_1961,sensitivity,mean_foliage_height,linear,1,174,24.770180922731459,ft,2.4985812397357656,natural-log Shannon bird diversity,dimensionless,21.682085531954147,NA,NA,FALSE,NA,NA,NA,NA
Foliage_delta_mean_foliage_height_gaussian,2,macarthur_1961,sensitivity,mean_foliage_height,linear,1,175,24.91268168320029,ft,2.5042550788915006,natural-log Shannon bird diversity,dimensionless,21.682085531954147,NA,NA,FALSE,NA,NA,NA,NA
Foliage_delta_mean_foliage_height_gaussian,2,macarthur_1961,sensitivity,mean_foliage_height,linear,1,176,25.055182443669121,ft,2.5099289180472359,natural-log Shannon bird diversity,dimensionless,21.682085531954147,NA,NA,FALSE,NA,NA,NA,NA
Foliage_delta_mean_foliage_height_gaussian,2,macarthur_1961,sensitivity,mean_foliage_height,linear,1,177,25.197683204137952,ft,2.5156027572029709,natural-log Shannon bird diversity,dimensionless,21.682085531954147,NA,NA,FALSE,NA,NA,NA,NA
Foliage_delta_mean_foliage_height_gaussian,2,macarthur_1961,sensitivity,mean_foliage_height,linear,1,178,25.340183964606783,ft,2.5212765963587058,natural-log Shannon bird diversity,dimensionless,21.682085531954147,NA,NA,FALSE,NA,NA,NA,NA
Foliage_delta_mean_foliage_height_gaussian,2,macarthur_1961,sensitivity,mean_foliage_height,linear,1,179,25.482684725075615,ft,2.5269504355144408,natural-log Shannon bird diversity,dimensionless,21.682085531954147,NA,NA,FALSE,NA,NA,NA,NA
Foliage_delta_mean_foliage_height_gaussian,2,macarthur_1961,sensitivity,mean_foliage_height,linear,1,180,25.625185485544442,ft,2.5326242746701757,natural-log Shannon bird diversity,dimensionless,21.682085531954147,NA,NA,FALSE,NA,NA,NA,NA
Foliage_delta_mean_foliage_height_gaussian,2,macarthur_1961,sensitivity,mean_foliage_height,linear,1,181,25.767686246013273,ft,2.5382981138259106,natural-log Shannon bird diversity,dimensionless,21.682085531954147,NA,NA,FALSE,NA,NA,NA,NA
Foliage_delta_mean_foliage_height_gaussian,2,macarthur_1961,sensitivity,mean_foliage_height,linear,1,182,25.910187006482104,ft,2.5439719529816456,natural-log Shannon bird diversity,dimensionless,21.682085531954147,NA,NA,FALSE,NA,NA,NA,NA
Foliage_delta_mean_foliage_height_gaussian,2,macarthur_1961,sensitivity,mean_foliage_height,linear,1,183,26.052687766950935,ft,2.5496457921373805,natural-log Shannon bird diversity,dimensionless,21.682085531954147,NA,NA,FALSE,NA,NA,NA,NA
Foliage_delta_mean_foliage_height_gaussian,2,macarthur_1961,sensitivity,mean_foliage_height,linear,1,184,26.195188527419766,ft,2.5553196312931155,natural-log Shannon bird diversity,dimensionless,21.682085531954147,NA,NA,FALSE,NA,NA,NA,NA
Foliage_delta_mean_foliage_height_gaussian,2,macarthur_1961,sensitivity,mean_foliage_height,linear,1,185,26.337689287888598,ft,2.5609934704488504,natural-log Shannon bird diversity,dimensionless,21.682085531954147,NA,NA,FALSE,NA,NA,NA,NA
Foliage_delta_mean_foliage_height_gaussian,2,macarthur_1961,sensitivity,mean_foliage_height,linear,1,186,26.480190048357429,ft,2.5666673096045853,natural-log Shannon bird diversity,dimensionless,21.682085531954147,NA,NA,FALSE,NA,NA,NA,NA
Foliage_delta_mean_foliage_height_gaussian,2,macarthur_1961,sensitivity,mean_foliage_height,linear,1,187,26.622690808826256,ft,2.5723411487603203,natural-log Shannon bird diversity,dimensionless,21.682085531954147,NA,NA,FALSE,NA,NA,NA,NA
Foliage_delta_mean_foliage_height_gaussian,2,macarthur_1961,sensitivity,mean_foliage_height,linear,1,188,26.765191569295087,ft,2.5780149879160552,natural-log Shannon bird diversity,dimensionless,21.682085531954147,NA,NA,FALSE,NA,NA,NA,NA
Foliage_delta_mean_foliage_height_gaussian,2,macarthur_1961,sensitivity,mean_foliage_height,linear,1,189,26.907692329763918,ft,2.5836888270717906,natural-log Shannon bird diversity,dimensionless,21.682085531954147,NA,NA,FALSE,NA,NA,NA,NA
Foliage_delta_mean_foliage_height_gaussian,2,macarthur_1961,sensitivity,mean_foliage_height,linear,1,190,27.050193090232749,ft,2.5893626662275255,natural-log Shannon bird diversity,dimensionless,21.682085531954147,NA,NA,FALSE,NA,NA,NA,NA
Foliage_delta_mean_foliage_height_gaussian,2,macarthur_1961,sensitivity,mean_foliage_height,linear,1,191,27.192693850701581,ft,2.5950365053832605,natural-log Shannon bird diversity,dimensionless,21.682085531954147,NA,NA,FALSE,NA,NA,NA,NA
Foliage_delta_mean_foliage_height_gaussian,2,macarthur_1961,sensitivity,mean_foliage_height,linear,1,192,27.335194611170412,ft,2.6007103445389954,natural-log Shannon bird diversity,dimensionless,21.682085531954147,NA,NA,FALSE,NA,NA,NA,NA
Foliage_delta_mean_foliage_height_gaussian,2,macarthur_1961,sensitivity,mean_foliage_height,linear,1,193,27.477695371639243,ft,2.6063841836947303,natural-log Shannon bird diversity,dimensionless,21.682085531954147,NA,NA,FALSE,NA,NA,NA,NA
Foliage_delta_mean_foliage_height_gaussian,2,macarthur_1961,sensitivity,mean_foliage_height,linear,1,194,27.62019613210807,ft,2.6120580228504653,natural-log Shannon bird diversity,dimensionless,21.682085531954147,NA,NA,FALSE,NA,NA,NA,NA
Foliage_delta_mean_foliage_height_gaussian,2,macarthur_1961,sensitivity,mean_foliage_height,linear,1,195,27.762696892576901,ft,2.6177318620062002,natural-log Shannon bird diversity,dimensionless,21.682085531954147,NA,NA,FALSE,NA,NA,NA,NA
Foliage_delta_mean_foliage_height_gaussian,2,macarthur_1961,sensitivity,mean_foliage_height,linear,1,196,27.905197653045732,ft,2.6234057011619352,natural-log Shannon bird diversity,dimensionless,21.682085531954147,NA,NA,FALSE,NA,NA,NA,NA
Foliage_delta_mean_foliage_height_gaussian,2,macarthur_1961,sensitivity,mean_foliage_height,linear,1,197,28.047698413514563,ft,2.6290795403176701,natural-log Shannon bird diversity,dimensionless,21.682085531954147,NA,NA,FALSE,NA,NA,NA,NA
Foliage_delta_mean_foliage_height_gaussian,2,macarthur_1961,sensitivity,mean_foliage_height,linear,1,198,28.190199173983395,ft,2.634753379473405,natural-log Shannon bird diversity,dimensionless,21.682085531954147,NA,NA,FALSE,NA,NA,NA,NA
Foliage_delta_mean_foliage_height_gaussian,2,macarthur_1961,sensitivity,mean_foliage_height,linear,1,199,28.332699934452226,ft,2.6404272186291404,natural-log Shannon bird diversity,dimensionless,21.682085531954147,NA,NA,FALSE,NA,NA,NA,NA
Foliage_delta_mean_foliage_height_gaussian,2,macarthur_1961,sensitivity,mean_foliage_height,linear,1,200,28.475200694921053,ft,2.6461010577848749,natural-log Shannon bird diversity,dimensionless,21.682085531954147,NA,NA,FALSE,NA,NA,NA,NA
Foliage_delta_mean_foliage_height_gaussian,2,macarthur_1961,sensitivity,mean_foliage_height,logarithmic,2,1,0.11754936162377437,ft,0.78382500920581488,natural-log Shannon bird diversity,dimensionless,21.682085531954147,NA,NA,FALSE,NA,NA,NA,NA
Foliage_delta_mean_foliage_height_gaussian,2,macarthur_1961,sensitivity,mean_foliage_height,logarithmic,2,2,0.26005012209260492,ft,1.0186317193146872,natural-log Shannon bird diversity,dimensionless,21.682085531954147,NA,NA,FALSE,NA,NA,NA,NA
Foliage_delta_mean_foliage_height_gaussian,2,macarthur_1961,sensitivity,mean_foliage_height,logarithmic,2,3,0.40255088256143551,ft,1.1478458772186553,natural-log Shannon bird diversity,dimensionless,21.682085531954147,NA,NA,FALSE,NA,NA,NA,NA
Foliage_delta_mean_foliage_height_gaussian,2,macarthur_1961,sensitivity,mean_foliage_height,logarithmic,2,4,0.5450516430302661,ft,1.2374666062105832,natural-log Shannon bird diversity,dimensionless,21.682085531954147,NA,NA,FALSE,NA,NA,NA,NA
Foliage_delta_mean_foliage_height_gaussian,2,macarthur_1961,sensitivity,mean_foliage_height,logarithmic,2,5,0.68755240349909663,ft,1.306149878077504,natural-log Shannon bird diversity,dimensionless,21.682085531954147,NA,NA,FALSE,NA,NA,NA,NA
Foliage_delta_mean_foliage_height_gaussian,2,macarthur_1961,sensitivity,mean_foliage_height,logarithmic,2,6,0.83005316396792717,ft,1.3618493109785248,natural-log Shannon bird diversity,dimensionless,21.682085531954147,NA,NA,FALSE,NA,NA,NA,NA
Foliage_delta_mean_foliage_height_gaussian,2,macarthur_1961,sensitivity,mean_foliage_height,logarithmic,2,7,0.97255392443675781,ft,1.4087019942361707,natural-log Shannon bird diversity,dimensionless,21.682085531954147,NA,NA,FALSE,NA,NA,NA,NA
Foliage_delta_mean_foliage_height_gaussian,2,macarthur_1961,sensitivity,mean_foliage_height,logarithmic,2,8,1.1150546849055882,ft,1.4491367864881353,natural-log Shannon bird diversity,dimensionless,21.682085531954147,NA,NA,FALSE,NA,NA,NA,NA
Foliage_delta_mean_foliage_height_gaussian,2,macarthur_1961,sensitivity,mean_foliage_height,logarithmic,2,9,1.2575554453744189,ft,1.4847019696543993,natural-log Shannon bird diversity,dimensionless,21.682085531954147,NA,NA,FALSE,NA,NA,NA,NA
Foliage_delta_mean_foliage_height_gaussian,2,macarthur_1961,sensitivity,mean_foliage_height,logarithmic,2,10,1.4000562058432495,ft,1.5164453823041639,natural-log Shannon bird diversity,dimensionless,21.682085531954147,NA,NA,FALSE,NA,NA,NA,NA
Foliage_delta_mean_foliage_height_gaussian,2,macarthur_1961,sensitivity,mean_foliage_height,logarithmic,2,11,1.5425569663120799,ft,1.5451092682182597,natural-log Shannon bird diversity,dimensionless,21.682085531954147,NA,NA,FALSE,NA,NA,NA,NA
Foliage_delta_mean_foliage_height_gaussian,2,macarthur_1961,sensitivity,mean_foliage_height,logarithmic,2,12,1.6850577267809106,ft,1.5712386504818878,natural-log Shannon bird diversity,dimensionless,21.682085531954147,NA,NA,FALSE,NA,NA,NA,NA
Foliage_delta_mean_foliage_height_gaussian,2,macarthur_1961,sensitivity,mean_foliage_height,logarithmic,2,13,1.8275584872497412,ft,1.5952455526543554,natural-log Shannon bird diversity,dimensionless,21.682085531954147,NA,NA,FALSE,NA,NA,NA,NA
Foliage_delta_mean_foliage_height_gaussian,2,macarthur_1961,sensitivity,mean_foliage_height,logarithmic,2,14,1.9700592477185717,ft,1.617449036013378,natural-log Shannon bird diversity,dimensionless,21.682085531954147,NA,NA,FALSE,NA,NA,NA,NA
Foliage_delta_mean_foliage_height_gaussian,2,macarthur_1961,sensitivity,mean_foliage_height,logarithmic,2,15,2.1125600081874021,ft,1.6381012199375158,natural-log Shannon bird diversity,dimensionless,21.682085531954147,NA,NA,FALSE,NA,NA,NA,NA
Foliage_delta_mean_foliage_height_gaussian,2,macarthur_1961,sensitivity,mean_foliage_height,logarithmic,2,16,2.2550607686562327,ft,1.6574047907118215,natural-log Shannon bird diversity,dimensionless,21.682085531954147,NA,NA,FALSE,NA,NA,NA,NA
Foliage_delta_mean_foliage_height_gaussian,2,macarthur_1961,sensitivity,mean_foliage_height,logarithmic,2,17,2.3975615291250634,ft,1.6755251356558516,natural-log Shannon bird diversity,dimensionless,21.682085531954147,NA,NA,FALSE,NA,NA,NA,NA
Foliage_delta_mean_foliage_height_gaussian,2,macarthur_1961,sensitivity,mean_foliage_height,logarithmic,2,18,2.540062289593894,ft,1.6925989684068661,natural-log Shannon bird diversity,dimensionless,21.682085531954147,NA,NA,FALSE,NA,NA,NA,NA
Foliage_delta_mean_foliage_height_gaussian,2,macarthur_1961,sensitivity,mean_foliage_height,logarithmic,2,19,2.6825630500627247,ft,1.7087405966635396,natural-log Shannon bird diversity,dimensionless,21.682085531954147,NA,NA,FALSE,NA,NA,NA,NA
Foliage_delta_mean_foliage_height_gaussian,2,macarthur_1961,sensitivity,mean_foliage_height,logarithmic,2,20,2.8250638105315549,ft,1.7240465657336248,natural-log Shannon bird diversity,dimensionless,21.682085531954147,NA,NA,FALSE,NA,NA,NA,NA
Foliage_delta_mean_foliage_height_gaussian,2,macarthur_1961,sensitivity,mean_foliage_height,logarithmic,2,21,2.9675645710003855,ft,1.7385991581603408,natural-log Shannon bird diversity,dimensionless,21.682085531954147,NA,NA,FALSE,NA,NA,NA,NA
Foliage_delta_mean_foliage_height_gaussian,2,macarthur_1961,sensitivity,mean_foliage_height,logarithmic,2,22,3.1100653314692162,ft,1.7524690717687732,natural-log Shannon bird diversity,dimensionless,21.682085531954147,NA,NA,FALSE,NA,NA,NA,NA
Foliage_delta_mean_foliage_height_gaussian,2,macarthur_1961,sensitivity,mean_foliage_height,logarithmic,2,23,3.2525660919380468,ft,1.7657174972403993,natural-log Shannon bird diversity,dimensionless,21.682085531954147,NA,NA,FALSE,NA,NA,NA,NA
Foliage_delta_mean_foliage_height_gaussian,2,macarthur_1961,sensitivity,mean_foliage_height,logarithmic,2,24,3.3950668524068774,ft,1.7783977498705212,natural-log Shannon bird diversity,dimensionless,21.682085531954147,NA,NA,FALSE,NA,NA,NA,NA
Foliage_delta_mean_foliage_height_gaussian,2,macarthur_1961,sensitivity,mean_foliage_height,logarithmic,2,25,3.5375676128757081,ft,1.7905565655989615,natural-log Shannon bird diversity,dimensionless,21.682085531954147,NA,NA,FALSE,NA,NA,NA,NA
Foliage_delta_mean_foliage_height_gaussian,2,macarthur_1961,sensitivity,mean_foliage_height,logarithmic,2,26,3.6800683733445383,ft,1.8022351409374504,natural-log Shannon bird diversity,dimensionless,21.682085531954147,NA,NA,FALSE,NA,NA,NA,NA
Foliage_delta_mean_foliage_height_gaussian,2,macarthur_1961,sensitivity,mean_foliage_height,logarithmic,2,27,3.8225691338133689,ft,1.8134699752209071,natural-log Shannon bird diversity,dimensionless,21.682085531954147,NA,NA,FALSE,NA,NA,NA,NA
Foliage_delta_mean_foliage_height_gaussian,2,macarthur_1961,sensitivity,mean_foliage_height,logarithmic,2,28,3.9650698942821996,ft,1.8242935586266729,natural-log Shannon bird diversity,dimensionless,21.682085531954147,NA,NA,FALSE,NA,NA,NA,NA
Foliage_delta_mean_foliage_height_gaussian,2,macarthur_1961,sensitivity,mean_foliage_height,logarithmic,2,29,4.1075706547510302,ft,1.8347349386590532,natural-log Shannon bird diversity,dimensionless,21.682085531954147,NA,NA,FALSE,NA,NA,NA,NA
Foliage_delta_mean_foliage_height_gaussian,2,macarthur_1961,sensitivity,mean_foliage_height,logarithmic,2,30,4.2500714152198604,ft,1.8448201899845855,natural-log Shannon bird diversity,dimensionless,21.682085531954147,NA,NA,FALSE,NA,NA,NA,NA
Foliage_delta_mean_foliage_height_gaussian,2,macarthur_1961,sensitivity,mean_foliage_height,logarithmic,2,31,4.3925721756886906,ft,1.854572806754319,natural-log Shannon bird diversity,dimensionless,21.682085531954147,NA,NA,FALSE,NA,NA,NA,NA
Foliage_delta_mean_foliage_height_gaussian,2,macarthur_1961,sensitivity,mean_foliage_height,logarithmic,2,32,4.5350729361575217,ft,1.864014032269824,natural-log Shannon bird diversity,dimensionless,21.682085531954147,NA,NA,FALSE,NA,NA,NA,NA
Foliage_delta_mean_foliage_height_gaussian,2,macarthur_1961,sensitivity,mean_foliage_height,logarithmic,2,33,4.6775736966263519,ft,1.8731631376300901,natural-log Shannon bird diversity,dimensionless,21.682085531954147,NA,NA,FALSE,NA,NA,NA,NA
Foliage_delta_mean_foliage_height_gaussian,2,macarthur_1961,sensitivity,mean_foliage_height,logarithmic,2,34,4.8200744570951821,ft,1.8820376585504024,natural-log Shannon bird diversity,dimensionless,21.682085531954147,NA,NA,FALSE,NA,NA,NA,NA
Foliage_delta_mean_foliage_height_gaussian,2,macarthur_1961,sensitivity,mean_foliage_height,logarithmic,2,35,4.9625752175640132,ft,1.8906535976687238,natural-log Shannon bird diversity,dimensionless,21.682085531954147,NA,NA,FALSE,NA,NA,NA,NA
Foliage_delta_mean_foliage_height_gaussian,2,macarthur_1961,sensitivity,mean_foliage_height,logarithmic,2,36,5.1050759780328434,ft,1.8990255982046016,natural-log Shannon bird diversity,dimensionless,21.682085531954147,NA,NA,FALSE,NA,NA,NA,NA
Foliage_delta_mean_foliage_height_gaussian,2,macarthur_1961,sensitivity,mean_foliage_height,logarithmic,2,37,5.2475767385016745,ft,1.9071670937047613,natural-log Shannon bird diversity,dimensionless,21.682085531954147,NA,NA,FALSE,NA,NA,NA,NA
Foliage_delta_mean_foliage_height_gaussian,2,macarthur_1961,sensitivity,mean_foliage_height,logarithmic,2,38,5.3900774989705047,ft,1.9150904377212197,natural-log Shannon bird diversity,dimensionless,21.682085531954147,NA,NA,FALSE,NA,NA,NA,NA
Foliage_delta_mean_foliage_height_gaussian,2,macarthur_1961,sensitivity,mean_foliage_height,logarithmic,2,39,5.5325782594393349,ft,1.9228070165649671,natural-log Shannon bird diversity,dimensionless,21.682085531954147,NA,NA,FALSE,NA,NA,NA,NA
Foliage_delta_mean_foliage_height_gaussian,2,macarthur_1961,sensitivity,mean_foliage_height,logarithmic,2,40,5.675079019908166,ft,1.9303273477185199,natural-log Shannon bird diversity,dimensionless,21.682085531954147,NA,NA,FALSE,NA,NA,NA,NA
Foliage_delta_mean_foliage_height_gaussian,2,macarthur_1961,sensitivity,mean_foliage_height,logarithmic,2,41,5.8175797803769962,ft,1.9376611660420113,natural-log Shannon bird diversity,dimensionless,21.682085531954147,NA,NA,FALSE,NA,NA,NA,NA
Foliage_delta_mean_foliage_height_gaussian,2,macarthur_1961,sensitivity,mean_foliage_height,logarithmic,2,42,5.9600805408458273,ft,1.9448174995457408,natural-log Shannon bird diversity,dimensionless,21.682085531954147,NA,NA,FALSE,NA,NA,NA,NA
Foliage_delta_mean_foliage_height_gaussian,2,macarthur_1961,sensitivity,mean_foliage_height,logarithmic,2,43,6.1025813013146575,ft,1.9518047362087694,natural-log Shannon bird diversity,dimensionless,21.682085531954147,NA,NA,FALSE,NA,NA,NA,NA
Foliage_delta_mean_foliage_height_gaussian,2,macarthur_1961,sensitivity,mean_foliage_height,logarithmic,2,44,6.2450820617834877,ft,1.958630683083989,natural-log Shannon bird diversity,dimensionless,21.682085531954147,NA,NA,FALSE,NA,NA,NA,NA
Foliage_delta_mean_foliage_height_gaussian,2,macarthur_1961,sensitivity,mean_foliage_height,logarithmic,2,45,6.3875828222523188,ft,1.9653026187341422,natural-log Shannon bird diversity,dimensionless,21.682085531954147,NA,NA,FALSE,NA,NA,NA,NA
Foliage_delta_mean_foliage_height_gaussian,2,macarthur_1961,sensitivity,mean_foliage_height,logarithmic,2,46,6.530083582721149,ft,1.9718273398818853,natural-log Shannon bird diversity,dimensionless,21.682085531954147,NA,NA,FALSE,NA,NA,NA,NA
Foliage_delta_mean_foliage_height_gaussian,2,macarthur_1961,sensitivity,mean_foliage_height,logarithmic,2,47,6.6725843431899801,ft,1.9782112030235153,natural-log Shannon bird diversity,dimensionless,21.682085531954147,NA,NA,FALSE,NA,NA,NA,NA
Foliage_delta_mean_foliage_height_gaussian,2,macarthur_1961,sensitivity,mean_foliage_height,logarithmic,2,48,6.8150851036588103,ft,1.984460161645061,natural-log Shannon bird diversity,dimensionless,21.682085531954147,NA,NA,FALSE,NA,NA,NA,NA
Foliage_delta_mean_foliage_height_gaussian,2,macarthur_1961,sensitivity,mean_foliage_height,logarithmic,2,49,6.9575858641276414,ft,1.9905797995868892,natural-log Shannon bird diversity,dimensionless,21.682085531954147,NA,NA,FALSE,NA,NA,NA,NA
Foliage_delta_mean_foliage_height_gaussian,2,macarthur_1961,sensitivity,mean_foliage_height,logarithmic,2,50,7.1000866245964716,ft,1.9965753610254533,natural-log Shannon bird diversity,dimensionless,21.682085531954147,NA,NA,FALSE,NA,NA,NA,NA
Foliage_delta_mean_foliage_height_gaussian,2,macarthur_1961,sensitivity,mean_foliage_height,logarithmic,2,51,7.2425873850653018,ft,2.0024517774756032,natural-log Shannon bird diversity,dimensionless,21.682085531954147,NA,NA,FALSE,NA,NA,NA,NA
Foliage_delta_mean_foliage_height_gaussian,2,macarthur_1961,sensitivity,mean_foliage_height,logarithmic,2,52,7.3850881455341328,ft,2.008213692161843,natural-log Shannon bird diversity,dimensionless,21.682085531954147,NA,NA,FALSE,NA,NA,NA,NA
Foliage_delta_mean_foliage_height_gaussian,2,macarthur_1961,sensitivity,mean_foliage_height,logarithmic,2,53,7.527588906002963,ft,2.0138654820603028,natural-log Shannon bird diversity,dimensionless,21.682085531954147,NA,NA,FALSE,NA,NA,NA,NA
Foliage_delta_mean_foliage_height_gaussian,2,macarthur_1961,sensitivity,mean_foliage_height,logarithmic,2,54,7.6700896664717941,ft,2.0194112778735653,natural-log Shannon bird diversity,dimensionless,21.682085531954147,NA,NA,FALSE,NA,NA,NA,NA
Foliage_delta_mean_foliage_height_gaussian,2,macarthur_1961,sensitivity,mean_foliage_height,logarithmic,2,55,7.8125904269406243,ft,2.0248549821667079,natural-log Shannon bird diversity,dimensionless,21.682085531954147,NA,NA,FALSE,NA,NA,NA,NA
Foliage_delta_mean_foliage_height_gaussian,2,macarthur_1961,sensitivity,mean_foliage_height,logarithmic,2,56,7.9550911874094545,ft,2.0302002858640158,natural-log Shannon bird diversity,dimensionless,21.682085531954147,NA,NA,FALSE,NA,NA,NA,NA
Foliage_delta_mean_foliage_height_gaussian,2,macarthur_1961,sensitivity,mean_foliage_height,logarithmic,2,57,8.0975919478782856,ft,2.0354506832810255,natural-log Shannon bird diversity,dimensionless,21.682085531954147,NA,NA,FALSE,NA,NA,NA,NA
Foliage_delta_mean_foliage_height_gaussian,2,macarthur_1961,sensitivity,mean_foliage_height,logarithmic,2,58,8.2400927083471167,ft,2.0406094858452382,natural-log Shannon bird diversity,dimensionless,21.682085531954147,NA,NA,FALSE,NA,NA,NA,NA
Foliage_delta_mean_foliage_height_gaussian,2,macarthur_1961,sensitivity,mean_foliage_height,logarithmic,2,59,8.3825934688159478,ft,2.0456798346404148,natural-log Shannon bird diversity,dimensionless,21.682085531954147,NA,NA,FALSE,NA,NA,NA,NA
Foliage_delta_mean_foliage_height_gaussian,2,macarthur_1961,sensitivity,mean_foliage_height,logarithmic,2,60,8.5250942292847771,ft,2.0506647118934671,natural-log Shannon bird diversity,dimensionless,21.682085531954147,NA,NA,FALSE,NA,NA,NA,NA
Foliage_delta_mean_foliage_height_gaussian,2,macarthur_1961,sensitivity,mean_foliage_height,logarithmic,2,61,8.6675949897536082,ft,2.0555669515091202,natural-log Shannon bird diversity,dimensionless,21.682085531954147,NA,NA,FALSE,NA,NA,NA,NA
Foliage_delta_mean_foliage_height_gaussian,2,macarthur_1961,sensitivity,mean_foliage_height,logarithmic,2,62,8.8100957502224393,ft,2.0603892487455391,natural-log Shannon bird diversity,dimensionless,21.682085531954147,NA,NA,FALSE,NA,NA,NA,NA
Foliage_delta_mean_foliage_height_gaussian,2,macarthur_1961,sensitivity,mean_foliage_height,logarithmic,2,63,8.9525965106912704,ft,2.0651341691136236,natural-log Shannon bird diversity,dimensionless,21.682085531954147,NA,NA,FALSE,NA,NA,NA,NA
Foliage_delta_mean_foliage_height_gaussian,2,macarthur_1961,sensitivity,mean_foliage_height,logarithmic,2,64,9.0950972711600997,ft,2.0698041565735439,natural-log Shannon bird diversity,dimensionless,21.682085531954147,NA,NA,FALSE,NA,NA,NA,NA
Foliage_delta_mean_foliage_height_gaussian,2,macarthur_1961,sensitivity,mean_foliage_height,logarithmic,2,65,9.2375980316289308,ft,2.0744015410940744,natural-log Shannon bird diversity,dimensionless,21.682085531954147,NA,NA,FALSE,NA,NA,NA,NA
Foliage_delta_mean_foliage_height_gaussian,2,macarthur_1961,sensitivity,mean_foliage_height,logarithmic,2,66,9.3800987920977619,ft,2.078928545633262,natural-log Shannon bird diversity,dimensionless,21.682085531954147,NA,NA,FALSE,NA,NA,NA,NA
Foliage_delta_mean_foliage_height_gaussian,2,macarthur_1961,sensitivity,mean_foliage_height,logarithmic,2,67,9.5225995525665912,ft,2.0833872925927883,natural-log Shannon bird diversity,dimensionless,21.682085531954147,NA,NA,FALSE,NA,NA,NA,NA
Foliage_delta_mean_foliage_height_gaussian,2,macarthur_1961,sensitivity,mean_foliage_height,logarithmic,2,68,9.6651003130354223,ft,2.0877798097929263,natural-log Shannon bird diversity,dimensionless,21.682085531954147,NA,NA,FALSE,NA,NA,NA,NA
Foliage_delta_mean_foliage_height_gaussian,2,macarthur_1961,sensitivity,mean_foliage_height,logarithmic,2,69,9.8076010735042534,ft,2.092108036010206,natural-log Shannon bird diversity,dimensionless,21.682085531954147,NA,NA,FALSE,NA,NA,NA,NA
Foliage_delta_mean_foliage_height_gaussian,2,macarthur_1961,sensitivity,mean_foliage_height,logarithmic,2,70,9.9501018339730845,ft,2.0963738261156384,natural-log Shannon bird diversity,dimensionless,21.682085531954147,NA,NA,FALSE,NA,NA,NA,NA
Foliage_delta_mean_foliage_height_gaussian,2,macarthur_1961,sensitivity,mean_foliage_height,logarithmic,2,71,10.092602594441914,ft,2.1005789558475785,natural-log Shannon bird diversity,dimensionless,21.682085531954147,NA,NA,FALSE,NA,NA,NA,NA
Foliage_delta_mean_foliage_height_gaussian,2,macarthur_1961,sensitivity,mean_foliage_height,logarithmic,2,72,10.235103354910745,ft,2.1047251262499689,natural-log Shannon bird diversity,dimensionless,21.682085531954147,NA,NA,FALSE,NA,NA,NA,NA
Foliage_delta_mean_foliage_height_gaussian,2,macarthur_1961,sensitivity,mean_foliage_height,logarithmic,2,73,10.377604115379576,ft,2.1088139678037265,natural-log Shannon bird diversity,dimensionless,21.682085531954147,NA,NA,FALSE,NA,NA,NA,NA
Foliage_delta_mean_foliage_height_gaussian,2,macarthur_1961,sensitivity,mean_foliage_height,logarithmic,2,74,10.520104875848405,ft,2.1128470442763847,natural-log Shannon bird diversity,dimensionless,21.682085531954147,NA,NA,FALSE,NA,NA,NA,NA
Foliage_delta_mean_foliage_height_gaussian,2,macarthur_1961,sensitivity,mean_foliage_height,logarithmic,2,75,10.662605636317236,ft,2.1168258563127367,natural-log Shannon bird diversity,dimensionless,21.682085531954147,NA,NA,FALSE,NA,NA,NA,NA
Foliage_delta_mean_foliage_height_gaussian,2,macarthur_1961,sensitivity,mean_foliage_height,logarithmic,2,76,10.805106396786067,ft,2.1207518447871117,natural-log Shannon bird diversity,dimensionless,21.682085531954147,NA,NA,FALSE,NA,NA,NA,NA
Foliage_delta_mean_foliage_height_gaussian,2,macarthur_1961,sensitivity,mean_foliage_height,logarithmic,2,77,10.947607157254897,ft,2.1246263939360315,natural-log Shannon bird diversity,dimensionless,21.682085531954147,NA,NA,FALSE,NA,NA,NA,NA
Foliage_delta_mean_foliage_height_gaussian,2,macarthur_1961,sensitivity,mean_foliage_height,logarithmic,2,78,11.090107917723728,ft,2.1284508342882771,natural-log Shannon bird diversity,dimensionless,21.682085531954147,NA,NA,FALSE,NA,NA,NA,NA
Foliage_delta_mean_foliage_height_gaussian,2,macarthur_1961,sensitivity,mean_foliage_height,logarithmic,2,79,11.232608678192559,ft,2.1322264454079005,natural-log Shannon bird diversity,dimensionless,21.682085531954147,NA,NA,FALSE,NA,NA,NA,NA
Foliage_delta_mean_foliage_height_gaussian,2,macarthur_1961,sensitivity,mean_foliage_height,logarithmic,2,80,11.37510943866139,ft,2.1359544584643233,natural-log Shannon bird diversity,dimensionless,21.682085531954147,NA,NA,FALSE,NA,NA,NA,NA
Foliage_delta_mean_foliage_height_gaussian,2,macarthur_1961,sensitivity,mean_foliage_height,logarithmic,2,81,11.517610199130219,ft,2.139636058642437,natural-log Shannon bird diversity,dimensionless,21.682085531954147,NA,NA,FALSE,NA,NA,NA,NA
Foliage_delta_mean_foliage_height_gaussian,2,macarthur_1961,sensitivity,mean_foliage_height,logarithmic,2,82,11.66011095959905,ft,2.1432723874045223,natural-log Shannon bird diversity,dimensionless,21.682085531954147,NA,NA,FALSE,NA,NA,NA,NA
Foliage_delta_mean_foliage_height_gaussian,2,macarthur_1961,sensitivity,mean_foliage_height,logarithmic,2,83,11.802611720067882,ft,2.1468645446147723,natural-log Shannon bird diversity,dimensionless,21.682085531954147,NA,NA,FALSE,NA,NA,NA,NA
Foliage_delta_mean_foliage_height_gaussian,2,macarthur_1961,sensitivity,mean_foliage_height,logarithmic,2,84,11.945112480536711,ft,2.1504135905363273,natural-log Shannon bird diversity,dimensionless,21.682085531954147,NA,NA,FALSE,NA,NA,NA,NA
Foliage_delta_mean_foliage_height_gaussian,2,macarthur_1961,sensitivity,mean_foliage_height,logarithmic,2,85,12.087613241005542,ft,2.1539205477098853,natural-log Shannon bird diversity,dimensionless,21.682085531954147,NA,NA,FALSE,NA,NA,NA,NA
Foliage_delta_mean_foliage_height_gaussian,2,macarthur_1961,sensitivity,mean_foliage_height,logarithmic,2,86,12.230114001474373,ft,2.1573864027222212,natural-log Shannon bird diversity,dimensionless,21.682085531954147,NA,NA,FALSE,NA,NA,NA,NA
Foliage_delta_mean_foliage_height_gaussian,2,macarthur_1961,sensitivity,mean_foliage_height,logarithmic,2,87,12.372614761943202,ft,2.1608121078722626,natural-log Shannon bird diversity,dimensionless,21.682085531954147,NA,NA,FALSE,NA,NA,NA,NA
Foliage_delta_mean_foliage_height_gaussian,2,macarthur_1961,sensitivity,mean_foliage_height,logarithmic,2,88,12.515115522412033,ft,2.1641985827417645,natural-log Shannon bird diversity,dimensionless,21.682085531954147,NA,NA,FALSE,NA,NA,NA,NA
Foliage_delta_mean_foliage_height_gaussian,2,macarthur_1961,sensitivity,mean_foliage_height,logarithmic,2,89,12.657616282880864,ft,2.1675467156770658,natural-log Shannon bird diversity,dimensionless,21.682085531954147,NA,NA,FALSE,NA,NA,NA,NA
Foliage_delta_mean_foliage_height_gaussian,2,macarthur_1961,sensitivity,mean_foliage_height,logarithmic,2,90,12.800117043349696,ft,2.1708573651878948,natural-log Shannon bird diversity,dimensionless,21.682085531954147,NA,NA,FALSE,NA,NA,NA,NA
Foliage_delta_mean_foliage_height_gaussian,2,macarthur_1961,sensitivity,mean_foliage_height,logarithmic,2,91,12.942617803818525,ft,2.1741313612687416,natural-log Shannon bird diversity,dimensionless,21.682085531954147,NA,NA,FALSE,NA,NA,NA,NA
Foliage_delta_mean_foliage_height_gaussian,2,macarthur_1961,sensitivity,mean_foliage_height,logarithmic,2,92,13.085118564287356,ft,2.177369506647878,natural-log Shannon bird diversity,dimensionless,21.682085531954147,NA,NA,FALSE,NA,NA,NA,NA
Foliage_delta_mean_foliage_height_gaussian,2,macarthur_1961,sensitivity,mean_foliage_height,logarithmic,2,93,13.227619324756187,ft,2.1805725779687344,natural-log Shannon bird diversity,dimensionless,21.682085531954147,NA,NA,FALSE,NA,NA,NA,NA
Foliage_delta_mean_foliage_height_gaussian,2,macarthur_1961,sensitivity,mean_foliage_height,logarithmic,2,94,13.370120085225016,ft,2.1837413269079748,natural-log Shannon bird diversity,dimensionless,21.682085531954147,NA,NA,FALSE,NA,NA,NA,NA
Foliage_delta_mean_foliage_height_gaussian,2,macarthur_1961,sensitivity,mean_foliage_height,logarithmic,2,95,13.512620845693847,ft,2.1868764812343069,natural-log Shannon bird diversity,dimensionless,21.682085531954147,NA,NA,FALSE,NA,NA,NA,NA
Foliage_delta_mean_foliage_height_gaussian,2,macarthur_1961,sensitivity,mean_foliage_height,logarithmic,2,96,13.655121606162679,ft,2.1899787458117448,natural-log Shannon bird diversity,dimensionless,21.682085531954147,NA,NA,FALSE,NA,NA,NA,NA
Foliage_delta_mean_foliage_height_gaussian,2,macarthur_1961,sensitivity,mean_foliage_height,logarithmic,2,97,13.79762236663151,ft,2.1930488035507989,natural-log Shannon bird diversity,dimensionless,21.682085531954147,NA,NA,FALSE,NA,NA,NA,NA
Foliage_delta_mean_foliage_height_gaussian,2,macarthur_1961,sensitivity,mean_foliage_height,logarithmic,2,98,13.940123127100339,ft,2.1960873163107926,natural-log Shannon bird diversity,dimensionless,21.682085531954147,NA,NA,FALSE,NA,NA,NA,NA
Foliage_delta_mean_foliage_height_gaussian,2,macarthur_1961,sensitivity,mean_foliage_height,logarithmic,2,99,14.08262388756917,ft,2.1990949257562917,natural-log Shannon bird diversity,dimensionless,21.682085531954147,NA,NA,FALSE,NA,NA,NA,NA
Foliage_delta_mean_foliage_height_gaussian,2,macarthur_1961,sensitivity,mean_foliage_height,logarithmic,2,100,14.225124648038001,ft,2.2020722541704214,natural-log Shannon bird diversity,dimensionless,21.682085531954147,NA,NA,FALSE,NA,NA,NA,NA
Foliage_delta_mean_foliage_height_gaussian,2,macarthur_1961,sensitivity,mean_foliage_height,logarithmic,2,101,14.36762540850683,ft,2.2050199052276458,natural-log Shannon bird diversity,dimensionless,21.682085531954147,NA,NA,FALSE,NA,NA,NA,NA
Foliage_delta_mean_foliage_height_gaussian,2,macarthur_1961,sensitivity,mean_foliage_height,logarithmic,2,102,14.510126168975662,ft,2.2079384647284117,natural-log Shannon bird diversity,dimensionless,21.682085531954147,NA,NA,FALSE,NA,NA,NA,NA
Foliage_delta_mean_foliage_height_gaussian,2,macarthur_1961,sensitivity,mean_foliage_height,logarithmic,2,103,14.652626929444493,ft,2.2108285012978932,natural-log Shannon bird diversity,dimensionless,21.682085531954147,NA,NA,FALSE,NA,NA,NA,NA
Foliage_delta_mean_foliage_height_gaussian,2,macarthur_1961,sensitivity,mean_foliage_height,logarithmic,2,104,14.795127689913322,ft,2.2136905670509206,natural-log Shannon bird diversity,dimensionless,21.682085531954147,NA,NA,FALSE,NA,NA,NA,NA
Foliage_delta_mean_foliage_height_gaussian,2,macarthur_1961,sensitivity,mean_foliage_height,logarithmic,2,105,14.937628450382153,ft,2.2165251982250429,natural-log Shannon bird diversity,dimensionless,21.682085531954147,NA,NA,FALSE,NA,NA,NA,NA
Foliage_delta_mean_foliage_height_gaussian,2,macarthur_1961,sensitivity,mean_foliage_height,logarithmic,2,106,15.080129210850984,ft,2.2193329157835318,natural-log Shannon bird diversity,dimensionless,21.682085531954147,NA,NA,FALSE,NA,NA,NA,NA
Foliage_delta_mean_foliage_height_gaussian,2,macarthur_1961,sensitivity,mean_foliage_height,logarithmic,2,107,15.222629971319815,ft,2.2221142259900315,natural-log Shannon bird diversity,dimensionless,21.682085531954147,NA,NA,FALSE,NA,NA,NA,NA
Foliage_delta_mean_foliage_height_gaussian,2,macarthur_1961,sensitivity,mean_foliage_height,logarithmic,2,108,15.365130731788645,ft,2.2248696209564325,natural-log Shannon bird diversity,dimensionless,21.682085531954147,NA,NA,FALSE,NA,NA,NA,NA
Foliage_delta_mean_foliage_height_gaussian,2,macarthur_1961,sensitivity,mean_foliage_height,logarithmic,2,109,15.507631492257476,ft,2.2275995791654584,natural-log Shannon bird diversity,dimensionless,21.682085531954147,NA,NA,FALSE,NA,NA,NA,NA
Foliage_delta_mean_foliage_height_gaussian,2,macarthur_1961,sensitivity,mean_foliage_height,logarithmic,2,110,15.650132252726307,ft,2.2303045659693503,natural-log Shannon bird diversity,dimensionless,21.682085531954147,NA,NA,FALSE,NA,NA,NA,NA
Foliage_delta_mean_foliage_height_gaussian,2,macarthur_1961,sensitivity,mean_foliage_height,logarithmic,2,111,15.792633013195136,ft,2.2329850340659489,natural-log Shannon bird diversity,dimensionless,21.682085531954147,NA,NA,FALSE,NA,NA,NA,NA
Foliage_delta_mean_foliage_height_gaussian,2,macarthur_1961,sensitivity,mean_foliage_height,logarithmic,2,112,15.935133773663967,ft,2.2356414239533939,natural-log Shannon bird diversity,dimensionless,21.682085531954147,NA,NA,FALSE,NA,NA,NA,NA
Foliage_delta_mean_foliage_height_gaussian,2,macarthur_1961,sensitivity,mean_foliage_height,logarithmic,2,113,16.077634534132798,ft,2.2382741643645807,natural-log Shannon bird diversity,dimensionless,21.682085531954147,NA,NA,FALSE,NA,NA,NA,NA
Foliage_delta_mean_foliage_height_gaussian,2,macarthur_1961,sensitivity,mean_foliage_height,logarithmic,2,114,16.220135294601626,ft,2.2408836726824517,natural-log Shannon bird diversity,dimensionless,21.682085531954147,NA,NA,FALSE,NA,NA,NA,NA
Foliage_delta_mean_foliage_height_gaussian,2,macarthur_1961,sensitivity,mean_foliage_height,logarithmic,2,115,16.362636055070457,ft,2.2434703553371187,natural-log Shannon bird diversity,dimensionless,21.682085531954147,NA,NA,FALSE,NA,NA,NA,NA
Foliage_delta_mean_foliage_height_gaussian,2,macarthur_1961,sensitivity,mean_foliage_height,logarithmic,2,116,16.505136815539288,ft,2.2460346081857701,natural-log Shannon bird diversity,dimensionless,21.682085531954147,NA,NA,FALSE,NA,NA,NA,NA
Foliage_delta_mean_foliage_height_gaussian,2,macarthur_1961,sensitivity,mean_foliage_height,logarithmic,2,117,16.647637576008119,ft,2.2485768168762497,natural-log Shannon bird diversity,dimensionless,21.682085531954147,NA,NA,FALSE,NA,NA,NA,NA
Foliage_delta_mean_foliage_height_gaussian,2,macarthur_1961,sensitivity,mean_foliage_height,logarithmic,2,118,16.79013833647695,ft,2.2510973571951354,natural-log Shannon bird diversity,dimensionless,21.682085531954147,NA,NA,FALSE,NA,NA,NA,NA
Foliage_delta_mean_foliage_height_gaussian,2,macarthur_1961,sensitivity,mean_foliage_height,logarithmic,2,119,16.932639096945778,ft,2.2535965954011132,natural-log Shannon bird diversity,dimensionless,21.682085531954147,NA,NA,FALSE,NA,NA,NA,NA
Foliage_delta_mean_foliage_height_gaussian,2,macarthur_1961,sensitivity,mean_foliage_height,logarithmic,2,120,17.075139857414609,ft,2.2560748885443807,natural-log Shannon bird diversity,dimensionless,21.682085531954147,NA,NA,FALSE,NA,NA,NA,NA
Foliage_delta_mean_foliage_height_gaussian,2,macarthur_1961,sensitivity,mean_foliage_height,logarithmic,2,121,17.21764061788344,ft,2.258532584772774,natural-log Shannon bird diversity,dimensionless,21.682085531954147,NA,NA,FALSE,NA,NA,NA,NA
Foliage_delta_mean_foliage_height_gaussian,2,macarthur_1961,sensitivity,mean_foliage_height,logarithmic,2,122,17.360141378352271,ft,2.2609700236252843,natural-log Shannon bird diversity,dimensionless,21.682085531954147,NA,NA,FALSE,NA,NA,NA,NA
Foliage_delta_mean_foliage_height_gaussian,2,macarthur_1961,sensitivity,mean_foliage_height,logarithmic,2,123,17.502642138821102,ft,2.2633875363135716,natural-log Shannon bird diversity,dimensionless,21.682085531954147,NA,NA,FALSE,NA,NA,NA,NA
Foliage_delta_mean_foliage_height_gaussian,2,macarthur_1961,sensitivity,mean_foliage_height,logarithmic,2,124,17.645142899289933,ft,2.2657854459920657,natural-log Shannon bird diversity,dimensionless,21.682085531954147,NA,NA,FALSE,NA,NA,NA,NA
Foliage_delta_mean_foliage_height_gaussian,2,macarthur_1961,sensitivity,mean_foliage_height,logarithmic,2,125,17.787643659758764,ft,2.268164068017207,natural-log Shannon bird diversity,dimensionless,21.682085531954147,NA,NA,FALSE,NA,NA,NA,NA
Foliage_delta_mean_foliage_height_gaussian,2,macarthur_1961,sensitivity,mean_foliage_height,logarithmic,2,126,17.930144420227592,ft,2.2705237101963389,natural-log Shannon bird diversity,dimensionless,21.682085531954147,NA,NA,FALSE,NA,NA,NA,NA
Foliage_delta_mean_foliage_height_gaussian,2,macarthur_1961,sensitivity,mean_foliage_height,logarithmic,2,127,18.072645180696423,ft,2.272864673026755,natural-log Shannon bird diversity,dimensionless,21.682085531954147,NA,NA,FALSE,NA,NA,NA,NA
Foliage_delta_mean_foliage_height_gaussian,2,macarthur_1961,sensitivity,mean_foliage_height,logarithmic,2,128,18.215145941165254,ft,2.2751872499253523,natural-log Shannon bird diversity,dimensionless,21.682085531954147,NA,NA,FALSE,NA,NA,NA,NA
Foliage_delta_mean_foliage_height_gaussian,2,macarthur_1961,sensitivity,mean_foliage_height,logarithmic,2,129,18.357646701634085,ft,2.2774917274493411,natural-log Shannon bird diversity,dimensionless,21.682085531954147,NA,NA,FALSE,NA,NA,NA,NA
Foliage_delta_mean_foliage_height_gaussian,2,macarthur_1961,sensitivity,mean_foliage_height,logarithmic,2,130,18.500147462102916,ft,2.2797783855084188,natural-log Shannon bird diversity,dimensionless,21.682085531954147,NA,NA,FALSE,NA,NA,NA,NA
Foliage_delta_mean_foliage_height_gaussian,2,macarthur_1961,sensitivity,mean_foliage_height,logarithmic,2,131,18.642648222571747,ft,2.2820474975688034,natural-log Shannon bird diversity,dimensionless,21.682085531954147,NA,NA,FALSE,NA,NA,NA,NA
Foliage_delta_mean_foliage_height_gaussian,2,macarthur_1961,sensitivity,mean_foliage_height,logarithmic,2,132,18.785148983040578,ft,2.2842993308495001,natural-log Shannon bird diversity,dimensionless,21.682085531954147,NA,NA,FALSE,NA,NA,NA,NA
Foliage_delta_mean_foliage_height_gaussian,2,macarthur_1961,sensitivity,mean_foliage_height,logarithmic,2,133,18.927649743509406,ft,2.2865341465111495,natural-log Shannon bird diversity,dimensionless,21.682085531954147,NA,NA,FALSE,NA,NA,NA,NA
Foliage_delta_mean_foliage_height_gaussian,2,macarthur_1961,sensitivity,mean_foliage_height,logarithmic,2,134,19.070150503978237,ft,2.2887521998377953,natural-log Shannon bird diversity,dimensionless,21.682085531954147,NA,NA,FALSE,NA,NA,NA,NA
Foliage_delta_mean_foliage_height_gaussian,2,macarthur_1961,sensitivity,mean_foliage_height,logarithmic,2,135,19.212651264447068,ft,2.2909537404118834,natural-log Shannon bird diversity,dimensionless,21.682085531954147,NA,NA,FALSE,NA,NA,NA,NA
Foliage_delta_mean_foliage_height_gaussian,2,macarthur_1961,sensitivity,mean_foliage_height,logarithmic,2,136,19.355152024915899,ft,2.2931390122827988,natural-log Shannon bird diversity,dimensionless,21.682085531954147,NA,NA,FALSE,NA,NA,NA,NA
Foliage_delta_mean_foliage_height_gaussian,2,macarthur_1961,sensitivity,mean_foliage_height,logarithmic,2,137,19.49765278538473,ft,2.2953082541292158,natural-log Shannon bird diversity,dimensionless,21.682085531954147,NA,NA,FALSE,NA,NA,NA,NA
Foliage_delta_mean_foliage_height_gaussian,2,macarthur_1961,sensitivity,mean_foliage_height,logarithmic,2,138,19.640153545853561,ft,2.2974616994155412,natural-log Shannon bird diversity,dimensionless,21.682085531954147,NA,NA,FALSE,NA,NA,NA,NA
Foliage_delta_mean_foliage_height_gaussian,2,macarthur_1961,sensitivity,mean_foliage_height,logarithmic,2,139,19.782654306322392,ft,2.2995995765427022,natural-log Shannon bird diversity,dimensionless,21.682085531954147,NA,NA,FALSE,NA,NA,NA,NA
Foliage_delta_mean_foliage_height_gaussian,2,macarthur_1961,sensitivity,mean_foliage_height,logarithmic,2,140,19.92515506679122,ft,2.3017221089935167,natural-log Shannon bird diversity,dimensionless,21.682085531954147,NA,NA,FALSE,NA,NA,NA,NA
Foliage_delta_mean_foliage_height_gaussian,2,macarthur_1961,sensitivity,mean_foliage_height,logarithmic,2,141,20.067655827260051,ft,2.3038295154728945,natural-log Shannon bird diversity,dimensionless,21.682085531954147,NA,NA,FALSE,NA,NA,NA,NA
Foliage_delta_mean_foliage_height_gaussian,2,macarthur_1961,sensitivity,mean_foliage_height,logarithmic,2,142,20.210156587728882,ft,2.3059220100430666,natural-log Shannon bird diversity,dimensionless,21.682085531954147,NA,NA,FALSE,NA,NA,NA,NA
Foliage_delta_mean_foliage_height_gaussian,2,macarthur_1961,sensitivity,mean_foliage_height,logarithmic,2,143,20.352657348197713,ft,2.3079998022540726,natural-log Shannon bird diversity,dimensionless,21.682085531954147,NA,NA,FALSE,NA,NA,NA,NA
Foliage_delta_mean_foliage_height_gaussian,2,macarthur_1961,sensitivity,mean_foliage_height,logarithmic,2,144,20.495158108666544,ft,2.3100630972696918,natural-log Shannon bird diversity,dimensionless,21.682085531954147,NA,NA,FALSE,NA,NA,NA,NA
Foliage_delta_mean_foliage_height_gaussian,2,macarthur_1961,sensitivity,mean_foliage_height,logarithmic,2,145,20.637658869135375,ft,2.3121120959890091,natural-log Shannon bird diversity,dimensionless,21.682085531954147,NA,NA,FALSE,NA,NA,NA,NA
Foliage_delta_mean_foliage_height_gaussian,2,macarthur_1961,sensitivity,mean_foliage_height,logarithmic,2,146,20.780159629604203,ft,2.3141469951638052,natural-log Shannon bird diversity,dimensionless,21.682085531954147,NA,NA,FALSE,NA,NA,NA,NA
Foliage_delta_mean_foliage_height_gaussian,2,macarthur_1961,sensitivity,mean_foliage_height,logarithmic,2,147,20.922660390073034,ft,2.3161679875119288,natural-log Shannon bird diversity,dimensionless,21.682085531954147,NA,NA,FALSE,NA,NA,NA,NA
Foliage_delta_mean_foliage_height_gaussian,2,macarthur_1961,sensitivity,mean_foliage_height,logarithmic,2,148,21.065161150541865,ft,2.3181752618268239,natural-log Shannon bird diversity,dimensionless,21.682085531954147,NA,NA,FALSE,NA,NA,NA,NA
Foliage_delta_mean_foliage_height_gaussian,2,macarthur_1961,sensitivity,mean_foliage_height,logarithmic,2,149,21.207661911010696,ft,2.3201690030833646,natural-log Shannon bird diversity,dimensionless,21.682085531954147,NA,NA,FALSE,NA,NA,NA,NA
Foliage_delta_mean_foliage_height_gaussian,2,macarthur_1961,sensitivity,mean_foliage_height,logarithmic,2,150,21.350162671479527,ft,2.3221493925401466,natural-log Shannon bird diversity,dimensionless,21.682085531954147,NA,NA,FALSE,NA,NA,NA,NA
Foliage_delta_mean_foliage_height_gaussian,2,macarthur_1961,sensitivity,mean_foliage_height,logarithmic,2,151,21.492663431948358,ft,2.3241166078383739,natural-log Shannon bird diversity,dimensionless,21.682085531954147,NA,NA,FALSE,NA,NA,NA,NA
Foliage_delta_mean_foliage_height_gaussian,2,macarthur_1961,sensitivity,mean_foliage_height,logarithmic,2,152,21.635164192417189,ft,2.3260708230974823,natural-log Shannon bird diversity,dimensionless,21.682085531954147,NA,NA,FALSE,NA,NA,NA,NA
Foliage_delta_mean_foliage_height_gaussian,2,macarthur_1961,sensitivity,mean_foliage_height,logarithmic,2,153,21.777664952886017,ft,2.3280122090076185,natural-log Shannon bird diversity,dimensionless,21.682085531954147,NA,NA,FALSE,NA,NA,NA,NA
Foliage_delta_mean_foliage_height_gaussian,2,macarthur_1961,sensitivity,mean_foliage_height,logarithmic,2,154,21.920165713354848,ft,2.3299409329191096,natural-log Shannon bird diversity,dimensionless,21.682085531954147,NA,NA,FALSE,NA,NA,NA,NA
Foliage_delta_mean_foliage_height_gaussian,2,macarthur_1961,sensitivity,mean_foliage_height,logarithmic,2,155,22.062666473823679,ft,2.3318571589290276,natural-log Shannon bird diversity,dimensionless,21.682085531954147,NA,NA,FALSE,NA,NA,NA,NA
Foliage_delta_mean_foliage_height_gaussian,2,macarthur_1961,sensitivity,mean_foliage_height,logarithmic,2,156,22.20516723429251,ft,2.3337610479649724,natural-log Shannon bird diversity,dimensionless,21.682085531954147,NA,NA,FALSE,NA,NA,NA,NA
Foliage_delta_mean_foliage_height_gaussian,2,macarthur_1961,sensitivity,mean_foliage_height,logarithmic,2,157,22.347667994761341,ft,2.3356527578661712,natural-log Shannon bird diversity,dimensionless,21.682085531954147,NA,NA,FALSE,NA,NA,NA,NA
Foliage_delta_mean_foliage_height_gaussian,2,macarthur_1961,sensitivity,mean_foliage_height,logarithmic,2,158,22.490168755230172,ft,2.3375324434620031,natural-log Shannon bird diversity,dimensionless,21.682085531954147,NA,NA,FALSE,NA,NA,NA,NA
Foliage_delta_mean_foliage_height_gaussian,2,macarthur_1961,sensitivity,mean_foliage_height,logarithmic,2,159,22.632669515699003,ft,2.3394002566480427,natural-log Shannon bird diversity,dimensionless,21.682085531954147,NA,NA,FALSE,NA,NA,NA,NA
Foliage_delta_mean_foliage_height_gaussian,2,macarthur_1961,sensitivity,mean_foliage_height,logarithmic,2,160,22.775170276167831,ft,2.341256346459716,natural-log Shannon bird diversity,dimensionless,21.682085531954147,NA,NA,FALSE,NA,NA,NA,NA
Foliage_delta_mean_foliage_height_gaussian,2,macarthur_1961,sensitivity,mean_foliage_height,logarithmic,2,161,22.917671036636662,ft,2.3431008591436622,natural-log Shannon bird diversity,dimensionless,21.682085531954147,NA,NA,FALSE,NA,NA,NA,NA
Foliage_delta_mean_foliage_height_gaussian,2,macarthur_1961,sensitivity,mean_foliage_height,logarithmic,2,162,23.060171797105493,ft,2.3449339382268799,natural-log Shannon bird diversity,dimensionless,21.682085531954147,NA,NA,FALSE,NA,NA,NA,NA
Foliage_delta_mean_foliage_height_gaussian,2,macarthur_1961,sensitivity,mean_foliage_height,logarithmic,2,163,23.202672557574324,ft,2.3467557245837471,natural-log Shannon bird diversity,dimensionless,21.682085531954147,NA,NA,FALSE,NA,NA,NA,NA
Foliage_delta_mean_foliage_height_gaussian,2,macarthur_1961,sensitivity,mean_foliage_height,logarithmic,2,164,23.345173318043155,ft,2.3485663565009869,natural-log Shannon bird diversity,dimensionless,21.682085531954147,NA,NA,FALSE,NA,NA,NA,NA
Foliage_delta_mean_foliage_height_gaussian,2,macarthur_1961,sensitivity,mean_foliage_height,logarithmic,2,165,23.487674078511986,ft,2.3503659697406571,natural-log Shannon bird diversity,dimensionless,21.682085531954147,NA,NA,FALSE,NA,NA,NA,NA
Foliage_delta_mean_foliage_height_gaussian,2,macarthur_1961,sensitivity,mean_foliage_height,logarithmic,2,166,23.630174838980817,ft,2.3521546976012355,natural-log Shannon bird diversity,dimensionless,21.682085531954147,NA,NA,FALSE,NA,NA,NA,NA
Foliage_delta_mean_foliage_height_gaussian,2,macarthur_1961,sensitivity,mean_foliage_height,logarithmic,2,167,23.772675599449645,ft,2.3539326709768682,natural-log Shannon bird diversity,dimensionless,21.682085531954147,NA,NA,FALSE,NA,NA,NA,NA
Foliage_delta_mean_foliage_height_gaussian,2,macarthur_1961,sensitivity,mean_foliage_height,logarithmic,2,168,23.915176359918476,ft,2.3557000184148458,natural-log Shannon bird diversity,dimensionless,21.682085531954147,NA,NA,FALSE,NA,NA,NA,NA
Foliage_delta_mean_foliage_height_gaussian,2,macarthur_1961,sensitivity,mean_foliage_height,logarithmic,2,169,24.057677120387307,ft,2.357456866171376,natural-log Shannon bird diversity,dimensionless,21.682085531954147,NA,NA,FALSE,NA,NA,NA,NA
Foliage_delta_mean_foliage_height_gaussian,2,macarthur_1961,sensitivity,mean_foliage_height,logarithmic,2,170,24.200177880856138,ft,2.3592033382657069,natural-log Shannon bird diversity,dimensionless,21.682085531954147,NA,NA,FALSE,NA,NA,NA,NA
Foliage_delta_mean_foliage_height_gaussian,2,macarthur_1961,sensitivity,mean_foliage_height,logarithmic,2,171,24.342678641324969,ft,2.3609395565326601,natural-log Shannon bird diversity,dimensionless,21.682085531954147,NA,NA,FALSE,NA,NA,NA,NA
Foliage_delta_mean_foliage_height_gaussian,2,macarthur_1961,sensitivity,mean_foliage_height,logarithmic,2,172,24.4851794017938,ft,2.3626656406736335,natural-log Shannon bird diversity,dimensionless,21.682085531954147,NA,NA,FALSE,NA,NA,NA,NA
Foliage_delta_mean_foliage_height_gaussian,2,macarthur_1961,sensitivity,mean_foliage_height,logarithmic,2,173,24.627680162262628,ft,2.3643817083061229,natural-log Shannon bird diversity,dimensionless,21.682085531954147,NA,NA,FALSE,NA,NA,NA,NA
Foliage_delta_mean_foliage_height_gaussian,2,macarthur_1961,sensitivity,mean_foliage_height,logarithmic,2,174,24.770180922731459,ft,2.3660878750118148,natural-log Shannon bird diversity,dimensionless,21.682085531954147,NA,NA,FALSE,NA,NA,NA,NA
Foliage_delta_mean_foliage_height_gaussian,2,macarthur_1961,sensitivity,mean_foliage_height,logarithmic,2,175,24.91268168320029,ft,2.3677842543833005,natural-log Shannon bird diversity,dimensionless,21.682085531954147,NA,NA,FALSE,NA,NA,NA,NA
Foliage_delta_mean_foliage_height_gaussian,2,macarthur_1961,sensitivity,mean_foliage_height,logarithmic,2,176,25.055182443669121,ft,2.3694709580694564,natural-log Shannon bird diversity,dimensionless,21.682085531954147,NA,NA,FALSE,NA,NA,NA,NA
Foliage_delta_mean_foliage_height_gaussian,2,macarthur_1961,sensitivity,mean_foliage_height,logarithmic,2,177,25.197683204137952,ft,2.3711480958195401,natural-log Shannon bird diversity,dimensionless,21.682085531954147,NA,NA,FALSE,NA,NA,NA,NA
Foliage_delta_mean_foliage_height_gaussian,2,macarthur_1961,sensitivity,mean_foliage_height,logarithmic,2,178,25.340183964606783,ft,2.3728157755260395,natural-log Shannon bird diversity,dimensionless,21.682085531954147,NA,NA,FALSE,NA,NA,NA,NA
Foliage_delta_mean_foliage_height_gaussian,2,macarthur_1961,sensitivity,mean_foliage_height,logarithmic,2,179,25.482684725075615,ft,2.3744741032663246,natural-log Shannon bird diversity,dimensionless,21.682085531954147,NA,NA,FALSE,NA,NA,NA,NA
Foliage_delta_mean_foliage_height_gaussian,2,macarthur_1961,sensitivity,mean_foliage_height,logarithmic,2,180,25.625185485544442,ft,2.3761231833431351,natural-log Shannon bird diversity,dimensionless,21.682085531954147,NA,NA,FALSE,NA,NA,NA,NA
Foliage_delta_mean_foliage_height_gaussian,2,macarthur_1961,sensitivity,mean_foliage_height,logarithmic,2,181,25.767686246013273,ft,2.3777631183239452,natural-log Shannon bird diversity,dimensionless,21.682085531954147,NA,NA,FALSE,NA,NA,NA,NA
Foliage_delta_mean_foliage_height_gaussian,2,macarthur_1961,sensitivity,mean_foliage_height,logarithmic,2,182,25.910187006482104,ft,2.3793940090792454,natural-log Shannon bird diversity,dimensionless,21.682085531954147,NA,NA,FALSE,NA,NA,NA,NA
Foliage_delta_mean_foliage_height_gaussian,2,macarthur_1961,sensitivity,mean_foliage_height,logarithmic,2,183,26.052687766950935,ft,2.3810159548197705,natural-log Shannon bird diversity,dimensionless,21.682085531954147,NA,NA,FALSE,NA,NA,NA,NA
Foliage_delta_mean_foliage_height_gaussian,2,macarthur_1961,sensitivity,mean_foliage_height,logarithmic,2,184,26.195188527419766,ft,2.3826290531327179,natural-log Shannon bird diversity,dimensionless,21.682085531954147,NA,NA,FALSE,NA,NA,NA,NA
Foliage_delta_mean_foliage_height_gaussian,2,macarthur_1961,sensitivity,mean_foliage_height,logarithmic,2,185,26.337689287888598,ft,2.3842334000169769,natural-log Shannon bird diversity,dimensionless,21.682085531954147,NA,NA,FALSE,NA,NA,NA,NA
Foliage_delta_mean_foliage_height_gaussian,2,macarthur_1961,sensitivity,mean_foliage_height,logarithmic,2,186,26.480190048357429,ft,2.3858290899174124,natural-log Shannon bird diversity,dimensionless,21.682085531954147,NA,NA,FALSE,NA,NA,NA,NA
Foliage_delta_mean_foliage_height_gaussian,2,macarthur_1961,sensitivity,mean_foliage_height,logarithmic,2,187,26.622690808826256,ft,2.3874162157582264,natural-log Shannon bird diversity,dimensionless,21.682085531954147,NA,NA,FALSE,NA,NA,NA,NA
Foliage_delta_mean_foliage_height_gaussian,2,macarthur_1961,sensitivity,mean_foliage_height,logarithmic,2,188,26.765191569295087,ft,2.3889948689754306,natural-log Shannon bird diversity,dimensionless,21.682085531954147,NA,NA,FALSE,NA,NA,NA,NA
Foliage_delta_mean_foliage_height_gaussian,2,macarthur_1961,sensitivity,mean_foliage_height,logarithmic,2,189,26.907692329763918,ft,2.3905651395484537,natural-log Shannon bird diversity,dimensionless,21.682085531954147,NA,NA,FALSE,NA,NA,NA,NA
Foliage_delta_mean_foliage_height_gaussian,2,macarthur_1961,sensitivity,mean_foliage_height,logarithmic,2,190,27.050193090232749,ft,2.3921271160309177,natural-log Shannon bird diversity,dimensionless,21.682085531954147,NA,NA,FALSE,NA,NA,NA,NA
Foliage_delta_mean_foliage_height_gaussian,2,macarthur_1961,sensitivity,mean_foliage_height,logarithmic,2,191,27.192693850701581,ft,2.3936808855806033,natural-log Shannon bird diversity,dimensionless,21.682085531954147,NA,NA,FALSE,NA,NA,NA,NA
Foliage_delta_mean_foliage_height_gaussian,2,macarthur_1961,sensitivity,mean_foliage_height,logarithmic,2,192,27.335194611170412,ft,2.3952265339886334,natural-log Shannon bird diversity,dimensionless,21.682085531954147,NA,NA,FALSE,NA,NA,NA,NA
Foliage_delta_mean_foliage_height_gaussian,2,macarthur_1961,sensitivity,mean_foliage_height,logarithmic,2,193,27.477695371639243,ft,2.3967641457078965,natural-log Shannon bird diversity,dimensionless,21.682085531954147,NA,NA,FALSE,NA,NA,NA,NA
Foliage_delta_mean_foliage_height_gaussian,2,macarthur_1961,sensitivity,mean_foliage_height,logarithmic,2,194,27.62019613210807,ft,2.3982938038807364,natural-log Shannon bird diversity,dimensionless,21.682085531954147,NA,NA,FALSE,NA,NA,NA,NA
Foliage_delta_mean_foliage_height_gaussian,2,macarthur_1961,sensitivity,mean_foliage_height,logarithmic,2,195,27.762696892576901,ft,2.3998155903659293,natural-log Shannon bird diversity,dimensionless,21.682085531954147,NA,NA,FALSE,NA,NA,NA,NA
Foliage_delta_mean_foliage_height_gaussian,2,macarthur_1961,sensitivity,mean_foliage_height,logarithmic,2,196,27.905197653045732,ft,2.4013295857649686,natural-log Shannon bird diversity,dimensionless,21.682085531954147,NA,NA,FALSE,NA,NA,NA,NA
Foliage_delta_mean_foliage_height_gaussian,2,macarthur_1961,sensitivity,mean_foliage_height,logarithmic,2,197,28.047698413514563,ft,2.4028358694476832,natural-log Shannon bird diversity,dimensionless,21.682085531954147,NA,NA,FALSE,NA,NA,NA,NA
Foliage_delta_mean_foliage_height_gaussian,2,macarthur_1961,sensitivity,mean_foliage_height,logarithmic,2,198,28.190199173983395,ft,2.4043345195772035,natural-log Shannon bird diversity,dimensionless,21.682085531954147,NA,NA,FALSE,NA,NA,NA,NA
Foliage_delta_mean_foliage_height_gaussian,2,macarthur_1961,sensitivity,mean_foliage_height,logarithmic,2,199,28.332699934452226,ft,2.4058256131342999,natural-log Shannon bird diversity,dimensionless,21.682085531954147,NA,NA,FALSE,NA,NA,NA,NA
Foliage_delta_mean_foliage_height_gaussian,2,macarthur_1961,sensitivity,mean_foliage_height,logarithmic,2,200,28.475200694921053,ft,2.4073092259411109,natural-log Shannon bird diversity,dimensionless,21.682085531954147,NA,NA,FALSE,NA,NA,NA,NA
Foliage_delta_mean_foliage_height_gaussian,2,macarthur_1961,sensitivity,mean_foliage_height,quadratic,3,1,0.11754936162377437,ft,1.1454365129408144,natural-log Shannon bird diversity,dimensionless,21.682085531954147,NA,NA,FALSE,NA,NA,NA,NA
Foliage_delta_mean_foliage_height_gaussian,2,macarthur_1961,sensitivity,mean_foliage_height,quadratic,3,2,0.26005012209260492,ft,1.164314443659785,natural-log Shannon bird diversity,dimensionless,21.682085531954147,NA,NA,FALSE,NA,NA,NA,NA
Foliage_delta_mean_foliage_height_gaussian,2,macarthur_1961,sensitivity,mean_foliage_height,quadratic,3,3,0.40255088256143551,ft,1.1830570817696924,natural-log Shannon bird diversity,dimensionless,21.682085531954147,NA,NA,FALSE,NA,NA,NA,NA
Foliage_delta_mean_foliage_height_gaussian,2,macarthur_1961,sensitivity,mean_foliage_height,quadratic,3,4,0.5450516430302661,ft,1.2016644272705366,natural-log Shannon bird diversity,dimensionless,21.682085531954147,NA,NA,FALSE,NA,NA,NA,NA
Foliage_delta_mean_foliage_height_gaussian,2,macarthur_1961,sensitivity,mean_foliage_height,quadratic,3,5,0.68755240349909663,ft,1.2201364801623178,natural-log Shannon bird diversity,dimensionless,21.682085531954147,NA,NA,FALSE,NA,NA,NA,NA
Foliage_delta_mean_foliage_height_gaussian,2,macarthur_1961,sensitivity,mean_foliage_height,quadratic,3,6,0.83005316396792717,ft,1.2384732404450356,natural-log Shannon bird diversity,dimensionless,21.682085531954147,NA,NA,FALSE,NA,NA,NA,NA
Foliage_delta_mean_foliage_height_gaussian,2,macarthur_1961,sensitivity,mean_foliage_height,quadratic,3,7,0.97255392443675781,ft,1.2566747081186904,natural-log Shannon bird diversity,dimensionless,21.682085531954147,NA,NA,FALSE,NA,NA,NA,NA
Foliage_delta_mean_foliage_height_gaussian,2,macarthur_1961,sensitivity,mean_foliage_height,quadratic,3,8,1.1150546849055882,ft,1.2747408831832823,natural-log Shannon bird diversity,dimensionless,21.682085531954147,NA,NA,FALSE,NA,NA,NA,NA
Foliage_delta_mean_foliage_height_gaussian,2,macarthur_1961,sensitivity,mean_foliage_height,quadratic,3,9,1.2575554453744189,ft,1.2926717656388109,natural-log Shannon bird diversity,dimensionless,21.682085531954147,NA,NA,FALSE,NA,NA,NA,NA
Foliage_delta_mean_foliage_height_gaussian,2,macarthur_1961,sensitivity,mean_foliage_height,quadratic,3,10,1.4000562058432495,ft,1.3104673554852764,natural-log Shannon bird diversity,dimensionless,21.682085531954147,NA,NA,FALSE,NA,NA,NA,NA
Foliage_delta_mean_foliage_height_gaussian,2,macarthur_1961,sensitivity,mean_foliage_height,quadratic,3,11,1.5425569663120799,ft,1.3281276527226786,natural-log Shannon bird diversity,dimensionless,21.682085531954147,NA,NA,FALSE,NA,NA,NA,NA
Foliage_delta_mean_foliage_height_gaussian,2,macarthur_1961,sensitivity,mean_foliage_height,quadratic,3,12,1.6850577267809106,ft,1.3456526573510181,natural-log Shannon bird diversity,dimensionless,21.682085531954147,NA,NA,FALSE,NA,NA,NA,NA
Foliage_delta_mean_foliage_height_gaussian,2,macarthur_1961,sensitivity,mean_foliage_height,quadratic,3,13,1.8275584872497412,ft,1.3630423693702942,natural-log Shannon bird diversity,dimensionless,21.682085531954147,NA,NA,FALSE,NA,NA,NA,NA
Foliage_delta_mean_foliage_height_gaussian,2,macarthur_1961,sensitivity,mean_foliage_height,quadratic,3,14,1.9700592477185717,ft,1.3802967887805071,natural-log Shannon bird diversity,dimensionless,21.682085531954147,NA,NA,FALSE,NA,NA,NA,NA
Foliage_delta_mean_foliage_height_gaussian,2,macarthur_1961,sensitivity,mean_foliage_height,quadratic,3,15,2.1125600081874021,ft,1.397415915581657,natural-log Shannon bird diversity,dimensionless,21.682085531954147,NA,NA,FALSE,NA,NA,NA,NA
Foliage_delta_mean_foliage_height_gaussian,2,macarthur_1961,sensitivity,mean_foliage_height,quadratic,3,16,2.2550607686562327,ft,1.4143997497737439,natural-log Shannon bird diversity,dimensionless,21.682085531954147,NA,NA,FALSE,NA,NA,NA,NA
Foliage_delta_mean_foliage_height_gaussian,2,macarthur_1961,sensitivity,mean_foliage_height,quadratic,3,17,2.3975615291250634,ft,1.4312482913567677,natural-log Shannon bird diversity,dimensionless,21.682085531954147,NA,NA,FALSE,NA,NA,NA,NA
Foliage_delta_mean_foliage_height_gaussian,2,macarthur_1961,sensitivity,mean_foliage_height,quadratic,3,18,2.540062289593894,ft,1.447961540330728,natural-log Shannon bird diversity,dimensionless,21.682085531954147,NA,NA,FALSE,NA,NA,NA,NA
Foliage_delta_mean_foliage_height_gaussian,2,macarthur_1961,sensitivity,mean_foliage_height,quadratic,3,19,2.6825630500627247,ft,1.4645394966956256,natural-log Shannon bird diversity,dimensionless,21.682085531954147,NA,NA,FALSE,NA,NA,NA,NA
Foliage_delta_mean_foliage_height_gaussian,2,macarthur_1961,sensitivity,mean_foliage_height,quadratic,3,20,2.8250638105315549,ft,1.4809821604514599,natural-log Shannon bird diversity,dimensionless,21.682085531954147,NA,NA,FALSE,NA,NA,NA,NA
Foliage_delta_mean_foliage_height_gaussian,2,macarthur_1961,sensitivity,mean_foliage_height,quadratic,3,21,2.9675645710003855,ft,1.4972895315982311,natural-log Shannon bird diversity,dimensionless,21.682085531954147,NA,NA,FALSE,NA,NA,NA,NA
Foliage_delta_mean_foliage_height_gaussian,2,macarthur_1961,sensitivity,mean_foliage_height,quadratic,3,22,3.1100653314692162,ft,1.5134616101359391,natural-log Shannon bird diversity,dimensionless,21.682085531954147,NA,NA,FALSE,NA,NA,NA,NA
Foliage_delta_mean_foliage_height_gaussian,2,macarthur_1961,sensitivity,mean_foliage_height,quadratic,3,23,3.2525660919380468,ft,1.529498396064584,natural-log Shannon bird diversity,dimensionless,21.682085531954147,NA,NA,FALSE,NA,NA,NA,NA
Foliage_delta_mean_foliage_height_gaussian,2,macarthur_1961,sensitivity,mean_foliage_height,quadratic,3,24,3.3950668524068774,ft,1.5453998893841658,natural-log Shannon bird diversity,dimensionless,21.682085531954147,NA,NA,FALSE,NA,NA,NA,NA
Foliage_delta_mean_foliage_height_gaussian,2,macarthur_1961,sensitivity,mean_foliage_height,quadratic,3,25,3.5375676128757081,ft,1.5611660900946847,natural-log Shannon bird diversity,dimensionless,21.682085531954147,NA,NA,FALSE,NA,NA,NA,NA
Foliage_delta_mean_foliage_height_gaussian,2,macarthur_1961,sensitivity,mean_foliage_height,quadratic,3,26,3.6800683733445383,ft,1.5767969981961401,natural-log Shannon bird diversity,dimensionless,21.682085531954147,NA,NA,FALSE,NA,NA,NA,NA
Foliage_delta_mean_foliage_height_gaussian,2,macarthur_1961,sensitivity,mean_foliage_height,quadratic,3,27,3.8225691338133689,ft,1.5922926136885327,natural-log Shannon bird diversity,dimensionless,21.682085531954147,NA,NA,FALSE,NA,NA,NA,NA
Foliage_delta_mean_foliage_height_gaussian,2,macarthur_1961,sensitivity,mean_foliage_height,quadratic,3,28,3.9650698942821996,ft,1.6076529365718619,natural-log Shannon bird diversity,dimensionless,21.682085531954147,NA,NA,FALSE,NA,NA,NA,NA
Foliage_delta_mean_foliage_height_gaussian,2,macarthur_1961,sensitivity,mean_foliage_height,quadratic,3,29,4.1075706547510302,ft,1.6228779668461284,natural-log Shannon bird diversity,dimensionless,21.682085531954147,NA,NA,FALSE,NA,NA,NA,NA
Foliage_delta_mean_foliage_height_gaussian,2,macarthur_1961,sensitivity,mean_foliage_height,quadratic,3,30,4.2500714152198604,ft,1.6379677045113312,natural-log Shannon bird diversity,dimensionless,21.682085531954147,NA,NA,FALSE,NA,NA,NA,NA
Foliage_delta_mean_foliage_height_gaussian,2,macarthur_1961,sensitivity,mean_foliage_height,quadratic,3,31,4.3925721756886906,ft,1.6529221495674713,natural-log Shannon bird diversity,dimensionless,21.682085531954147,NA,NA,FALSE,NA,NA,NA,NA
Foliage_delta_mean_foliage_height_gaussian,2,macarthur_1961,sensitivity,mean_foliage_height,quadratic,3,32,4.5350729361575217,ft,1.6677413020145482,natural-log Shannon bird diversity,dimensionless,21.682085531954147,NA,NA,FALSE,NA,NA,NA,NA
Foliage_delta_mean_foliage_height_gaussian,2,macarthur_1961,sensitivity,mean_foliage_height,quadratic,3,33,4.6775736966263519,ft,1.6824251618525619,natural-log Shannon bird diversity,dimensionless,21.682085531954147,NA,NA,FALSE,NA,NA,NA,NA
Foliage_delta_mean_foliage_height_gaussian,2,macarthur_1961,sensitivity,mean_foliage_height,quadratic,3,34,4.8200744570951821,ft,1.6969737290815126,natural-log Shannon bird diversity,dimensionless,21.682085531954147,NA,NA,FALSE,NA,NA,NA,NA
Foliage_delta_mean_foliage_height_gaussian,2,macarthur_1961,sensitivity,mean_foliage_height,quadratic,3,35,4.9625752175640132,ft,1.7113870037014001,natural-log Shannon bird diversity,dimensionless,21.682085531954147,NA,NA,FALSE,NA,NA,NA,NA
Foliage_delta_mean_foliage_height_gaussian,2,macarthur_1961,sensitivity,mean_foliage_height,quadratic,3,36,5.1050759780328434,ft,1.7256649857122246,natural-log Shannon bird diversity,dimensionless,21.682085531954147,NA,NA,FALSE,NA,NA,NA,NA
Foliage_delta_mean_foliage_height_gaussian,2,macarthur_1961,sensitivity,mean_foliage_height,quadratic,3,37,5.2475767385016745,ft,1.7398076751139859,natural-log Shannon bird diversity,dimensionless,21.682085531954147,NA,NA,FALSE,NA,NA,NA,NA
Foliage_delta_mean_foliage_height_gaussian,2,macarthur_1961,sensitivity,mean_foliage_height,quadratic,3,38,5.3900774989705047,ft,1.7538150719066838,natural-log Shannon bird diversity,dimensionless,21.682085531954147,NA,NA,FALSE,NA,NA,NA,NA
Foliage_delta_mean_foliage_height_gaussian,2,macarthur_1961,sensitivity,mean_foliage_height,quadratic,3,39,5.5325782594393349,ft,1.767687176090319,natural-log Shannon bird diversity,dimensionless,21.682085531954147,NA,NA,FALSE,NA,NA,NA,NA
Foliage_delta_mean_foliage_height_gaussian,2,macarthur_1961,sensitivity,mean_foliage_height,quadratic,3,40,5.675079019908166,ft,1.781423987664891,natural-log Shannon bird diversity,dimensionless,21.682085531954147,NA,NA,FALSE,NA,NA,NA,NA
Foliage_delta_mean_foliage_height_gaussian,2,macarthur_1961,sensitivity,mean_foliage_height,quadratic,3,41,5.8175797803769962,ft,1.7950255066303997,natural-log Shannon bird diversity,dimensionless,21.682085531954147,NA,NA,FALSE,NA,NA,NA,NA
Foliage_delta_mean_foliage_height_gaussian,2,macarthur_1961,sensitivity,mean_foliage_height,quadratic,3,42,5.9600805408458273,ft,1.8084917329868453,natural-log Shannon bird diversity,dimensionless,21.682085531954147,NA,NA,FALSE,NA,NA,NA,NA
Foliage_delta_mean_foliage_height_gaussian,2,macarthur_1961,sensitivity,mean_foliage_height,quadratic,3,43,6.1025813013146575,ft,1.8218226667342281,natural-log Shannon bird diversity,dimensionless,21.682085531954147,NA,NA,FALSE,NA,NA,NA,NA
Foliage_delta_mean_foliage_height_gaussian,2,macarthur_1961,sensitivity,mean_foliage_height,quadratic,3,44,6.2450820617834877,ft,1.8350183078725473,natural-log Shannon bird diversity,dimensionless,21.682085531954147,NA,NA,FALSE,NA,NA,NA,NA
Foliage_delta_mean_foliage_height_gaussian,2,macarthur_1961,sensitivity,mean_foliage_height,quadratic,3,45,6.3875828222523188,ft,1.8480786564018039,natural-log Shannon bird diversity,dimensionless,21.682085531954147,NA,NA,FALSE,NA,NA,NA,NA
Foliage_delta_mean_foliage_height_gaussian,2,macarthur_1961,sensitivity,mean_foliage_height,quadratic,3,46,6.530083582721149,ft,1.8610037123219969,natural-log Shannon bird diversity,dimensionless,21.682085531954147,NA,NA,FALSE,NA,NA,NA,NA
Foliage_delta_mean_foliage_height_gaussian,2,macarthur_1961,sensitivity,mean_foliage_height,quadratic,3,47,6.6725843431899801,ft,1.8737934756331274,natural-log Shannon bird diversity,dimensionless,21.682085531954147,NA,NA,FALSE,NA,NA,NA,NA
Foliage_delta_mean_foliage_height_gaussian,2,macarthur_1961,sensitivity,mean_foliage_height,quadratic,3,48,6.8150851036588103,ft,1.8864479463351942,natural-log Shannon bird diversity,dimensionless,21.682085531954147,NA,NA,FALSE,NA,NA,NA,NA
Foliage_delta_mean_foliage_height_gaussian,2,macarthur_1961,sensitivity,mean_foliage_height,quadratic,3,49,6.9575858641276414,ft,1.8989671244281978,natural-log Shannon bird diversity,dimensionless,21.682085531954147,NA,NA,FALSE,NA,NA,NA,NA
Foliage_delta_mean_foliage_height_gaussian,2,macarthur_1961,sensitivity,mean_foliage_height,quadratic,3,50,7.1000866245964716,ft,1.9113510099121389,natural-log Shannon bird diversity,dimensionless,21.682085531954147,NA,NA,FALSE,NA,NA,NA,NA
Foliage_delta_mean_foliage_height_gaussian,2,macarthur_1961,sensitivity,mean_foliage_height,quadratic,3,51,7.2425873850653018,ft,1.9235996027870164,natural-log Shannon bird diversity,dimensionless,21.682085531954147,NA,NA,FALSE,NA,NA,NA,NA
Foliage_delta_mean_foliage_height_gaussian,2,macarthur_1961,sensitivity,mean_foliage_height,quadratic,3,52,7.3850881455341328,ft,1.9357129030528306,natural-log Shannon bird diversity,dimensionless,21.682085531954147,NA,NA,FALSE,NA,NA,NA,NA
Foliage_delta_mean_foliage_height_gaussian,2,macarthur_1961,sensitivity,mean_foliage_height,quadratic,3,53,7.527588906002963,ft,1.9476909107095823,natural-log Shannon bird diversity,dimensionless,21.682085531954147,NA,NA,FALSE,NA,NA,NA,NA
Foliage_delta_mean_foliage_height_gaussian,2,macarthur_1961,sensitivity,mean_foliage_height,quadratic,3,54,7.6700896664717941,ft,1.9595336257572704,natural-log Shannon bird diversity,dimensionless,21.682085531954147,NA,NA,FALSE,NA,NA,NA,NA
Foliage_delta_mean_foliage_height_gaussian,2,macarthur_1961,sensitivity,mean_foliage_height,quadratic,3,55,7.8125904269406243,ft,1.9712410481958957,natural-log Shannon bird diversity,dimensionless,21.682085531954147,NA,NA,FALSE,NA,NA,NA,NA
Foliage_delta_mean_foliage_height_gaussian,2,macarthur_1961,sensitivity,mean_foliage_height,quadratic,3,56,7.9550911874094545,ft,1.9828131780254576,natural-log Shannon bird diversity,dimensionless,21.682085531954147,NA,NA,FALSE,NA,NA,NA,NA
Foliage_delta_mean_foliage_height_gaussian,2,macarthur_1961,sensitivity,mean_foliage_height,quadratic,3,57,8.0975919478782856,ft,1.9942500152459564,natural-log Shannon bird diversity,dimensionless,21.682085531954147,NA,NA,FALSE,NA,NA,NA,NA
Foliage_delta_mean_foliage_height_gaussian,2,macarthur_1961,sensitivity,mean_foliage_height,quadratic,3,58,8.2400927083471167,ft,2.0055515598573925,natural-log Shannon bird diversity,dimensionless,21.682085531954147,NA,NA,FALSE,NA,NA,NA,NA
Foliage_delta_mean_foliage_height_gaussian,2,macarthur_1961,sensitivity,mean_foliage_height,quadratic,3,59,8.3825934688159478,ft,2.0167178118597651,natural-log Shannon bird diversity,dimensionless,21.682085531954147,NA,NA,FALSE,NA,NA,NA,NA
Foliage_delta_mean_foliage_height_gaussian,2,macarthur_1961,sensitivity,mean_foliage_height,quadratic,3,60,8.5250942292847771,ft,2.0277487712530742,natural-log Shannon bird diversity,dimensionless,21.682085531954147,NA,NA,FALSE,NA,NA,NA,NA
Foliage_delta_mean_foliage_height_gaussian,2,macarthur_1961,sensitivity,mean_foliage_height,quadratic,3,61,8.6675949897536082,ft,2.0386444380373212,natural-log Shannon bird diversity,dimensionless,21.682085531954147,NA,NA,FALSE,NA,NA,NA,NA
Foliage_delta_mean_foliage_height_gaussian,2,macarthur_1961,sensitivity,mean_foliage_height,quadratic,3,62,8.8100957502224393,ft,2.0494048122125039,natural-log Shannon bird diversity,dimensionless,21.682085531954147,NA,NA,FALSE,NA,NA,NA,NA
Foliage_delta_mean_foliage_height_gaussian,2,macarthur_1961,sensitivity,mean_foliage_height,quadratic,3,63,8.9525965106912704,ft,2.0600298937786246,natural-log Shannon bird diversity,dimensionless,21.682085531954147,NA,NA,FALSE,NA,NA,NA,NA
Foliage_delta_mean_foliage_height_gaussian,2,macarthur_1961,sensitivity,mean_foliage_height,quadratic,3,64,9.0950972711600997,ft,2.0705196827356813,natural-log Shannon bird diversity,dimensionless,21.682085531954147,NA,NA,FALSE,NA,NA,NA,NA
Foliage_delta_mean_foliage_height_gaussian,2,macarthur_1961,sensitivity,mean_foliage_height,quadratic,3,65,9.2375980316289308,ft,2.0808741790836756,natural-log Shannon bird diversity,dimensionless,21.682085531954147,NA,NA,FALSE,NA,NA,NA,NA
Foliage_delta_mean_foliage_height_gaussian,2,macarthur_1961,sensitivity,mean_foliage_height,quadratic,3,66,9.3800987920977619,ft,2.0910933828226064,natural-log Shannon bird diversity,dimensionless,21.682085531954147,NA,NA,FALSE,NA,NA,NA,NA
Foliage_delta_mean_foliage_height_gaussian,2,macarthur_1961,sensitivity,mean_foliage_height,quadratic,3,67,9.5225995525665912,ft,2.1011772939524738,natural-log Shannon bird diversity,dimensionless,21.682085531954147,NA,NA,FALSE,NA,NA,NA,NA
Foliage_delta_mean_foliage_height_gaussian,2,macarthur_1961,sensitivity,mean_foliage_height,quadratic,3,68,9.6651003130354223,ft,2.1111259124732786,natural-log Shannon bird diversity,dimensionless,21.682085531954147,NA,NA,FALSE,NA,NA,NA,NA
Foliage_delta_mean_foliage_height_gaussian,2,macarthur_1961,sensitivity,mean_foliage_height,quadratic,3,69,9.8076010735042534,ft,2.1209392383850201,natural-log Shannon bird diversity,dimensionless,21.682085531954147,NA,NA,FALSE,NA,NA,NA,NA
Foliage_delta_mean_foliage_height_gaussian,2,macarthur_1961,sensitivity,mean_foliage_height,quadratic,3,70,9.9501018339730845,ft,2.1306172716876985,natural-log Shannon bird diversity,dimensionless,21.682085531954147,NA,NA,FALSE,NA,NA,NA,NA
Foliage_delta_mean_foliage_height_gaussian,2,macarthur_1961,sensitivity,mean_foliage_height,quadratic,3,71,10.092602594441914,ft,2.1401600123813136,natural-log Shannon bird diversity,dimensionless,21.682085531954147,NA,NA,FALSE,NA,NA,NA,NA
Foliage_delta_mean_foliage_height_gaussian,2,macarthur_1961,sensitivity,mean_foliage_height,quadratic,3,72,10.235103354910745,ft,2.1495674604658657,natural-log Shannon bird diversity,dimensionless,21.682085531954147,NA,NA,FALSE,NA,NA,NA,NA
Foliage_delta_mean_foliage_height_gaussian,2,macarthur_1961,sensitivity,mean_foliage_height,quadratic,3,73,10.377604115379576,ft,2.1588396159413548,natural-log Shannon bird diversity,dimensionless,21.682085531954147,NA,NA,FALSE,NA,NA,NA,NA
Foliage_delta_mean_foliage_height_gaussian,2,macarthur_1961,sensitivity,mean_foliage_height,quadratic,3,74,10.520104875848405,ft,2.1679764788077809,natural-log Shannon bird diversity,dimensionless,21.682085531954147,NA,NA,FALSE,NA,NA,NA,NA
Foliage_delta_mean_foliage_height_gaussian,2,macarthur_1961,sensitivity,mean_foliage_height,quadratic,3,75,10.662605636317236,ft,2.1769780490651431,natural-log Shannon bird diversity,dimensionless,21.682085531954147,NA,NA,FALSE,NA,NA,NA,NA
Foliage_delta_mean_foliage_height_gaussian,2,macarthur_1961,sensitivity,mean_foliage_height,quadratic,3,76,10.805106396786067,ft,2.1858443267134433,natural-log Shannon bird diversity,dimensionless,21.682085531954147,NA,NA,FALSE,NA,NA,NA,NA
Foliage_delta_mean_foliage_height_gaussian,2,macarthur_1961,sensitivity,mean_foliage_height,quadratic,3,77,10.947607157254897,ft,2.1945753117526796,natural-log Shannon bird diversity,dimensionless,21.682085531954147,NA,NA,FALSE,NA,NA,NA,NA
Foliage_delta_mean_foliage_height_gaussian,2,macarthur_1961,sensitivity,mean_foliage_height,quadratic,3,78,11.090107917723728,ft,2.2031710041828529,natural-log Shannon bird diversity,dimensionless,21.682085531954147,NA,NA,FALSE,NA,NA,NA,NA
Foliage_delta_mean_foliage_height_gaussian,2,macarthur_1961,sensitivity,mean_foliage_height,quadratic,3,79,11.232608678192559,ft,2.2116314040039633,natural-log Shannon bird diversity,dimensionless,21.682085531954147,NA,NA,FALSE,NA,NA,NA,NA
Foliage_delta_mean_foliage_height_gaussian,2,macarthur_1961,sensitivity,mean_foliage_height,quadratic,3,80,11.37510943866139,ft,2.2199565112160102,natural-log Shannon bird diversity,dimensionless,21.682085531954147,NA,NA,FALSE,NA,NA,NA,NA
Foliage_delta_mean_foliage_height_gaussian,2,macarthur_1961,sensitivity,mean_foliage_height,quadratic,3,81,11.517610199130219,ft,2.2281463258189942,natural-log Shannon bird diversity,dimensionless,21.682085531954147,NA,NA,FALSE,NA,NA,NA,NA
Foliage_delta_mean_foliage_height_gaussian,2,macarthur_1961,sensitivity,mean_foliage_height,quadratic,3,82,11.66011095959905,ft,2.2362008478129156,natural-log Shannon bird diversity,dimensionless,21.682085531954147,NA,NA,FALSE,NA,NA,NA,NA
Foliage_delta_mean_foliage_height_gaussian,2,macarthur_1961,sensitivity,mean_foliage_height,quadratic,3,83,11.802611720067882,ft,2.2441200771977736,natural-log Shannon bird diversity,dimensionless,21.682085531954147,NA,NA,FALSE,NA,NA,NA,NA
Foliage_delta_mean_foliage_height_gaussian,2,macarthur_1961,sensitivity,mean_foliage_height,quadratic,3,84,11.945112480536711,ft,2.2519040139735682,natural-log Shannon bird diversity,dimensionless,21.682085531954147,NA,NA,FALSE,NA,NA,NA,NA
Foliage_delta_mean_foliage_height_gaussian,2,macarthur_1961,sensitivity,mean_foliage_height,quadratic,3,85,12.087613241005542,ft,2.2595526581402994,natural-log Shannon bird diversity,dimensionless,21.682085531954147,NA,NA,FALSE,NA,NA,NA,NA
Foliage_delta_mean_foliage_height_gaussian,2,macarthur_1961,sensitivity,mean_foliage_height,quadratic,3,86,12.230114001474373,ft,2.267066009697968,natural-log Shannon bird diversity,dimensionless,21.682085531954147,NA,NA,FALSE,NA,NA,NA,NA
Foliage_delta_mean_foliage_height_gaussian,2,macarthur_1961,sensitivity,mean_foliage_height,quadratic,3,87,12.372614761943202,ft,2.2744440686465732,natural-log Shannon bird diversity,dimensionless,21.682085531954147,NA,NA,FALSE,NA,NA,NA,NA
Foliage_delta_mean_foliage_height_gaussian,2,macarthur_1961,sensitivity,mean_foliage_height,quadratic,3,88,12.515115522412033,ft,2.2816868349861155,natural-log Shannon bird diversity,dimensionless,21.682085531954147,NA,NA,FALSE,NA,NA,NA,NA
Foliage_delta_mean_foliage_height_gaussian,2,macarthur_1961,sensitivity,mean_foliage_height,quadratic,3,89,12.657616282880864,ft,2.2887943087165947,natural-log Shannon bird diversity,dimensionless,21.682085531954147,NA,NA,FALSE,NA,NA,NA,NA
Foliage_delta_mean_foliage_height_gaussian,2,macarthur_1961,sensitivity,mean_foliage_height,quadratic,3,90,12.800117043349696,ft,2.2957664898380106,natural-log Shannon bird diversity,dimensionless,21.682085531954147,NA,NA,FALSE,NA,NA,NA,NA
Foliage_delta_mean_foliage_height_gaussian,2,macarthur_1961,sensitivity,mean_foliage_height,quadratic,3,91,12.942617803818525,ft,2.3026033783503634,natural-log Shannon bird diversity,dimensionless,21.682085531954147,NA,NA,FALSE,NA,NA,NA,NA
Foliage_delta_mean_foliage_height_gaussian,2,macarthur_1961,sensitivity,mean_foliage_height,quadratic,3,92,13.085118564287356,ft,2.3093049742536533,natural-log Shannon bird diversity,dimensionless,21.682085531954147,NA,NA,FALSE,NA,NA,NA,NA
Foliage_delta_mean_foliage_height_gaussian,2,macarthur_1961,sensitivity,mean_foliage_height,quadratic,3,93,13.227619324756187,ft,2.3158712775478798,natural-log Shannon bird diversity,dimensionless,21.682085531954147,NA,NA,FALSE,NA,NA,NA,NA
Foliage_delta_mean_foliage_height_gaussian,2,macarthur_1961,sensitivity,mean_foliage_height,quadratic,3,94,13.370120085225016,ft,2.3223022882330433,natural-log Shannon bird diversity,dimensionless,21.682085531954147,NA,NA,FALSE,NA,NA,NA,NA
Foliage_delta_mean_foliage_height_gaussian,2,macarthur_1961,sensitivity,mean_foliage_height,quadratic,3,95,13.512620845693847,ft,2.3285980063091438,natural-log Shannon bird diversity,dimensionless,21.682085531954147,NA,NA,FALSE,NA,NA,NA,NA
Foliage_delta_mean_foliage_height_gaussian,2,macarthur_1961,sensitivity,mean_foliage_height,quadratic,3,96,13.655121606162679,ft,2.3347584317761809,natural-log Shannon bird diversity,dimensionless,21.682085531954147,NA,NA,FALSE,NA,NA,NA,NA
Foliage_delta_mean_foliage_height_gaussian,2,macarthur_1961,sensitivity,mean_foliage_height,quadratic,3,97,13.79762236663151,ft,2.340783564634155,natural-log Shannon bird diversity,dimensionless,21.682085531954147,NA,NA,FALSE,NA,NA,NA,NA
Foliage_delta_mean_foliage_height_gaussian,2,macarthur_1961,sensitivity,mean_foliage_height,quadratic,3,98,13.940123127100339,ft,2.3466734048830662,natural-log Shannon bird diversity,dimensionless,21.682085531954147,NA,NA,FALSE,NA,NA,NA,NA
Foliage_delta_mean_foliage_height_gaussian,2,macarthur_1961,sensitivity,mean_foliage_height,quadratic,3,99,14.08262388756917,ft,2.3524279525229139,natural-log Shannon bird diversity,dimensionless,21.682085531954147,NA,NA,FALSE,NA,NA,NA,NA
Foliage_delta_mean_foliage_height_gaussian,2,macarthur_1961,sensitivity,mean_foliage_height,quadratic,3,100,14.225124648038001,ft,2.3580472075536987,natural-log Shannon bird diversity,dimensionless,21.682085531954147,NA,NA,FALSE,NA,NA,NA,NA
Foliage_delta_mean_foliage_height_gaussian,2,macarthur_1961,sensitivity,mean_foliage_height,quadratic,3,101,14.36762540850683,ft,2.3635311699754205,natural-log Shannon bird diversity,dimensionless,21.682085531954147,NA,NA,FALSE,NA,NA,NA,NA
Foliage_delta_mean_foliage_height_gaussian,2,macarthur_1961,sensitivity,mean_foliage_height,quadratic,3,102,14.510126168975662,ft,2.3688798397880788,natural-log Shannon bird diversity,dimensionless,21.682085531954147,NA,NA,FALSE,NA,NA,NA,NA
Foliage_delta_mean_foliage_height_gaussian,2,macarthur_1961,sensitivity,mean_foliage_height,quadratic,3,103,14.652626929444493,ft,2.3740932169916742,natural-log Shannon bird diversity,dimensionless,21.682085531954147,NA,NA,FALSE,NA,NA,NA,NA
Foliage_delta_mean_foliage_height_gaussian,2,macarthur_1961,sensitivity,mean_foliage_height,quadratic,3,104,14.795127689913322,ft,2.3791713015862066,natural-log Shannon bird diversity,dimensionless,21.682085531954147,NA,NA,FALSE,NA,NA,NA,NA
Foliage_delta_mean_foliage_height_gaussian,2,macarthur_1961,sensitivity,mean_foliage_height,quadratic,3,105,14.937628450382153,ft,2.384114093571676,natural-log Shannon bird diversity,dimensionless,21.682085531954147,NA,NA,FALSE,NA,NA,NA,NA
Foliage_delta_mean_foliage_height_gaussian,2,macarthur_1961,sensitivity,mean_foliage_height,quadratic,3,106,15.080129210850984,ft,2.388921592948082,natural-log Shannon bird diversity,dimensionless,21.682085531954147,NA,NA,FALSE,NA,NA,NA,NA
Foliage_delta_mean_foliage_height_gaussian,2,macarthur_1961,sensitivity,mean_foliage_height,quadratic,3,107,15.222629971319815,ft,2.3935937997154251,natural-log Shannon bird diversity,dimensionless,21.682085531954147,NA,NA,FALSE,NA,NA,NA,NA
Foliage_delta_mean_foliage_height_gaussian,2,macarthur_1961,sensitivity,mean_foliage_height,quadratic,3,108,15.365130731788645,ft,2.3981307138737047,natural-log Shannon bird diversity,dimensionless,21.682085531954147,NA,NA,FALSE,NA,NA,NA,NA
Foliage_delta_mean_foliage_height_gaussian,2,macarthur_1961,sensitivity,mean_foliage_height,quadratic,3,109,15.507631492257476,ft,2.4025323354229213,natural-log Shannon bird diversity,dimensionless,21.682085531954147,NA,NA,FALSE,NA,NA,NA,NA
Foliage_delta_mean_foliage_height_gaussian,2,macarthur_1961,sensitivity,mean_foliage_height,quadratic,3,110,15.650132252726307,ft,2.406798664363075,natural-log Shannon bird diversity,dimensionless,21.682085531954147,NA,NA,FALSE,NA,NA,NA,NA
Foliage_delta_mean_foliage_height_gaussian,2,macarthur_1961,sensitivity,mean_foliage_height,quadratic,3,111,15.792633013195136,ft,2.4109297006941657,natural-log Shannon bird diversity,dimensionless,21.682085531954147,NA,NA,FALSE,NA,NA,NA,NA
Foliage_delta_mean_foliage_height_gaussian,2,macarthur_1961,sensitivity,mean_foliage_height,quadratic,3,112,15.935133773663967,ft,2.4149254444161925,natural-log Shannon bird diversity,dimensionless,21.682085531954147,NA,NA,FALSE,NA,NA,NA,NA
Foliage_delta_mean_foliage_height_gaussian,2,macarthur_1961,sensitivity,mean_foliage_height,quadratic,3,113,16.077634534132798,ft,2.4187858955291572,natural-log Shannon bird diversity,dimensionless,21.682085531954147,NA,NA,FALSE,NA,NA,NA,NA
Foliage_delta_mean_foliage_height_gaussian,2,macarthur_1961,sensitivity,mean_foliage_height,quadratic,3,114,16.220135294601626,ft,2.4225110540330581,natural-log Shannon bird diversity,dimensionless,21.682085531954147,NA,NA,FALSE,NA,NA,NA,NA
Foliage_delta_mean_foliage_height_gaussian,2,macarthur_1961,sensitivity,mean_foliage_height,quadratic,3,115,16.362636055070457,ft,2.426100919927896,natural-log Shannon bird diversity,dimensionless,21.682085531954147,NA,NA,FALSE,NA,NA,NA,NA
Foliage_delta_mean_foliage_height_gaussian,2,macarthur_1961,sensitivity,mean_foliage_height,quadratic,3,116,16.505136815539288,ft,2.4295554932136709,natural-log Shannon bird diversity,dimensionless,21.682085531954147,NA,NA,FALSE,NA,NA,NA,NA
Foliage_delta_mean_foliage_height_gaussian,2,macarthur_1961,sensitivity,mean_foliage_height,quadratic,3,117,16.647637576008119,ft,2.4328747738903829,natural-log Shannon bird diversity,dimensionless,21.682085531954147,NA,NA,FALSE,NA,NA,NA,NA
Foliage_delta_mean_foliage_height_gaussian,2,macarthur_1961,sensitivity,mean_foliage_height,quadratic,3,118,16.79013833647695,ft,2.4360587619580314,natural-log Shannon bird diversity,dimensionless,21.682085531954147,NA,NA,FALSE,NA,NA,NA,NA
Foliage_delta_mean_foliage_height_gaussian,2,macarthur_1961,sensitivity,mean_foliage_height,quadratic,3,119,16.932639096945778,ft,2.4391074574166169,natural-log Shannon bird diversity,dimensionless,21.682085531954147,NA,NA,FALSE,NA,NA,NA,NA
Foliage_delta_mean_foliage_height_gaussian,2,macarthur_1961,sensitivity,mean_foliage_height,quadratic,3,120,17.075139857414609,ft,2.4420208602661391,natural-log Shannon bird diversity,dimensionless,21.682085531954147,NA,NA,FALSE,NA,NA,NA,NA
Foliage_delta_mean_foliage_height_gaussian,2,macarthur_1961,sensitivity,mean_foliage_height,quadratic,3,121,17.21764061788344,ft,2.4447989705065987,natural-log Shannon bird diversity,dimensionless,21.682085531954147,NA,NA,FALSE,NA,NA,NA,NA
Foliage_delta_mean_foliage_height_gaussian,2,macarthur_1961,sensitivity,mean_foliage_height,quadratic,3,122,17.360141378352271,ft,2.4474417881379944,natural-log Shannon bird diversity,dimensionless,21.682085531954147,NA,NA,FALSE,NA,NA,NA,NA
Foliage_delta_mean_foliage_height_gaussian,2,macarthur_1961,sensitivity,mean_foliage_height,quadratic,3,123,17.502642138821102,ft,2.449949313160328,natural-log Shannon bird diversity,dimensionless,21.682085531954147,NA,NA,FALSE,NA,NA,NA,NA
Foliage_delta_mean_foliage_height_gaussian,2,macarthur_1961,sensitivity,mean_foliage_height,quadratic,3,124,17.645142899289933,ft,2.4523215455735978,natural-log Shannon bird diversity,dimensionless,21.682085531954147,NA,NA,FALSE,NA,NA,NA,NA
Foliage_delta_mean_foliage_height_gaussian,2,macarthur_1961,sensitivity,mean_foliage_height,quadratic,3,125,17.787643659758764,ft,2.4545584853778046,natural-log Shannon bird diversity,dimensionless,21.682085531954147,NA,NA,FALSE,NA,NA,NA,NA
Foliage_delta_mean_foliage_height_gaussian,2,macarthur_1961,sensitivity,mean_foliage_height,quadratic,3,126,17.930144420227592,ft,2.4566601325729485,natural-log Shannon bird diversity,dimensionless,21.682085531954147,NA,NA,FALSE,NA,NA,NA,NA
Foliage_delta_mean_foliage_height_gaussian,2,macarthur_1961,sensitivity,mean_foliage_height,quadratic,3,127,18.072645180696423,ft,2.4586264871590289,natural-log Shannon bird diversity,dimensionless,21.682085531954147,NA,NA,FALSE,NA,NA,NA,NA
Foliage_delta_mean_foliage_height_gaussian,2,macarthur_1961,sensitivity,mean_foliage_height,quadratic,3,128,18.215145941165254,ft,2.4604575491360463,natural-log Shannon bird diversity,dimensionless,21.682085531954147,NA,NA,FALSE,NA,NA,NA,NA
Foliage_delta_mean_foliage_height_gaussian,2,macarthur_1961,sensitivity,mean_foliage_height,quadratic,3,129,18.357646701634085,ft,2.4621533185040003,natural-log Shannon bird diversity,dimensionless,21.682085531954147,NA,NA,FALSE,NA,NA,NA,NA
Foliage_delta_mean_foliage_height_gaussian,2,macarthur_1961,sensitivity,mean_foliage_height,quadratic,3,130,18.500147462102916,ft,2.4637137952628918,natural-log Shannon bird diversity,dimensionless,21.682085531954147,NA,NA,FALSE,NA,NA,NA,NA
Foliage_delta_mean_foliage_height_gaussian,2,macarthur_1961,sensitivity,mean_foliage_height,quadratic,3,131,18.642648222571747,ft,2.4651389794127199,natural-log Shannon bird diversity,dimensionless,21.682085531954147,NA,NA,FALSE,NA,NA,NA,NA
Foliage_delta_mean_foliage_height_gaussian,2,macarthur_1961,sensitivity,mean_foliage_height,quadratic,3,132,18.785148983040578,ft,2.466428870953485,natural-log Shannon bird diversity,dimensionless,21.682085531954147,NA,NA,FALSE,NA,NA,NA,NA
Foliage_delta_mean_foliage_height_gaussian,2,macarthur_1961,sensitivity,mean_foliage_height,quadratic,3,133,18.927649743509406,ft,2.4675834698851866,natural-log Shannon bird diversity,dimensionless,21.682085531954147,NA,NA,FALSE,NA,NA,NA,NA
Foliage_delta_mean_foliage_height_gaussian,2,macarthur_1961,sensitivity,mean_foliage_height,quadratic,3,134,19.070150503978237,ft,2.4686027762078258,natural-log Shannon bird diversity,dimensionless,21.682085531954147,NA,NA,FALSE,NA,NA,NA,NA
Foliage_delta_mean_foliage_height_gaussian,2,macarthur_1961,sensitivity,mean_foliage_height,quadratic,3,135,19.212651264447068,ft,2.469486789921401,natural-log Shannon bird diversity,dimensionless,21.682085531954147,NA,NA,FALSE,NA,NA,NA,NA
Foliage_delta_mean_foliage_height_gaussian,2,macarthur_1961,sensitivity,mean_foliage_height,quadratic,3,136,19.355152024915899,ft,2.4702355110259138,natural-log Shannon bird diversity,dimensionless,21.682085531954147,NA,NA,FALSE,NA,NA,NA,NA
Foliage_delta_mean_foliage_height_gaussian,2,macarthur_1961,sensitivity,mean_foliage_height,quadratic,3,137,19.49765278538473,ft,2.4708489395213626,natural-log Shannon bird diversity,dimensionless,21.682085531954147,NA,NA,FALSE,NA,NA,NA,NA
Foliage_delta_mean_foliage_height_gaussian,2,macarthur_1961,sensitivity,mean_foliage_height,quadratic,3,138,19.640153545853561,ft,2.4713270754077494,natural-log Shannon bird diversity,dimensionless,21.682085531954147,NA,NA,FALSE,NA,NA,NA,NA
Foliage_delta_mean_foliage_height_gaussian,2,macarthur_1961,sensitivity,mean_foliage_height,quadratic,3,139,19.782654306322392,ft,2.4716699186850724,natural-log Shannon bird diversity,dimensionless,21.682085531954147,NA,NA,FALSE,NA,NA,NA,NA
Foliage_delta_mean_foliage_height_gaussian,2,macarthur_1961,sensitivity,mean_foliage_height,quadratic,3,140,19.92515506679122,ft,2.4718774693533323,natural-log Shannon bird diversity,dimensionless,21.682085531954147,NA,NA,FALSE,NA,NA,NA,NA
Foliage_delta_mean_foliage_height_gaussian,2,macarthur_1961,sensitivity,mean_foliage_height,quadratic,3,141,20.067655827260051,ft,2.4719497274125293,natural-log Shannon bird diversity,dimensionless,21.682085531954147,NA,NA,FALSE,NA,NA,NA,NA
Foliage_delta_mean_foliage_height_gaussian,2,macarthur_1961,sensitivity,mean_foliage_height,quadratic,3,142,20.210156587728882,ft,2.4718866928626628,natural-log Shannon bird diversity,dimensionless,21.682085531954147,NA,NA,FALSE,NA,NA,NA,NA
Foliage_delta_mean_foliage_height_gaussian,2,macarthur_1961,sensitivity,mean_foliage_height,quadratic,3,143,20.352657348197713,ft,2.4716883657037338,natural-log Shannon bird diversity,dimensionless,21.682085531954147,NA,NA,FALSE,NA,NA,NA,NA
Foliage_delta_mean_foliage_height_gaussian,2,macarthur_1961,sensitivity,mean_foliage_height,quadratic,3,144,20.495158108666544,ft,2.471354745935741,natural-log Shannon bird diversity,dimensionless,21.682085531954147,NA,NA,FALSE,NA,NA,NA,NA
Foliage_delta_mean_foliage_height_gaussian,2,macarthur_1961,sensitivity,mean_foliage_height,quadratic,3,145,20.637658869135375,ft,2.4708858335586856,natural-log Shannon bird diversity,dimensionless,21.682085531954147,NA,NA,FALSE,NA,NA,NA,NA
Foliage_delta_mean_foliage_height_gaussian,2,macarthur_1961,sensitivity,mean_foliage_height,quadratic,3,146,20.780159629604203,ft,2.4702816285725668,natural-log Shannon bird diversity,dimensionless,21.682085531954147,NA,NA,FALSE,NA,NA,NA,NA
Foliage_delta_mean_foliage_height_gaussian,2,macarthur_1961,sensitivity,mean_foliage_height,quadratic,3,147,20.922660390073034,ft,2.4695421309773851,natural-log Shannon bird diversity,dimensionless,21.682085531954147,NA,NA,FALSE,NA,NA,NA,NA
Foliage_delta_mean_foliage_height_gaussian,2,macarthur_1961,sensitivity,mean_foliage_height,quadratic,3,148,21.065161150541865,ft,2.4686673407731399,natural-log Shannon bird diversity,dimensionless,21.682085531954147,NA,NA,FALSE,NA,NA,NA,NA
Foliage_delta_mean_foliage_height_gaussian,2,macarthur_1961,sensitivity,mean_foliage_height,quadratic,3,149,21.207661911010696,ft,2.4676572579598322,natural-log Shannon bird diversity,dimensionless,21.682085531954147,NA,NA,FALSE,NA,NA,NA,NA
Foliage_delta_mean_foliage_height_gaussian,2,macarthur_1961,sensitivity,mean_foliage_height,quadratic,3,150,21.350162671479527,ft,2.466511882537461,natural-log Shannon bird diversity,dimensionless,21.682085531954147,NA,NA,FALSE,NA,NA,NA,NA
Foliage_delta_mean_foliage_height_gaussian,2,macarthur_1961,sensitivity,mean_foliage_height,quadratic,3,151,21.492663431948358,ft,2.4652312145060264,natural-log Shannon bird diversity,dimensionless,21.682085531954147,NA,NA,FALSE,NA,NA,NA,NA
Foliage_delta_mean_foliage_height_gaussian,2,macarthur_1961,sensitivity,mean_foliage_height,quadratic,3,152,21.635164192417189,ft,2.4638152538655294,natural-log Shannon bird diversity,dimensionless,21.682085531954147,NA,NA,FALSE,NA,NA,NA,NA
Foliage_delta_mean_foliage_height_gaussian,2,macarthur_1961,sensitivity,mean_foliage_height,quadratic,3,153,21.777664952886017,ft,2.4622640006159684,natural-log Shannon bird diversity,dimensionless,21.682085531954147,NA,NA,FALSE,NA,NA,NA,NA
Foliage_delta_mean_foliage_height_gaussian,2,macarthur_1961,sensitivity,mean_foliage_height,quadratic,3,154,21.920165713354848,ft,2.4605774547573449,natural-log Shannon bird diversity,dimensionless,21.682085531954147,NA,NA,FALSE,NA,NA,NA,NA
Foliage_delta_mean_foliage_height_gaussian,2,macarthur_1961,sensitivity,mean_foliage_height,quadratic,3,155,22.062666473823679,ft,2.4587556162896584,natural-log Shannon bird diversity,dimensionless,21.682085531954147,NA,NA,FALSE,NA,NA,NA,NA
Foliage_delta_mean_foliage_height_gaussian,2,macarthur_1961,sensitivity,mean_foliage_height,quadratic,3,156,22.20516723429251,ft,2.4567984852129086,natural-log Shannon bird diversity,dimensionless,21.682085531954147,NA,NA,FALSE,NA,NA,NA,NA
Foliage_delta_mean_foliage_height_gaussian,2,macarthur_1961,sensitivity,mean_foliage_height,quadratic,3,157,22.347667994761341,ft,2.4547060615270953,natural-log Shannon bird diversity,dimensionless,21.682085531954147,NA,NA,FALSE,NA,NA,NA,NA
Foliage_delta_mean_foliage_height_gaussian,2,macarthur_1961,sensitivity,mean_foliage_height,quadratic,3,158,22.490168755230172,ft,2.4524783452322194,natural-log Shannon bird diversity,dimensionless,21.682085531954147,NA,NA,FALSE,NA,NA,NA,NA
Foliage_delta_mean_foliage_height_gaussian,2,macarthur_1961,sensitivity,mean_foliage_height,quadratic,3,159,22.632669515699003,ft,2.4501153363282802,natural-log Shannon bird diversity,dimensionless,21.682085531954147,NA,NA,FALSE,NA,NA,NA,NA
Foliage_delta_mean_foliage_height_gaussian,2,macarthur_1961,sensitivity,mean_foliage_height,quadratic,3,160,22.775170276167831,ft,2.4476170348152779,natural-log Shannon bird diversity,dimensionless,21.682085531954147,NA,NA,FALSE,NA,NA,NA,NA
Foliage_delta_mean_foliage_height_gaussian,2,macarthur_1961,sensitivity,mean_foliage_height,quadratic,3,161,22.917671036636662,ft,2.4449834406932123,natural-log Shannon bird diversity,dimensionless,21.682085531954147,NA,NA,FALSE,NA,NA,NA,NA
Foliage_delta_mean_foliage_height_gaussian,2,macarthur_1961,sensitivity,mean_foliage_height,quadratic,3,162,23.060171797105493,ft,2.4422145539620841,natural-log Shannon bird diversity,dimensionless,21.682085531954147,NA,NA,FALSE,NA,NA,NA,NA
Foliage_delta_mean_foliage_height_gaussian,2,macarthur_1961,sensitivity,mean_foliage_height,quadratic,3,163,23.202672557574324,ft,2.4393103746218925,natural-log Shannon bird diversity,dimensionless,21.682085531954147,NA,NA,FALSE,NA,NA,NA,NA
Foliage_delta_mean_foliage_height_gaussian,2,macarthur_1961,sensitivity,mean_foliage_height,quadratic,3,164,23.345173318043155,ft,2.436270902672637,natural-log Shannon bird diversity,dimensionless,21.682085531954147,NA,NA,FALSE,NA,NA,NA,NA
Foliage_delta_mean_foliage_height_gaussian,2,macarthur_1961,sensitivity,mean_foliage_height,quadratic,3,165,23.487674078511986,ft,2.433096138114319,natural-log Shannon bird diversity,dimensionless,21.682085531954147,NA,NA,FALSE,NA,NA,NA,NA
Foliage_delta_mean_foliage_height_gaussian,2,macarthur_1961,sensitivity,mean_foliage_height,quadratic,3,166,23.630174838980817,ft,2.429786080946938,natural-log Shannon bird diversity,dimensionless,21.682085531954147,NA,NA,FALSE,NA,NA,NA,NA
Foliage_delta_mean_foliage_height_gaussian,2,macarthur_1961,sensitivity,mean_foliage_height,quadratic,3,167,23.772675599449645,ft,2.4263407311704936,natural-log Shannon bird diversity,dimensionless,21.682085531954147,NA,NA,FALSE,NA,NA,NA,NA
Foliage_delta_mean_foliage_height_gaussian,2,macarthur_1961,sensitivity,mean_foliage_height,quadratic,3,168,23.915176359918476,ft,2.4227600887849867,natural-log Shannon bird diversity,dimensionless,21.682085531954147,NA,NA,FALSE,NA,NA,NA,NA
Foliage_delta_mean_foliage_height_gaussian,2,macarthur_1961,sensitivity,mean_foliage_height,quadratic,3,169,24.057677120387307,ft,2.4190441537904168,natural-log Shannon bird diversity,dimensionless,21.682085531954147,NA,NA,FALSE,NA,NA,NA,NA
Foliage_delta_mean_foliage_height_gaussian,2,macarthur_1961,sensitivity,mean_foliage_height,quadratic,3,170,24.200177880856138,ft,2.4151929261867822,natural-log Shannon bird diversity,dimensionless,21.682085531954147,NA,NA,FALSE,NA,NA,NA,NA
Foliage_delta_mean_foliage_height_gaussian,2,macarthur_1961,sensitivity,mean_foliage_height,quadratic,3,171,24.342678641324969,ft,2.4112064059740859,natural-log Shannon bird diversity,dimensionless,21.682085531954147,NA,NA,FALSE,NA,NA,NA,NA
Foliage_delta_mean_foliage_height_gaussian,2,macarthur_1961,sensitivity,mean_foliage_height,quadratic,3,172,24.4851794017938,ft,2.4070845931523261,natural-log Shannon bird diversity,dimensionless,21.682085531954147,NA,NA,FALSE,NA,NA,NA,NA
Foliage_delta_mean_foliage_height_gaussian,2,macarthur_1961,sensitivity,mean_foliage_height,quadratic,3,173,24.627680162262628,ft,2.402827487721503,natural-log Shannon bird diversity,dimensionless,21.682085531954147,NA,NA,FALSE,NA,NA,NA,NA
Foliage_delta_mean_foliage_height_gaussian,2,macarthur_1961,sensitivity,mean_foliage_height,quadratic,3,174,24.770180922731459,ft,2.3984350896816173,natural-log Shannon bird diversity,dimensionless,21.682085531954147,NA,NA,FALSE,NA,NA,NA,NA
Foliage_delta_mean_foliage_height_gaussian,2,macarthur_1961,sensitivity,mean_foliage_height,quadratic,3,175,24.91268168320029,ft,2.3939073990326682,natural-log Shannon bird diversity,dimensionless,21.682085531954147,NA,NA,FALSE,NA,NA,NA,NA
Foliage_delta_mean_foliage_height_gaussian,2,macarthur_1961,sensitivity,mean_foliage_height,quadratic,3,176,25.055182443669121,ft,2.3892444157746553,natural-log Shannon bird diversity,dimensionless,21.682085531954147,NA,NA,FALSE,NA,NA,NA,NA
Foliage_delta_mean_foliage_height_gaussian,2,macarthur_1961,sensitivity,mean_foliage_height,quadratic,3,177,25.197683204137952,ft,2.3844461399075803,natural-log Shannon bird diversity,dimensionless,21.682085531954147,NA,NA,FALSE,NA,NA,NA,NA
Foliage_delta_mean_foliage_height_gaussian,2,macarthur_1961,sensitivity,mean_foliage_height,quadratic,3,178,25.340183964606783,ft,2.3795125714314418,natural-log Shannon bird diversity,dimensionless,21.682085531954147,NA,NA,FALSE,NA,NA,NA,NA
Foliage_delta_mean_foliage_height_gaussian,2,macarthur_1961,sensitivity,mean_foliage_height,quadratic,3,179,25.482684725075615,ft,2.3744437103462404,natural-log Shannon bird diversity,dimensionless,21.682085531954147,NA,NA,FALSE,NA,NA,NA,NA
Foliage_delta_mean_foliage_height_gaussian,2,macarthur_1961,sensitivity,mean_foliage_height,quadratic,3,180,25.625185485544442,ft,2.3692395566519755,natural-log Shannon bird diversity,dimensionless,21.682085531954147,NA,NA,FALSE,NA,NA,NA,NA
Foliage_delta_mean_foliage_height_gaussian,2,macarthur_1961,sensitivity,mean_foliage_height,quadratic,3,181,25.767686246013273,ft,2.3639001103486481,natural-log Shannon bird diversity,dimensionless,21.682085531954147,NA,NA,FALSE,NA,NA,NA,NA
Foliage_delta_mean_foliage_height_gaussian,2,macarthur_1961,sensitivity,mean_foliage_height,quadratic,3,182,25.910187006482104,ft,2.3584253714362573,natural-log Shannon bird diversity,dimensionless,21.682085531954147,NA,NA,FALSE,NA,NA,NA,NA
Foliage_delta_mean_foliage_height_gaussian,2,macarthur_1961,sensitivity,mean_foliage_height,quadratic,3,183,26.052687766950935,ft,2.3528153399148022,natural-log Shannon bird diversity,dimensionless,21.682085531954147,NA,NA,FALSE,NA,NA,NA,NA
Foliage_delta_mean_foliage_height_gaussian,2,macarthur_1961,sensitivity,mean_foliage_height,quadratic,3,184,26.195188527419766,ft,2.3470700157842854,natural-log Shannon bird diversity,dimensionless,21.682085531954147,NA,NA,FALSE,NA,NA,NA,NA
Foliage_delta_mean_foliage_height_gaussian,2,macarthur_1961,sensitivity,mean_foliage_height,quadratic,3,185,26.337689287888598,ft,2.3411893990447052,natural-log Shannon bird diversity,dimensionless,21.682085531954147,NA,NA,FALSE,NA,NA,NA,NA
Foliage_delta_mean_foliage_height_gaussian,2,macarthur_1961,sensitivity,mean_foliage_height,quadratic,3,186,26.480190048357429,ft,2.3351734896960616,natural-log Shannon bird diversity,dimensionless,21.682085531954147,NA,NA,FALSE,NA,NA,NA,NA
Foliage_delta_mean_foliage_height_gaussian,2,macarthur_1961,sensitivity,mean_foliage_height,quadratic,3,187,26.622690808826256,ft,2.3290222877383551,natural-log Shannon bird diversity,dimensionless,21.682085531954147,NA,NA,FALSE,NA,NA,NA,NA
Foliage_delta_mean_foliage_height_gaussian,2,macarthur_1961,sensitivity,mean_foliage_height,quadratic,3,188,26.765191569295087,ft,2.3227357931715855,natural-log Shannon bird diversity,dimensionless,21.682085531954147,NA,NA,FALSE,NA,NA,NA,NA
Foliage_delta_mean_foliage_height_gaussian,2,macarthur_1961,sensitivity,mean_foliage_height,quadratic,3,189,26.907692329763918,ft,2.3163140059957521,natural-log Shannon bird diversity,dimensionless,21.682085531954147,NA,NA,FALSE,NA,NA,NA,NA
Foliage_delta_mean_foliage_height_gaussian,2,macarthur_1961,sensitivity,mean_foliage_height,quadratic,3,190,27.050193090232749,ft,2.3097569262108566,natural-log Shannon bird diversity,dimensionless,21.682085531954147,NA,NA,FALSE,NA,NA,NA,NA
Foliage_delta_mean_foliage_height_gaussian,2,macarthur_1961,sensitivity,mean_foliage_height,quadratic,3,191,27.192693850701581,ft,2.3030645538168977,natural-log Shannon bird diversity,dimensionless,21.682085531954147,NA,NA,FALSE,NA,NA,NA,NA
Foliage_delta_mean_foliage_height_gaussian,2,macarthur_1961,sensitivity,mean_foliage_height,quadratic,3,192,27.335194611170412,ft,2.2962368888138758,natural-log Shannon bird diversity,dimensionless,21.682085531954147,NA,NA,FALSE,NA,NA,NA,NA
Foliage_delta_mean_foliage_height_gaussian,2,macarthur_1961,sensitivity,mean_foliage_height,quadratic,3,193,27.477695371639243,ft,2.2892739312017896,natural-log Shannon bird diversity,dimensionless,21.682085531954147,NA,NA,FALSE,NA,NA,NA,NA
Foliage_delta_mean_foliage_height_gaussian,2,macarthur_1961,sensitivity,mean_foliage_height,quadratic,3,194,27.62019613210807,ft,2.2821756809806417,natural-log Shannon bird diversity,dimensionless,21.682085531954147,NA,NA,FALSE,NA,NA,NA,NA
Foliage_delta_mean_foliage_height_gaussian,2,macarthur_1961,sensitivity,mean_foliage_height,quadratic,3,195,27.762696892576901,ft,2.2749421381504296,natural-log Shannon bird diversity,dimensionless,21.682085531954147,NA,NA,FALSE,NA,NA,NA,NA
Foliage_delta_mean_foliage_height_gaussian,2,macarthur_1961,sensitivity,mean_foliage_height,quadratic,3,196,27.905197653045732,ft,2.2675733027111553,natural-log Shannon bird diversity,dimensionless,21.682085531954147,NA,NA,FALSE,NA,NA,NA,NA
Foliage_delta_mean_foliage_height_gaussian,2,macarthur_1961,sensitivity,mean_foliage_height,quadratic,3,197,28.047698413514563,ft,2.2600691746628176,natural-log Shannon bird diversity,dimensionless,21.682085531954147,NA,NA,FALSE,NA,NA,NA,NA
Foliage_delta_mean_foliage_height_gaussian,2,macarthur_1961,sensitivity,mean_foliage_height,quadratic,3,198,28.190199173983395,ft,2.252429754005417,natural-log Shannon bird diversity,dimensionless,21.682085531954147,NA,NA,FALSE,NA,NA,NA,NA
Foliage_delta_mean_foliage_height_gaussian,2,macarthur_1961,sensitivity,mean_foliage_height,quadratic,3,199,28.332699934452226,ft,2.2446550407389529,natural-log Shannon bird diversity,dimensionless,21.682085531954147,NA,NA,FALSE,NA,NA,NA,NA
Foliage_delta_mean_foliage_height_gaussian,2,macarthur_1961,sensitivity,mean_foliage_height,quadratic,3,200,28.475200694921053,ft,2.2367450348634259,natural-log Shannon bird diversity,dimensionless,21.682085531954147,NA,NA,FALSE,NA,NA,NA,NA
Topography_delta_no_mean_covariates_gaussian,3,allouche_2012,primary,no_mean_covariates,linear,1,1,0.64051445445055877,m,75.952704813774346,breeding-bird species richness,count,NA,NA,NA,FALSE,NA,NA,NA,NA
Topography_delta_no_mean_covariates_gaussian,3,allouche_2012,primary,no_mean_covariates,linear,1,2,1.3664340827981323,m,76.030837642679558,breeding-bird species richness,count,NA,NA,NA,FALSE,NA,NA,NA,NA
Topography_delta_no_mean_covariates_gaussian,3,allouche_2012,primary,no_mean_covariates,linear,1,3,2.0923537111457056,m,76.108970471584769,breeding-bird species richness,count,NA,NA,NA,FALSE,NA,NA,NA,NA
Topography_delta_no_mean_covariates_gaussian,3,allouche_2012,primary,no_mean_covariates,linear,1,4,2.8182733394932793,m,76.18710330048998,breeding-bird species richness,count,NA,NA,NA,FALSE,NA,NA,NA,NA
Topography_delta_no_mean_covariates_gaussian,3,allouche_2012,primary,no_mean_covariates,linear,1,5,3.5441929678408526,m,76.265236129395191,breeding-bird species richness,count,NA,NA,NA,FALSE,NA,NA,NA,NA
Topography_delta_no_mean_covariates_gaussian,3,allouche_2012,primary,no_mean_covariates,linear,1,6,4.2701125961884259,m,76.343368958300402,breeding-bird species richness,count,NA,NA,NA,FALSE,NA,NA,NA,NA
Topography_delta_no_mean_covariates_gaussian,3,allouche_2012,primary,no_mean_covariates,linear,1,7,4.9960322245359992,m,76.421501787205614,breeding-bird species richness,count,NA,NA,NA,FALSE,NA,NA,NA,NA
Topography_delta_no_mean_covariates_gaussian,3,allouche_2012,primary,no_mean_covariates,linear,1,8,5.7219518528835724,m,76.499634616110825,breeding-bird species richness,count,NA,NA,NA,FALSE,NA,NA,NA,NA
Topography_delta_no_mean_covariates_gaussian,3,allouche_2012,primary,no_mean_covariates,linear,1,9,6.4478714812311457,m,76.577767445016036,breeding-bird species richness,count,NA,NA,NA,FALSE,NA,NA,NA,NA
Topography_delta_no_mean_covariates_gaussian,3,allouche_2012,primary,no_mean_covariates,linear,1,10,7.173791109578719,m,76.655900273921247,breeding-bird species richness,count,NA,NA,NA,FALSE,NA,NA,NA,NA
Topography_delta_no_mean_covariates_gaussian,3,allouche_2012,primary,no_mean_covariates,linear,1,11,7.8997107379262923,m,76.734033102826459,breeding-bird species richness,count,NA,NA,NA,FALSE,NA,NA,NA,NA
Topography_delta_no_mean_covariates_gaussian,3,allouche_2012,primary,no_mean_covariates,linear,1,12,8.6256303662738656,m,76.81216593173167,breeding-bird species richness,count,NA,NA,NA,FALSE,NA,NA,NA,NA
Topography_delta_no_mean_covariates_gaussian,3,allouche_2012,primary,no_mean_covariates,linear,1,13,9.3515499946214398,m,76.890298760636881,breeding-bird species richness,count,NA,NA,NA,FALSE,NA,NA,NA,NA
Topography_delta_no_mean_covariates_gaussian,3,allouche_2012,primary,no_mean_covariates,linear,1,14,10.077469622969012,m,76.968431589542092,breeding-bird species richness,count,NA,NA,NA,FALSE,NA,NA,NA,NA
Topography_delta_no_mean_covariates_gaussian,3,allouche_2012,primary,no_mean_covariates,linear,1,15,10.803389251316586,m,77.046564418447304,breeding-bird species richness,count,NA,NA,NA,FALSE,NA,NA,NA,NA
Topography_delta_no_mean_covariates_gaussian,3,allouche_2012,primary,no_mean_covariates,linear,1,16,11.529308879664159,m,77.124697247352515,breeding-bird species richness,count,NA,NA,NA,FALSE,NA,NA,NA,NA
Topography_delta_no_mean_covariates_gaussian,3,allouche_2012,primary,no_mean_covariates,linear,1,17,12.255228508011733,m,77.202830076257726,breeding-bird species richness,count,NA,NA,NA,FALSE,NA,NA,NA,NA
Topography_delta_no_mean_covariates_gaussian,3,allouche_2012,primary,no_mean_covariates,linear,1,18,12.981148136359307,m,77.280962905162923,breeding-bird species richness,count,NA,NA,NA,FALSE,NA,NA,NA,NA
Topography_delta_no_mean_covariates_gaussian,3,allouche_2012,primary,no_mean_covariates,linear,1,19,13.707067764706879,m,77.359095734068134,breeding-bird species richness,count,NA,NA,NA,FALSE,NA,NA,NA,NA
Topography_delta_no_mean_covariates_gaussian,3,allouche_2012,primary,no_mean_covariates,linear,1,20,14.432987393054454,m,77.437228562973345,breeding-bird species richness,count,NA,NA,NA,FALSE,NA,NA,NA,NA
Topography_delta_no_mean_covariates_gaussian,3,allouche_2012,primary,no_mean_covariates,linear,1,21,15.158907021402026,m,77.515361391878557,breeding-bird species richness,count,NA,NA,NA,FALSE,NA,NA,NA,NA
Topography_delta_no_mean_covariates_gaussian,3,allouche_2012,primary,no_mean_covariates,linear,1,22,15.8848266497496,m,77.593494220783768,breeding-bird species richness,count,NA,NA,NA,FALSE,NA,NA,NA,NA
Topography_delta_no_mean_covariates_gaussian,3,allouche_2012,primary,no_mean_covariates,linear,1,23,16.610746278097174,m,77.671627049688979,breeding-bird species richness,count,NA,NA,NA,FALSE,NA,NA,NA,NA
Topography_delta_no_mean_covariates_gaussian,3,allouche_2012,primary,no_mean_covariates,linear,1,24,17.336665906444747,m,77.74975987859419,breeding-bird species richness,count,NA,NA,NA,FALSE,NA,NA,NA,NA
Topography_delta_no_mean_covariates_gaussian,3,allouche_2012,primary,no_mean_covariates,linear,1,25,18.062585534792323,m,77.827892707499402,breeding-bird species richness,count,NA,NA,NA,FALSE,NA,NA,NA,NA
Topography_delta_no_mean_covariates_gaussian,3,allouche_2012,primary,no_mean_covariates,linear,1,26,18.788505163139895,m,77.906025536404613,breeding-bird species richness,count,NA,NA,NA,FALSE,NA,NA,NA,NA
Topography_delta_no_mean_covariates_gaussian,3,allouche_2012,primary,no_mean_covariates,linear,1,27,19.514424791487468,m,77.984158365309824,breeding-bird species richness,count,NA,NA,NA,FALSE,NA,NA,NA,NA
Topography_delta_no_mean_covariates_gaussian,3,allouche_2012,primary,no_mean_covariates,linear,1,28,20.240344419835044,m,78.062291194215035,breeding-bird species richness,count,NA,NA,NA,FALSE,NA,NA,NA,NA
Topography_delta_no_mean_covariates_gaussian,3,allouche_2012,primary,no_mean_covariates,linear,1,29,20.966264048182616,m,78.140424023120246,breeding-bird species richness,count,NA,NA,NA,FALSE,NA,NA,NA,NA
Topography_delta_no_mean_covariates_gaussian,3,allouche_2012,primary,no_mean_covariates,linear,1,30,21.692183676530188,m,78.218556852025458,breeding-bird species richness,count,NA,NA,NA,FALSE,NA,NA,NA,NA
Topography_delta_no_mean_covariates_gaussian,3,allouche_2012,primary,no_mean_covariates,linear,1,31,22.418103304877761,m,78.296689680930669,breeding-bird species richness,count,NA,NA,NA,FALSE,NA,NA,NA,NA
Topography_delta_no_mean_covariates_gaussian,3,allouche_2012,primary,no_mean_covariates,linear,1,32,23.144022933225337,m,78.37482250983588,breeding-bird species richness,count,NA,NA,NA,FALSE,NA,NA,NA,NA
Topography_delta_no_mean_covariates_gaussian,3,allouche_2012,primary,no_mean_covariates,linear,1,33,23.869942561572909,m,78.452955338741091,breeding-bird species richness,count,NA,NA,NA,FALSE,NA,NA,NA,NA
Topography_delta_no_mean_covariates_gaussian,3,allouche_2012,primary,no_mean_covariates,linear,1,34,24.595862189920481,m,78.531088167646303,breeding-bird species richness,count,NA,NA,NA,FALSE,NA,NA,NA,NA
Topography_delta_no_mean_covariates_gaussian,3,allouche_2012,primary,no_mean_covariates,linear,1,35,25.321781818268057,m,78.609220996551514,breeding-bird species richness,count,NA,NA,NA,FALSE,NA,NA,NA,NA
Topography_delta_no_mean_covariates_gaussian,3,allouche_2012,primary,no_mean_covariates,linear,1,36,26.04770144661563,m,78.687353825456725,breeding-bird species richness,count,NA,NA,NA,FALSE,NA,NA,NA,NA
Topography_delta_no_mean_covariates_gaussian,3,allouche_2012,primary,no_mean_covariates,linear,1,37,26.773621074963202,m,78.765486654361936,breeding-bird species richness,count,NA,NA,NA,FALSE,NA,NA,NA,NA
Topography_delta_no_mean_covariates_gaussian,3,allouche_2012,primary,no_mean_covariates,linear,1,38,27.499540703310775,m,78.843619483267148,breeding-bird species richness,count,NA,NA,NA,FALSE,NA,NA,NA,NA
Topography_delta_no_mean_covariates_gaussian,3,allouche_2012,primary,no_mean_covariates,linear,1,39,28.225460331658351,m,78.921752312172359,breeding-bird species richness,count,NA,NA,NA,FALSE,NA,NA,NA,NA
Topography_delta_no_mean_covariates_gaussian,3,allouche_2012,primary,no_mean_covariates,linear,1,40,28.951379960005923,m,78.99988514107757,breeding-bird species richness,count,NA,NA,NA,FALSE,NA,NA,NA,NA
Topography_delta_no_mean_covariates_gaussian,3,allouche_2012,primary,no_mean_covariates,linear,1,41,29.677299588353495,m,79.078017969982767,breeding-bird species richness,count,NA,NA,NA,FALSE,NA,NA,NA,NA
Topography_delta_no_mean_covariates_gaussian,3,allouche_2012,primary,no_mean_covariates,linear,1,42,30.403219216701071,m,79.156150798887978,breeding-bird species richness,count,NA,NA,NA,FALSE,NA,NA,NA,NA
Topography_delta_no_mean_covariates_gaussian,3,allouche_2012,primary,no_mean_covariates,linear,1,43,31.129138845048644,m,79.234283627793189,breeding-bird species richness,count,NA,NA,NA,FALSE,NA,NA,NA,NA
Topography_delta_no_mean_covariates_gaussian,3,allouche_2012,primary,no_mean_covariates,linear,1,44,31.855058473396216,m,79.312416456698401,breeding-bird species richness,count,NA,NA,NA,FALSE,NA,NA,NA,NA
Topography_delta_no_mean_covariates_gaussian,3,allouche_2012,primary,no_mean_covariates,linear,1,45,32.580978101743788,m,79.390549285603612,breeding-bird species richness,count,NA,NA,NA,FALSE,NA,NA,NA,NA
Topography_delta_no_mean_covariates_gaussian,3,allouche_2012,primary,no_mean_covariates,linear,1,46,33.306897730091364,m,79.468682114508823,breeding-bird species richness,count,NA,NA,NA,FALSE,NA,NA,NA,NA
Topography_delta_no_mean_covariates_gaussian,3,allouche_2012,primary,no_mean_covariates,linear,1,47,34.032817358438933,m,79.546814943414034,breeding-bird species richness,count,NA,NA,NA,FALSE,NA,NA,NA,NA
Topography_delta_no_mean_covariates_gaussian,3,allouche_2012,primary,no_mean_covariates,linear,1,48,34.758736986786509,m,79.624947772319246,breeding-bird species richness,count,NA,NA,NA,FALSE,NA,NA,NA,NA
Topography_delta_no_mean_covariates_gaussian,3,allouche_2012,primary,no_mean_covariates,linear,1,49,35.484656615134085,m,79.703080601224457,breeding-bird species richness,count,NA,NA,NA,FALSE,NA,NA,NA,NA
Topography_delta_no_mean_covariates_gaussian,3,allouche_2012,primary,no_mean_covariates,linear,1,50,36.210576243481654,m,79.781213430129668,breeding-bird species richness,count,NA,NA,NA,FALSE,NA,NA,NA,NA
Topography_delta_no_mean_covariates_gaussian,3,allouche_2012,primary,no_mean_covariates,linear,1,51,36.93649587182923,m,79.859346259034879,breeding-bird species richness,count,NA,NA,NA,FALSE,NA,NA,NA,NA
Topography_delta_no_mean_covariates_gaussian,3,allouche_2012,primary,no_mean_covariates,linear,1,52,37.662415500176806,m,79.93747908794009,breeding-bird species richness,count,NA,NA,NA,FALSE,NA,NA,NA,NA
Topography_delta_no_mean_covariates_gaussian,3,allouche_2012,primary,no_mean_covariates,linear,1,53,38.388335128524375,m,80.015611916845302,breeding-bird species richness,count,NA,NA,NA,FALSE,NA,NA,NA,NA
Topography_delta_no_mean_covariates_gaussian,3,allouche_2012,primary,no_mean_covariates,linear,1,54,39.114254756871951,m,80.093744745750513,breeding-bird species richness,count,NA,NA,NA,FALSE,NA,NA,NA,NA
Topography_delta_no_mean_covariates_gaussian,3,allouche_2012,primary,no_mean_covariates,linear,1,55,39.840174385219527,m,80.171877574655724,breeding-bird species richness,count,NA,NA,NA,FALSE,NA,NA,NA,NA
Topography_delta_no_mean_covariates_gaussian,3,allouche_2012,primary,no_mean_covariates,linear,1,56,40.566094013567096,m,80.250010403560935,breeding-bird species richness,count,NA,NA,NA,FALSE,NA,NA,NA,NA
Topography_delta_no_mean_covariates_gaussian,3,allouche_2012,primary,no_mean_covariates,linear,1,57,41.292013641914671,m,80.328143232466147,breeding-bird species richness,count,NA,NA,NA,FALSE,NA,NA,NA,NA
Topography_delta_no_mean_covariates_gaussian,3,allouche_2012,primary,no_mean_covariates,linear,1,58,42.017933270262247,m,80.406276061371358,breeding-bird species richness,count,NA,NA,NA,FALSE,NA,NA,NA,NA
Topography_delta_no_mean_covariates_gaussian,3,allouche_2012,primary,no_mean_covariates,linear,1,59,42.743852898609816,m,80.484408890276569,breeding-bird species richness,count,NA,NA,NA,FALSE,NA,NA,NA,NA
Topography_delta_no_mean_covariates_gaussian,3,allouche_2012,primary,no_mean_covariates,linear,1,60,43.469772526957392,m,80.56254171918178,breeding-bird species richness,count,NA,NA,NA,FALSE,NA,NA,NA,NA
Topography_delta_no_mean_covariates_gaussian,3,allouche_2012,primary,no_mean_covariates,linear,1,61,44.195692155304961,m,80.640674548086992,breeding-bird species richness,count,NA,NA,NA,FALSE,NA,NA,NA,NA
Topography_delta_no_mean_covariates_gaussian,3,allouche_2012,primary,no_mean_covariates,linear,1,62,44.921611783652537,m,80.718807376992203,breeding-bird species richness,count,NA,NA,NA,FALSE,NA,NA,NA,NA
Topography_delta_no_mean_covariates_gaussian,3,allouche_2012,primary,no_mean_covariates,linear,1,63,45.647531412000113,m,80.796940205897414,breeding-bird species richness,count,NA,NA,NA,FALSE,NA,NA,NA,NA
Topography_delta_no_mean_covariates_gaussian,3,allouche_2012,primary,no_mean_covariates,linear,1,64,46.373451040347682,m,80.875073034802611,breeding-bird species richness,count,NA,NA,NA,FALSE,NA,NA,NA,NA
Topography_delta_no_mean_covariates_gaussian,3,allouche_2012,primary,no_mean_covariates,linear,1,65,47.099370668695258,m,80.953205863707822,breeding-bird species richness,count,NA,NA,NA,FALSE,NA,NA,NA,NA
Topography_delta_no_mean_covariates_gaussian,3,allouche_2012,primary,no_mean_covariates,linear,1,66,47.825290297042834,m,81.031338692613033,breeding-bird species richness,count,NA,NA,NA,FALSE,NA,NA,NA,NA
Topography_delta_no_mean_covariates_gaussian,3,allouche_2012,primary,no_mean_covariates,linear,1,67,48.551209925390403,m,81.109471521518245,breeding-bird species richness,count,NA,NA,NA,FALSE,NA,NA,NA,NA
Topography_delta_no_mean_covariates_gaussian,3,allouche_2012,primary,no_mean_covariates,linear,1,68,49.277129553737979,m,81.187604350423456,breeding-bird species richness,count,NA,NA,NA,FALSE,NA,NA,NA,NA
Topography_delta_no_mean_covariates_gaussian,3,allouche_2012,primary,no_mean_covariates,linear,1,69,50.003049182085554,m,81.265737179328667,breeding-bird species richness,count,NA,NA,NA,FALSE,NA,NA,NA,NA
Topography_delta_no_mean_covariates_gaussian,3,allouche_2012,primary,no_mean_covariates,linear,1,70,50.728968810433123,m,81.343870008233878,breeding-bird species richness,count,NA,NA,NA,FALSE,NA,NA,NA,NA
Topography_delta_no_mean_covariates_gaussian,3,allouche_2012,primary,no_mean_covariates,linear,1,71,51.454888438780699,m,81.42200283713909,breeding-bird species richness,count,NA,NA,NA,FALSE,NA,NA,NA,NA
Topography_delta_no_mean_covariates_gaussian,3,allouche_2012,primary,no_mean_covariates,linear,1,72,52.180808067128268,m,81.500135666044301,breeding-bird species richness,count,NA,NA,NA,FALSE,NA,NA,NA,NA
Topography_delta_no_mean_covariates_gaussian,3,allouche_2012,primary,no_mean_covariates,linear,1,73,52.906727695475844,m,81.578268494949512,breeding-bird species richness,count,NA,NA,NA,FALSE,NA,NA,NA,NA
Topography_delta_no_mean_covariates_gaussian,3,allouche_2012,primary,no_mean_covariates,linear,1,74,53.63264732382342,m,81.656401323854723,breeding-bird species richness,count,NA,NA,NA,FALSE,NA,NA,NA,NA
Topography_delta_no_mean_covariates_gaussian,3,allouche_2012,primary,no_mean_covariates,linear,1,75,54.358566952170989,m,81.734534152759934,breeding-bird species richness,count,NA,NA,NA,FALSE,NA,NA,NA,NA
Topography_delta_no_mean_covariates_gaussian,3,allouche_2012,primary,no_mean_covariates,linear,1,76,55.084486580518565,m,81.812666981665146,breeding-bird species richness,count,NA,NA,NA,FALSE,NA,NA,NA,NA
Topography_delta_no_mean_covariates_gaussian,3,allouche_2012,primary,no_mean_covariates,linear,1,77,55.810406208866141,m,81.890799810570357,breeding-bird species richness,count,NA,NA,NA,FALSE,NA,NA,NA,NA
Topography_delta_no_mean_covariates_gaussian,3,allouche_2012,primary,no_mean_covariates,linear,1,78,56.53632583721371,m,81.968932639475568,breeding-bird species richness,count,NA,NA,NA,FALSE,NA,NA,NA,NA
Topography_delta_no_mean_covariates_gaussian,3,allouche_2012,primary,no_mean_covariates,linear,1,79,57.262245465561286,m,82.047065468380779,breeding-bird species richness,count,NA,NA,NA,FALSE,NA,NA,NA,NA
Topography_delta_no_mean_covariates_gaussian,3,allouche_2012,primary,no_mean_covariates,linear,1,80,57.988165093908862,m,82.125198297285991,breeding-bird species richness,count,NA,NA,NA,FALSE,NA,NA,NA,NA
Topography_delta_no_mean_covariates_gaussian,3,allouche_2012,primary,no_mean_covariates,linear,1,81,58.71408472225643,m,82.203331126191202,breeding-bird species richness,count,NA,NA,NA,FALSE,NA,NA,NA,NA
Topography_delta_no_mean_covariates_gaussian,3,allouche_2012,primary,no_mean_covariates,linear,1,82,59.440004350604006,m,82.281463955096413,breeding-bird species richness,count,NA,NA,NA,FALSE,NA,NA,NA,NA
Topography_delta_no_mean_covariates_gaussian,3,allouche_2012,primary,no_mean_covariates,linear,1,83,60.165923978951582,m,82.359596784001624,breeding-bird species richness,count,NA,NA,NA,FALSE,NA,NA,NA,NA
Topography_delta_no_mean_covariates_gaussian,3,allouche_2012,primary,no_mean_covariates,linear,1,84,60.891843607299151,m,82.437729612906836,breeding-bird species richness,count,NA,NA,NA,FALSE,NA,NA,NA,NA
Topography_delta_no_mean_covariates_gaussian,3,allouche_2012,primary,no_mean_covariates,linear,1,85,61.617763235646727,m,82.515862441812047,breeding-bird species richness,count,NA,NA,NA,FALSE,NA,NA,NA,NA
Topography_delta_no_mean_covariates_gaussian,3,allouche_2012,primary,no_mean_covariates,linear,1,86,62.343682863994296,m,82.593995270717258,breeding-bird species richness,count,NA,NA,NA,FALSE,NA,NA,NA,NA
Topography_delta_no_mean_covariates_gaussian,3,allouche_2012,primary,no_mean_covariates,linear,1,87,63.069602492341872,m,82.672128099622455,breeding-bird species richness,count,NA,NA,NA,FALSE,NA,NA,NA,NA
Topography_delta_no_mean_covariates_gaussian,3,allouche_2012,primary,no_mean_covariates,linear,1,88,63.795522120689448,m,82.750260928527666,breeding-bird species richness,count,NA,NA,NA,FALSE,NA,NA,NA,NA
Topography_delta_no_mean_covariates_gaussian,3,allouche_2012,primary,no_mean_covariates,linear,1,89,64.52144174903701,m,82.828393757432877,breeding-bird species richness,count,NA,NA,NA,FALSE,NA,NA,NA,NA
Topography_delta_no_mean_covariates_gaussian,3,allouche_2012,primary,no_mean_covariates,linear,1,90,65.247361377384593,m,82.906526586338089,breeding-bird species richness,count,NA,NA,NA,FALSE,NA,NA,NA,NA
Topography_delta_no_mean_covariates_gaussian,3,allouche_2012,primary,no_mean_covariates,linear,1,91,65.973281005732161,m,82.9846594152433,breeding-bird species richness,count,NA,NA,NA,FALSE,NA,NA,NA,NA
Topography_delta_no_mean_covariates_gaussian,3,allouche_2012,primary,no_mean_covariates,linear,1,92,66.69920063407973,m,83.062792244148511,breeding-bird species richness,count,NA,NA,NA,FALSE,NA,NA,NA,NA
Topography_delta_no_mean_covariates_gaussian,3,allouche_2012,primary,no_mean_covariates,linear,1,93,67.425120262427299,m,83.140925073053722,breeding-bird species richness,count,NA,NA,NA,FALSE,NA,NA,NA,NA
Topography_delta_no_mean_covariates_gaussian,3,allouche_2012,primary,no_mean_covariates,linear,1,94,68.151039890774882,m,83.219057901958934,breeding-bird species richness,count,NA,NA,NA,FALSE,NA,NA,NA,NA
Topography_delta_no_mean_covariates_gaussian,3,allouche_2012,primary,no_mean_covariates,linear,1,95,68.876959519122451,m,83.297190730864145,breeding-bird species richness,count,NA,NA,NA,FALSE,NA,NA,NA,NA
Topography_delta_no_mean_covariates_gaussian,3,allouche_2012,primary,no_mean_covariates,linear,1,96,69.60287914747002,m,83.375323559769356,breeding-bird species richness,count,NA,NA,NA,FALSE,NA,NA,NA,NA
Topography_delta_no_mean_covariates_gaussian,3,allouche_2012,primary,no_mean_covariates,linear,1,97,70.328798775817603,m,83.453456388674567,breeding-bird species richness,count,NA,NA,NA,FALSE,NA,NA,NA,NA
Topography_delta_no_mean_covariates_gaussian,3,allouche_2012,primary,no_mean_covariates,linear,1,98,71.054718404165172,m,83.531589217579779,breeding-bird species richness,count,NA,NA,NA,FALSE,NA,NA,NA,NA
Topography_delta_no_mean_covariates_gaussian,3,allouche_2012,primary,no_mean_covariates,linear,1,99,71.780638032512741,m,83.60972204648499,breeding-bird species richness,count,NA,NA,NA,FALSE,NA,NA,NA,NA
Topography_delta_no_mean_covariates_gaussian,3,allouche_2012,primary,no_mean_covariates,linear,1,100,72.506557660860324,m,83.687854875390201,breeding-bird species richness,count,NA,NA,NA,FALSE,NA,NA,NA,NA
Topography_delta_no_mean_covariates_gaussian,3,allouche_2012,primary,no_mean_covariates,linear,1,101,73.232477289207893,m,83.765987704295412,breeding-bird species richness,count,NA,NA,NA,FALSE,NA,NA,NA,NA
Topography_delta_no_mean_covariates_gaussian,3,allouche_2012,primary,no_mean_covariates,linear,1,102,73.958396917555461,m,83.844120533200623,breeding-bird species richness,count,NA,NA,NA,FALSE,NA,NA,NA,NA
Topography_delta_no_mean_covariates_gaussian,3,allouche_2012,primary,no_mean_covariates,linear,1,103,74.684316545903044,m,83.922253362105835,breeding-bird species richness,count,NA,NA,NA,FALSE,NA,NA,NA,NA
Topography_delta_no_mean_covariates_gaussian,3,allouche_2012,primary,no_mean_covariates,linear,1,104,75.410236174250613,m,84.000386191011046,breeding-bird species richness,count,NA,NA,NA,FALSE,NA,NA,NA,NA
Topography_delta_no_mean_covariates_gaussian,3,allouche_2012,primary,no_mean_covariates,linear,1,105,76.136155802598182,m,84.078519019916257,breeding-bird species richness,count,NA,NA,NA,FALSE,NA,NA,NA,NA
Topography_delta_no_mean_covariates_gaussian,3,allouche_2012,primary,no_mean_covariates,linear,1,106,76.862075430945765,m,84.156651848821468,breeding-bird species richness,count,NA,NA,NA,FALSE,NA,NA,NA,NA
Topography_delta_no_mean_covariates_gaussian,3,allouche_2012,primary,no_mean_covariates,linear,1,107,77.587995059293334,m,84.23478467772668,breeding-bird species richness,count,NA,NA,NA,FALSE,NA,NA,NA,NA
Topography_delta_no_mean_covariates_gaussian,3,allouche_2012,primary,no_mean_covariates,linear,1,108,78.313914687640903,m,84.312917506631891,breeding-bird species richness,count,NA,NA,NA,FALSE,NA,NA,NA,NA
Topography_delta_no_mean_covariates_gaussian,3,allouche_2012,primary,no_mean_covariates,linear,1,109,79.039834315988486,m,84.391050335537102,breeding-bird species richness,count,NA,NA,NA,FALSE,NA,NA,NA,NA
Topography_delta_no_mean_covariates_gaussian,3,allouche_2012,primary,no_mean_covariates,linear,1,110,79.765753944336055,m,84.469183164442299,breeding-bird species richness,count,NA,NA,NA,FALSE,NA,NA,NA,NA
Topography_delta_no_mean_covariates_gaussian,3,allouche_2012,primary,no_mean_covariates,linear,1,111,80.491673572683624,m,84.54731599334751,breeding-bird species richness,count,NA,NA,NA,FALSE,NA,NA,NA,NA
Topography_delta_no_mean_covariates_gaussian,3,allouche_2012,primary,no_mean_covariates,linear,1,112,81.217593201031207,m,84.625448822252721,breeding-bird species richness,count,NA,NA,NA,FALSE,NA,NA,NA,NA
Topography_delta_no_mean_covariates_gaussian,3,allouche_2012,primary,no_mean_covariates,linear,1,113,81.943512829378776,m,84.703581651157933,breeding-bird species richness,count,NA,NA,NA,FALSE,NA,NA,NA,NA
Topography_delta_no_mean_covariates_gaussian,3,allouche_2012,primary,no_mean_covariates,linear,1,114,82.669432457726344,m,84.781714480063144,breeding-bird species richness,count,NA,NA,NA,FALSE,NA,NA,NA,NA
Topography_delta_no_mean_covariates_gaussian,3,allouche_2012,primary,no_mean_covariates,linear,1,115,83.395352086073927,m,84.859847308968355,breeding-bird species richness,count,NA,NA,NA,FALSE,NA,NA,NA,NA
Topography_delta_no_mean_covariates_gaussian,3,allouche_2012,primary,no_mean_covariates,linear,1,116,84.121271714421496,m,84.937980137873566,breeding-bird species richness,count,NA,NA,NA,FALSE,NA,NA,NA,NA
Topography_delta_no_mean_covariates_gaussian,3,allouche_2012,primary,no_mean_covariates,linear,1,117,84.847191342769065,m,85.016112966778778,breeding-bird species richness,count,NA,NA,NA,FALSE,NA,NA,NA,NA
Topography_delta_no_mean_covariates_gaussian,3,allouche_2012,primary,no_mean_covariates,linear,1,118,85.573110971116634,m,85.094245795683989,breeding-bird species richness,count,NA,NA,NA,FALSE,NA,NA,NA,NA
Topography_delta_no_mean_covariates_gaussian,3,allouche_2012,primary,no_mean_covariates,linear,1,119,86.299030599464217,m,85.1723786245892,breeding-bird species richness,count,NA,NA,NA,FALSE,NA,NA,NA,NA
Topography_delta_no_mean_covariates_gaussian,3,allouche_2012,primary,no_mean_covariates,linear,1,120,87.024950227811786,m,85.250511453494411,breeding-bird species richness,count,NA,NA,NA,FALSE,NA,NA,NA,NA
Topography_delta_no_mean_covariates_gaussian,3,allouche_2012,primary,no_mean_covariates,linear,1,121,87.750869856159355,m,85.328644282399623,breeding-bird species richness,count,NA,NA,NA,FALSE,NA,NA,NA,NA
Topography_delta_no_mean_covariates_gaussian,3,allouche_2012,primary,no_mean_covariates,linear,1,122,88.476789484506938,m,85.406777111304834,breeding-bird species richness,count,NA,NA,NA,FALSE,NA,NA,NA,NA
Topography_delta_no_mean_covariates_gaussian,3,allouche_2012,primary,no_mean_covariates,linear,1,123,89.202709112854507,m,85.484909940210045,breeding-bird species richness,count,NA,NA,NA,FALSE,NA,NA,NA,NA
Topography_delta_no_mean_covariates_gaussian,3,allouche_2012,primary,no_mean_covariates,linear,1,124,89.928628741202076,m,85.563042769115256,breeding-bird species richness,count,NA,NA,NA,FALSE,NA,NA,NA,NA
Topography_delta_no_mean_covariates_gaussian,3,allouche_2012,primary,no_mean_covariates,linear,1,125,90.654548369549659,m,85.641175598020467,breeding-bird species richness,count,NA,NA,NA,FALSE,NA,NA,NA,NA
Topography_delta_no_mean_covariates_gaussian,3,allouche_2012,primary,no_mean_covariates,linear,1,126,91.380467997897227,m,85.719308426925679,breeding-bird species richness,count,NA,NA,NA,FALSE,NA,NA,NA,NA
Topography_delta_no_mean_covariates_gaussian,3,allouche_2012,primary,no_mean_covariates,linear,1,127,92.106387626244796,m,85.79744125583089,breeding-bird species richness,count,NA,NA,NA,FALSE,NA,NA,NA,NA
Topography_delta_no_mean_covariates_gaussian,3,allouche_2012,primary,no_mean_covariates,linear,1,128,92.832307254592379,m,85.875574084736101,breeding-bird species richness,count,NA,NA,NA,FALSE,NA,NA,NA,NA
Topography_delta_no_mean_covariates_gaussian,3,allouche_2012,primary,no_mean_covariates,linear,1,129,93.558226882939948,m,85.953706913641312,breeding-bird species richness,count,NA,NA,NA,FALSE,NA,NA,NA,NA
Topography_delta_no_mean_covariates_gaussian,3,allouche_2012,primary,no_mean_covariates,linear,1,130,94.284146511287517,m,86.031839742546524,breeding-bird species richness,count,NA,NA,NA,FALSE,NA,NA,NA,NA
Topography_delta_no_mean_covariates_gaussian,3,allouche_2012,primary,no_mean_covariates,linear,1,131,95.0100661396351,m,86.109972571451735,breeding-bird species richness,count,NA,NA,NA,FALSE,NA,NA,NA,NA
Topography_delta_no_mean_covariates_gaussian,3,allouche_2012,primary,no_mean_covariates,linear,1,132,95.735985767982669,m,86.188105400356932,breeding-bird species richness,count,NA,NA,NA,FALSE,NA,NA,NA,NA
Topography_delta_no_mean_covariates_gaussian,3,allouche_2012,primary,no_mean_covariates,linear,1,133,96.461905396330238,m,86.266238229262143,breeding-bird species richness,count,NA,NA,NA,FALSE,NA,NA,NA,NA
Topography_delta_no_mean_covariates_gaussian,3,allouche_2012,primary,no_mean_covariates,linear,1,134,97.187825024677821,m,86.344371058167354,breeding-bird species richness,count,NA,NA,NA,FALSE,NA,NA,NA,NA
Topography_delta_no_mean_covariates_gaussian,3,allouche_2012,primary,no_mean_covariates,linear,1,135,97.91374465302539,m,86.422503887072565,breeding-bird species richness,count,NA,NA,NA,FALSE,NA,NA,NA,NA
Topography_delta_no_mean_covariates_gaussian,3,allouche_2012,primary,no_mean_covariates,linear,1,136,98.639664281372958,m,86.500636715977777,breeding-bird species richness,count,NA,NA,NA,FALSE,NA,NA,NA,NA
Topography_delta_no_mean_covariates_gaussian,3,allouche_2012,primary,no_mean_covariates,linear,1,137,99.365583909720542,m,86.578769544882988,breeding-bird species richness,count,NA,NA,NA,FALSE,NA,NA,NA,NA
Topography_delta_no_mean_covariates_gaussian,3,allouche_2012,primary,no_mean_covariates,linear,1,138,100.09150353806811,m,86.656902373788199,breeding-bird species richness,count,NA,NA,NA,FALSE,NA,NA,NA,NA
Topography_delta_no_mean_covariates_gaussian,3,allouche_2012,primary,no_mean_covariates,linear,1,139,100.81742316641568,m,86.73503520269341,breeding-bird species richness,count,NA,NA,NA,FALSE,NA,NA,NA,NA
Topography_delta_no_mean_covariates_gaussian,3,allouche_2012,primary,no_mean_covariates,linear,1,140,101.54334279476326,m,86.813168031598622,breeding-bird species richness,count,NA,NA,NA,FALSE,NA,NA,NA,NA
Topography_delta_no_mean_covariates_gaussian,3,allouche_2012,primary,no_mean_covariates,linear,1,141,102.26926242311083,m,86.891300860503833,breeding-bird species richness,count,NA,NA,NA,FALSE,NA,NA,NA,NA
Topography_delta_no_mean_covariates_gaussian,3,allouche_2012,primary,no_mean_covariates,linear,1,142,102.9951820514584,m,86.969433689409044,breeding-bird species richness,count,NA,NA,NA,FALSE,NA,NA,NA,NA
Topography_delta_no_mean_covariates_gaussian,3,allouche_2012,primary,no_mean_covariates,linear,1,143,103.72110167980597,m,87.047566518314255,breeding-bird species richness,count,NA,NA,NA,FALSE,NA,NA,NA,NA
Topography_delta_no_mean_covariates_gaussian,3,allouche_2012,primary,no_mean_covariates,linear,1,144,104.44702130815355,m,87.125699347219467,breeding-bird species richness,count,NA,NA,NA,FALSE,NA,NA,NA,NA
Topography_delta_no_mean_covariates_gaussian,3,allouche_2012,primary,no_mean_covariates,linear,1,145,105.17294093650112,m,87.203832176124678,breeding-bird species richness,count,NA,NA,NA,FALSE,NA,NA,NA,NA
Topography_delta_no_mean_covariates_gaussian,3,allouche_2012,primary,no_mean_covariates,linear,1,146,105.89886056484869,m,87.281965005029889,breeding-bird species richness,count,NA,NA,NA,FALSE,NA,NA,NA,NA
Topography_delta_no_mean_covariates_gaussian,3,allouche_2012,primary,no_mean_covariates,linear,1,147,106.62478019319627,m,87.3600978339351,breeding-bird species richness,count,NA,NA,NA,FALSE,NA,NA,NA,NA
Topography_delta_no_mean_covariates_gaussian,3,allouche_2012,primary,no_mean_covariates,linear,1,148,107.35069982154384,m,87.438230662840311,breeding-bird species richness,count,NA,NA,NA,FALSE,NA,NA,NA,NA
Topography_delta_no_mean_covariates_gaussian,3,allouche_2012,primary,no_mean_covariates,linear,1,149,108.07661944989141,m,87.516363491745523,breeding-bird species richness,count,NA,NA,NA,FALSE,NA,NA,NA,NA
Topography_delta_no_mean_covariates_gaussian,3,allouche_2012,primary,no_mean_covariates,linear,1,150,108.80253907823899,m,87.594496320650734,breeding-bird species richness,count,NA,NA,NA,FALSE,NA,NA,NA,NA
Topography_delta_no_mean_covariates_gaussian,3,allouche_2012,primary,no_mean_covariates,linear,1,151,109.52845870658656,m,87.672629149555945,breeding-bird species richness,count,NA,NA,NA,FALSE,NA,NA,NA,NA
Topography_delta_no_mean_covariates_gaussian,3,allouche_2012,primary,no_mean_covariates,linear,1,152,110.25437833493413,m,87.750761978461156,breeding-bird species richness,count,NA,NA,NA,FALSE,NA,NA,NA,NA
Topography_delta_no_mean_covariates_gaussian,3,allouche_2012,primary,no_mean_covariates,linear,1,153,110.98029796328171,m,87.828894807366368,breeding-bird species richness,count,NA,NA,NA,FALSE,NA,NA,NA,NA
Topography_delta_no_mean_covariates_gaussian,3,allouche_2012,primary,no_mean_covariates,linear,1,154,111.70621759162928,m,87.907027636271579,breeding-bird species richness,count,NA,NA,NA,FALSE,NA,NA,NA,NA
Topography_delta_no_mean_covariates_gaussian,3,allouche_2012,primary,no_mean_covariates,linear,1,155,112.43213721997685,m,87.985160465176776,breeding-bird species richness,count,NA,NA,NA,FALSE,NA,NA,NA,NA
Topography_delta_no_mean_covariates_gaussian,3,allouche_2012,primary,no_mean_covariates,linear,1,156,113.15805684832443,m,88.063293294081987,breeding-bird species richness,count,NA,NA,NA,FALSE,NA,NA,NA,NA
Topography_delta_no_mean_covariates_gaussian,3,allouche_2012,primary,no_mean_covariates,linear,1,157,113.883976476672,m,88.141426122987198,breeding-bird species richness,count,NA,NA,NA,FALSE,NA,NA,NA,NA
Topography_delta_no_mean_covariates_gaussian,3,allouche_2012,primary,no_mean_covariates,linear,1,158,114.60989610501957,m,88.219558951892409,breeding-bird species richness,count,NA,NA,NA,FALSE,NA,NA,NA,NA
Topography_delta_no_mean_covariates_gaussian,3,allouche_2012,primary,no_mean_covariates,linear,1,159,115.33581573336716,m,88.297691780797621,breeding-bird species richness,count,NA,NA,NA,FALSE,NA,NA,NA,NA
Topography_delta_no_mean_covariates_gaussian,3,allouche_2012,primary,no_mean_covariates,linear,1,160,116.06173536171472,m,88.375824609702832,breeding-bird species richness,count,NA,NA,NA,FALSE,NA,NA,NA,NA
Topography_delta_no_mean_covariates_gaussian,3,allouche_2012,primary,no_mean_covariates,linear,1,161,116.78765499006229,m,88.453957438608043,breeding-bird species richness,count,NA,NA,NA,FALSE,NA,NA,NA,NA
Topography_delta_no_mean_covariates_gaussian,3,allouche_2012,primary,no_mean_covariates,linear,1,162,117.51357461840988,m,88.532090267513254,breeding-bird species richness,count,NA,NA,NA,FALSE,NA,NA,NA,NA
Topography_delta_no_mean_covariates_gaussian,3,allouche_2012,primary,no_mean_covariates,linear,1,163,118.23949424675745,m,88.610223096418466,breeding-bird species richness,count,NA,NA,NA,FALSE,NA,NA,NA,NA
Topography_delta_no_mean_covariates_gaussian,3,allouche_2012,primary,no_mean_covariates,linear,1,164,118.96541387510501,m,88.688355925323677,breeding-bird species richness,count,NA,NA,NA,FALSE,NA,NA,NA,NA
Topography_delta_no_mean_covariates_gaussian,3,allouche_2012,primary,no_mean_covariates,linear,1,165,119.6913335034526,m,88.766488754228888,breeding-bird species richness,count,NA,NA,NA,FALSE,NA,NA,NA,NA
Topography_delta_no_mean_covariates_gaussian,3,allouche_2012,primary,no_mean_covariates,linear,1,166,120.41725313180017,m,88.844621583134099,breeding-bird species richness,count,NA,NA,NA,FALSE,NA,NA,NA,NA
Topography_delta_no_mean_covariates_gaussian,3,allouche_2012,primary,no_mean_covariates,linear,1,167,121.14317276014773,m,88.922754412039311,breeding-bird species richness,count,NA,NA,NA,FALSE,NA,NA,NA,NA
Topography_delta_no_mean_covariates_gaussian,3,allouche_2012,primary,no_mean_covariates,linear,1,168,121.8690923884953,m,89.000887240944522,breeding-bird species richness,count,NA,NA,NA,FALSE,NA,NA,NA,NA
Topography_delta_no_mean_covariates_gaussian,3,allouche_2012,primary,no_mean_covariates,linear,1,169,122.59501201684289,m,89.079020069849733,breeding-bird species richness,count,NA,NA,NA,FALSE,NA,NA,NA,NA
Topography_delta_no_mean_covariates_gaussian,3,allouche_2012,primary,no_mean_covariates,linear,1,170,123.32093164519046,m,89.157152898754944,breeding-bird species richness,count,NA,NA,NA,FALSE,NA,NA,NA,NA
Topography_delta_no_mean_covariates_gaussian,3,allouche_2012,primary,no_mean_covariates,linear,1,171,124.04685127353802,m,89.235285727660155,breeding-bird species richness,count,NA,NA,NA,FALSE,NA,NA,NA,NA
Topography_delta_no_mean_covariates_gaussian,3,allouche_2012,primary,no_mean_covariates,linear,1,172,124.77277090188561,m,89.313418556565367,breeding-bird species richness,count,NA,NA,NA,FALSE,NA,NA,NA,NA
Topography_delta_no_mean_covariates_gaussian,3,allouche_2012,primary,no_mean_covariates,linear,1,173,125.49869053023318,m,89.391551385470578,breeding-bird species richness,count,NA,NA,NA,FALSE,NA,NA,NA,NA
Topography_delta_no_mean_covariates_gaussian,3,allouche_2012,primary,no_mean_covariates,linear,1,174,126.22461015858075,m,89.469684214375789,breeding-bird species richness,count,NA,NA,NA,FALSE,NA,NA,NA,NA
Topography_delta_no_mean_covariates_gaussian,3,allouche_2012,primary,no_mean_covariates,linear,1,175,126.95052978692833,m,89.547817043281,breeding-bird species richness,count,NA,NA,NA,FALSE,NA,NA,NA,NA
Topography_delta_no_mean_covariates_gaussian,3,allouche_2012,primary,no_mean_covariates,linear,1,176,127.6764494152759,m,89.625949872186212,breeding-bird species richness,count,NA,NA,NA,FALSE,NA,NA,NA,NA
Topography_delta_no_mean_covariates_gaussian,3,allouche_2012,primary,no_mean_covariates,linear,1,177,128.40236904362348,m,89.704082701091423,breeding-bird species richness,count,NA,NA,NA,FALSE,NA,NA,NA,NA
Topography_delta_no_mean_covariates_gaussian,3,allouche_2012,primary,no_mean_covariates,linear,1,178,129.12828867197106,m,89.782215529996634,breeding-bird species richness,count,NA,NA,NA,FALSE,NA,NA,NA,NA
Topography_delta_no_mean_covariates_gaussian,3,allouche_2012,primary,no_mean_covariates,linear,1,179,129.85420830031865,m,89.860348358901845,breeding-bird species richness,count,NA,NA,NA,FALSE,NA,NA,NA,NA
Topography_delta_no_mean_covariates_gaussian,3,allouche_2012,primary,no_mean_covariates,linear,1,180,130.5801279286662,m,89.938481187807042,breeding-bird species richness,count,NA,NA,NA,FALSE,NA,NA,NA,NA
Topography_delta_no_mean_covariates_gaussian,3,allouche_2012,primary,no_mean_covariates,linear,1,181,131.30604755701378,m,90.016614016712268,breeding-bird species richness,count,NA,NA,NA,FALSE,NA,NA,NA,NA
Topography_delta_no_mean_covariates_gaussian,3,allouche_2012,primary,no_mean_covariates,linear,1,182,132.03196718536134,m,90.094746845617465,breeding-bird species richness,count,NA,NA,NA,FALSE,NA,NA,NA,NA
Topography_delta_no_mean_covariates_gaussian,3,allouche_2012,primary,no_mean_covariates,linear,1,183,132.75788681370892,m,90.172879674522676,breeding-bird species richness,count,NA,NA,NA,FALSE,NA,NA,NA,NA
Topography_delta_no_mean_covariates_gaussian,3,allouche_2012,primary,no_mean_covariates,linear,1,184,133.4838064420565,m,90.251012503427887,breeding-bird species richness,count,NA,NA,NA,FALSE,NA,NA,NA,NA
Topography_delta_no_mean_covariates_gaussian,3,allouche_2012,primary,no_mean_covariates,linear,1,185,134.20972607040406,m,90.329145332333098,breeding-bird species richness,count,NA,NA,NA,FALSE,NA,NA,NA,NA
Topography_delta_no_mean_covariates_gaussian,3,allouche_2012,primary,no_mean_covariates,linear,1,186,134.93564569875164,m,90.40727816123831,breeding-bird species richness,count,NA,NA,NA,FALSE,NA,NA,NA,NA
Topography_delta_no_mean_covariates_gaussian,3,allouche_2012,primary,no_mean_covariates,linear,1,187,135.66156532709923,m,90.485410990143521,breeding-bird species richness,count,NA,NA,NA,FALSE,NA,NA,NA,NA
Topography_delta_no_mean_covariates_gaussian,3,allouche_2012,primary,no_mean_covariates,linear,1,188,136.38748495544678,m,90.563543819048732,breeding-bird species richness,count,NA,NA,NA,FALSE,NA,NA,NA,NA
Topography_delta_no_mean_covariates_gaussian,3,allouche_2012,primary,no_mean_covariates,linear,1,189,137.11340458379436,m,90.641676647953943,breeding-bird species richness,count,NA,NA,NA,FALSE,NA,NA,NA,NA
Topography_delta_no_mean_covariates_gaussian,3,allouche_2012,primary,no_mean_covariates,linear,1,190,137.83932421214195,m,90.719809476859155,breeding-bird species richness,count,NA,NA,NA,FALSE,NA,NA,NA,NA
Topography_delta_no_mean_covariates_gaussian,3,allouche_2012,primary,no_mean_covariates,linear,1,191,138.5652438404895,m,90.797942305764366,breeding-bird species richness,count,NA,NA,NA,FALSE,NA,NA,NA,NA
Topography_delta_no_mean_covariates_gaussian,3,allouche_2012,primary,no_mean_covariates,linear,1,192,139.29116346883708,m,90.876075134669577,breeding-bird species richness,count,NA,NA,NA,FALSE,NA,NA,NA,NA
Topography_delta_no_mean_covariates_gaussian,3,allouche_2012,primary,no_mean_covariates,linear,1,193,140.01708309718467,m,90.954207963574788,breeding-bird species richness,count,NA,NA,NA,FALSE,NA,NA,NA,NA
Topography_delta_no_mean_covariates_gaussian,3,allouche_2012,primary,no_mean_covariates,linear,1,194,140.74300272553222,m,91.032340792479999,breeding-bird species richness,count,NA,NA,NA,FALSE,NA,NA,NA,NA
Topography_delta_no_mean_covariates_gaussian,3,allouche_2012,primary,no_mean_covariates,linear,1,195,141.4689223538798,m,91.110473621385211,breeding-bird species richness,count,NA,NA,NA,FALSE,NA,NA,NA,NA
Topography_delta_no_mean_covariates_gaussian,3,allouche_2012,primary,no_mean_covariates,linear,1,196,142.19484198222739,m,91.188606450290422,breeding-bird species richness,count,NA,NA,NA,FALSE,NA,NA,NA,NA
Topography_delta_no_mean_covariates_gaussian,3,allouche_2012,primary,no_mean_covariates,linear,1,197,142.92076161057494,m,91.266739279195633,breeding-bird species richness,count,NA,NA,NA,FALSE,NA,NA,NA,NA
Topography_delta_no_mean_covariates_gaussian,3,allouche_2012,primary,no_mean_covariates,linear,1,198,143.64668123892253,m,91.344872108100844,breeding-bird species richness,count,NA,NA,NA,FALSE,NA,NA,NA,NA
Topography_delta_no_mean_covariates_gaussian,3,allouche_2012,primary,no_mean_covariates,linear,1,199,144.37260086727011,m,91.423004937006056,breeding-bird species richness,count,NA,NA,NA,FALSE,NA,NA,NA,NA
Topography_delta_no_mean_covariates_gaussian,3,allouche_2012,primary,no_mean_covariates,linear,1,200,145.09852049561766,m,91.501137765911267,breeding-bird species richness,count,NA,NA,NA,FALSE,NA,NA,NA,NA
Topography_delta_no_mean_covariates_gaussian,3,allouche_2012,primary,no_mean_covariates,logarithmic,2,1,0.64051445445055877,m,65.866478648398328,breeding-bird species richness,count,NA,NA,NA,TRUE,pointwise_fitted_mean,0.94999999999999996,61.78705250535176,69.945904791444889
Topography_delta_no_mean_covariates_gaussian,3,allouche_2012,primary,no_mean_covariates,logarithmic,2,2,1.3664340827981323,m,68.778276009332771,breeding-bird species richness,count,NA,NA,NA,TRUE,pointwise_fitted_mean,0.94999999999999996,65.459087786050333,72.097464232615209
Topography_delta_no_mean_covariates_gaussian,3,allouche_2012,primary,no_mean_covariates,logarithmic,2,3,2.0923537111457056,m,70.415722304461269,breeding-bird species richness,count,NA,NA,NA,TRUE,pointwise_fitted_mean,0.94999999999999996,67.515940793762141,73.315503815160397
Topography_delta_no_mean_covariates_gaussian,3,allouche_2012,primary,no_mean_covariates,logarithmic,2,4,2.8182733394932793,m,71.560302244639701,breeding-bird species richness,count,NA,NA,NA,TRUE,pointwise_fitted_mean,0.94999999999999996,68.948275414643135,74.172329074636266
Topography_delta_no_mean_covariates_gaussian,3,allouche_2012,primary,no_mean_covariates,logarithmic,2,5,3.5441929678408526,m,72.441064955540142,breeding-bird species richness,count,NA,NA,NA,TRUE,pointwise_fitted_mean,0.94999999999999996,70.046266637394609,74.835863273685675
Topography_delta_no_mean_covariates_gaussian,3,allouche_2012,primary,no_mean_covariates,logarithmic,2,6,4.2701125961884259,m,73.15713056369168,breeding-bird species richness,count,NA,NA,NA,TRUE,pointwise_fitted_mean,0.94999999999999996,70.935426376097723,75.378834751285638
Topography_delta_no_mean_covariates_gaussian,3,allouche_2012,primary,no_mean_covariates,logarithmic,2,7,4.9960322245359992,m,73.760496775635602,breeding-bird species richness,count,NA,NA,NA,TRUE,pointwise_fitted_mean,0.94999999999999996,71.681570265955614,75.83942328531559
Topography_delta_no_mean_covariates_gaussian,3,allouche_2012,primary,no_mean_covariates,logarithmic,2,8,5.7219518528835724,m,74.281861347108716,breeding-bird species richness,count,NA,NA,NA,TRUE,pointwise_fitted_mean,0.94999999999999996,72.323539547617628,76.240183146599804
Topography_delta_no_mean_covariates_gaussian,3,allouche_2012,primary,no_mean_covariates,logarithmic,2,9,6.4478714812311457,m,74.740869953012776,breeding-bird species richness,count,NA,NA,NA,TRUE,pointwise_fitted_mean,0.94999999999999996,72.886183490042512,76.59555641598304
Topography_delta_no_mean_covariates_gaussian,3,allouche_2012,primary,no_mean_covariates,logarithmic,2,10,7.173791109578719,m,75.150857578388255,breeding-bird species richness,count,NA,NA,NA,TRUE,pointwise_fitted_mean,0.94999999999999996,73.386364611676584,76.915350545099926
Topography_delta_no_mean_covariates_gaussian,3,allouche_2012,primary,no_mean_covariates,logarithmic,2,11,7.8997107379262923,m,75.521291846741519,breeding-bird species richness,count,NA,NA,NA,TRUE,pointwise_fitted_mean,0.94999999999999996,73.836052692451219,77.20653100103182
Topography_delta_no_mean_covariates_gaussian,3,allouche_2012,primary,no_mean_covariates,logarithmic,2,12,8.6256303662738656,m,75.859137530505748,breeding-bird species richness,count,NA,NA,NA,TRUE,pointwise_fitted_mean,0.94999999999999996,74.244052391705665,77.474222669305831
Topography_delta_no_mean_covariates_gaussian,3,allouche_2012,primary,no_mean_covariates,logarithmic,2,13,9.3515499946214398,m,76.169667747799878,breeding-bird species richness,count,NA,NA,NA,TRUE,pointwise_fitted_mean,0.94999999999999996,74.617030174452594,77.722305321147161
Topography_delta_no_mean_covariates_gaussian,3,allouche_2012,primary,no_mean_covariates,logarithmic,2,14,10.077469622969012,m,76.456971006698467,breeding-bird species richness,count,NA,NA,NA,TRUE,pointwise_fitted_mean,0.94999999999999996,74.960156125249696,77.953785888147237
Topography_delta_no_mean_covariates_gaussian,3,allouche_2012,primary,no_mean_covariates,logarithmic,2,15,10.803389251316586,m,76.724281449368419,breeding-bird species richness,count,NA,NA,NA,TRUE,pointwise_fitted_mean,0.94999999999999996,75.277521923017872,78.171040975718967
Topography_delta_no_mean_covariates_gaussian,3,allouche_2012,primary,no_mean_covariates,logarithmic,2,16,11.529308879664159,m,76.974201475166467,breeding-bird species richness,count,NA,NA,NA,TRUE,pointwise_fitted_mean,0.94999999999999996,75.572422567957105,78.375980382375829
Topography_delta_no_mean_covariates_gaussian,3,allouche_2012,primary,no_mean_covariates,logarithmic,2,17,12.255228508011733,m,77.208856265950217,breeding-bird species richness,count,NA,NA,NA,TRUE,pointwise_fitted_mean,0.94999999999999996,75.847551895115046,78.570160636785388
Topography_delta_no_mean_covariates_gaussian,3,allouche_2012,primary,no_mean_covariates,logarithmic,2,18,12.981148136359307,m,77.43000377537345,breeding-bird species richness,count,NA,NA,NA,TRUE,pointwise_fitted_mean,0.94999999999999996,76.105141698339366,78.754865852407534
Topography_delta_no_mean_covariates_gaussian,3,allouche_2012,primary,no_mean_covariates,logarithmic,2,19,13.707067764706879,m,77.639114749229222,breeding-bird species richness,count,NA,NA,NA,TRUE,pointwise_fitted_mean,0.94999999999999996,76.347062900911951,78.931166597546493
Topography_delta_no_mean_covariates_gaussian,3,allouche_2012,primary,no_mean_covariates,logarithmic,2,20,14.432987393054454,m,77.837432071330909,breeding-bird species richness,count,NA,NA,NA,TRUE,pointwise_fitted_mean,0.94999999999999996,76.574900535305602,79.099963607356216
Topography_delta_no_mean_covariates_gaussian,3,allouche_2012,primary,no_mean_covariates,logarithmic,2,21,15.158907021402026,m,78.026015531076141,breeding-bird species richness,count,NA,NA,NA,TRUE,pointwise_fitted_mean,0.94999999999999996,76.790010247096703,79.262020815055578
Topography_delta_no_mean_covariates_gaussian,3,allouche_2012,primary,no_mean_covariates,logarithmic,2,22,15.8848266497496,m,78.205776109590275,breeding-bird species richness,count,NA,NA,NA,TRUE,pointwise_fitted_mean,0.94999999999999996,76.993561508802784,79.417990710377765
Topography_delta_no_mean_covariates_gaussian,3,allouche_2012,primary,no_mean_covariates,logarithmic,2,23,16.610746278097174,m,78.377502598005421,breeding-bird species richness,count,NA,NA,NA,TRUE,pointwise_fitted_mean,0.94999999999999996,77.18657110638199,79.568434089628852
Topography_delta_no_mean_covariates_gaussian,3,allouche_2012,primary,no_mean_covariates,logarithmic,2,24,17.336665906444747,m,78.541882517910196,breeding-bird species richness,count,NA,NA,NA,TRUE,pointwise_fitted_mean,0.94999999999999996,77.369929394698303,79.713835641122088
Topography_delta_no_mean_covariates_gaussian,3,allouche_2012,primary,no_mean_covariates,logarithmic,2,25,18.062585534792323,m,78.699518747672528,breeding-bird species richness,count,NA,NA,NA,TRUE,pointwise_fitted_mean,0.94999999999999996,77.544421102467169,79.854616392877887
Topography_delta_no_mean_covariates_gaussian,3,allouche_2012,primary,no_mean_covariates,logarithmic,2,26,18.788505163139895,m,78.850942870752547,breeding-bird species richness,count,NA,NA,NA,TRUE,pointwise_fitted_mean,0.94999999999999996,77.710741977385609,79.991143764119485
Topography_delta_no_mean_covariates_gaussian,3,allouche_2012,primary,no_mean_covariates,logarithmic,2,27,19.514424791487468,m,78.996625992216124,breeding-bird species richness,count,NA,NA,NA,TRUE,pointwise_fitted_mean,0.94999999999999996,77.869512220994281,80.123739763437968
Topography_delta_no_mean_covariates_gaussian,3,allouche_2012,primary,no_mean_covariates,logarithmic,2,28,20.240344419835044,m,79.136987578703184,breeding-bird species richness,count,NA,NA,NA,TRUE,pointwise_fitted_mean,0.94999999999999996,78.021287421288463,80.252687736117906
Topography_delta_no_mean_covariates_gaussian,3,allouche_2012,primary,no_mean_covariates,logarithmic,2,29,20.966264048182616,m,79.272402740030969,breeding-bird species richness,count,NA,NA,NA,TRUE,pointwise_fitted_mean,0.94999999999999996,78.166567517481525,80.378237962580414
Topography_delta_no_mean_covariates_gaussian,3,allouche_2012,primary,no_mean_covariates,logarithmic,2,30,21.692183676530188,m,79.403208270897721,breeding-bird species richness,count,NA,NA,NA,TRUE,pointwise_fitted_mean,0.94999999999999996,78.305804204750046,80.500612337045396
Topography_delta_no_mean_covariates_gaussian,3,allouche_2012,primary,no_mean_covariates,logarithmic,2,31,22.418103304877761,m,79.529707697718663,breeding-bird species richness,count,NA,NA,NA,TRUE,pointwise_fitted_mean,0.94999999999999996,78.439407093281091,80.620008302156236
Topography_delta_no_mean_covariates_gaussian,3,allouche_2012,primary,no_mean_covariates,logarithmic,2,32,23.144022933225337,m,79.652175520928509,breeding-bird species richness,count,NA,NA,NA,TRUE,pointwise_fitted_mean,0.94999999999999996,78.567748866005715,80.736602175851303
Topography_delta_no_mean_covariates_gaussian,3,allouche_2012,primary,no_mean_covariates,logarithmic,2,33,23.869942561572909,m,79.770860801911184,breeding-bird species richness,count,NA,NA,NA,TRUE,pointwise_fitted_mean,0.94999999999999996,78.691169626500624,80.850551977321743
Topography_delta_no_mean_covariates_gaussian,3,allouche_2012,primary,no_mean_covariates,logarithmic,2,34,24.595862189920481,m,79.885990212418662,breeding-bird species richness,count,NA,NA,NA,TRUE,pointwise_fitted_mean,0.94999999999999996,78.809980588107649,80.961999836729674
Topography_delta_no_mean_covariates_gaussian,3,allouche_2012,primary,no_mean_covariates,logarithmic,2,35,25.321781818268057,m,79.997770640329961,breeding-bird species richness,count,NA,NA,NA,TRUE,pointwise_fitted_mean,0.94999999999999996,78.924467224133124,81.071074056526797
Topography_delta_no_mean_covariates_gaussian,3,allouche_2012,primary,no_mean_covariates,logarithmic,2,36,26.04770144661563,m,80.106391427022743,breeding-bird species richness,count,NA,NA,NA,TRUE,pointwise_fitted_mean,0.94999999999999996,79.034891974735885,81.177890879309601
Topography_delta_no_mean_covariates_gaussian,3,allouche_2012,primary,no_mean_covariates,logarithmic,2,37,26.773621074963202,m,80.212026297139502,breeding-bird species richness,count,NA,NA,NA,TRUE,pointwise_fitted_mean,0.94999999999999996,79.141496587121907,81.282556007157098
Topography_delta_no_mean_covariates_gaussian,3,allouche_2012,primary,no_mean_covariates,logarithmic,2,38,27.499540703310775,m,80.314835030142589,breeding-bird species richness,count,NA,NA,NA,TRUE,pointwise_fitted_mean,0.94999999999999996,79.244504150704145,81.385165909581033
Topography_delta_no_mean_covariates_gaussian,3,allouche_2012,primary,no_mean_covariates,logarithmic,2,39,28.225460331658351,m,80.414964914039572,breeding-bird species richness,count,NA,NA,NA,TRUE,pointwise_fitted_mean,0.94999999999999996,79.34412087704689,81.485808951032254
Topography_delta_no_mean_covariates_gaussian,3,allouche_2012,primary,no_mean_covariates,logarithmic,2,40,28.951379960005923,m,80.512552014479169,breeding-bird species richness,count,NA,NA,NA,TRUE,pointwise_fitted_mean,0.94999999999999996,79.440537665005394,81.584566363952945
Topography_delta_no_mean_covariates_gaussian,3,allouche_2012,primary,no_mean_covariates,logarithmic,2,41,29.677299588353495,m,80.607722286660916,breeding-bird species richness,count,NA,NA,NA,TRUE,pointwise_fitted_mean,0.94999999999999996,79.5339314839716,81.681513089350233
Topography_delta_no_mean_covariates_gaussian,3,allouche_2012,primary,no_mean_covariates,logarithmic,2,42,30.403219216701071,m,80.700592552856989,breeding-bird species richness,count,NA,NA,NA,TRUE,pointwise_fitted_mean,0.94999999999999996,79.624466602140728,81.77671850357325
Topography_delta_no_mean_covariates_gaussian,3,allouche_2012,primary,no_mean_covariates,logarithmic,2,43,31.129138845048644,m,80.791271364578094,breeding-bird species richness,count,NA,NA,NA,TRUE,pointwise_fitted_mean,0.94999999999999996,79.712295681910092,81.870247047246096
Topography_delta_no_mean_covariates_gaussian,3,allouche_2012,primary,no_mean_covariates,logarithmic,2,44,31.855058473396216,m,80.879859765342999,breeding-bird species richness,count,NA,NA,NA,TRUE,pointwise_fitted_mean,0.94999999999999996,79.797560760663202,81.962158770022796
Topography_delta_no_mean_covariates_gaussian,3,allouche_2012,primary,no_mean_covariates,logarithmic,2,45,32.580978101743788,m,80.966451967493299,breeding-bird species richness,count,NA,NA,NA,TRUE,pointwise_fitted_mean,0.94999999999999996,79.880394132087673,82.052509802898925
Topography_delta_no_mean_covariates_gaussian,3,allouche_2012,primary,no_mean_covariates,logarithmic,2,46,33.306897730091364,m,81.051135954420857,breeding-bird species richness,count,NA,NA,NA,TRUE,pointwise_fitted_mean,0.94999999999999996,79.960919140669972,82.141352768171743
Topography_delta_no_mean_covariates_gaussian,3,allouche_2012,primary,no_mean_covariates,logarithmic,2,47,34.032817358438933,m,81.133994017859479,breeding-bird species richness,count,NA,NA,NA,TRUE,pointwise_fitted_mean,0.94999999999999996,80.039250899983571,82.228737135735386
Topography_delta_no_mean_covariates_gaussian,3,allouche_2012,primary,no_mean_covariates,logarithmic,2,48,34.758736986786509,m,81.21510323846573,breeding-bird species richness,count,NA,NA,NA,TRUE,pointwise_fitted_mean,0.94999999999999996,80.115496943741419,82.31470953319004
Topography_delta_no_mean_covariates_gaussian,3,allouche_2012,primary,no_mean_covariates,logarithmic,2,49,35.484656615134085,m,81.29453591672366,breeding-bird species richness,count,NA,NA,NA,TRUE,pointwise_fitted_mean,0.94999999999999996,80.189757817243134,82.399314016204187
Topography_delta_no_mean_covariates_gaussian,3,allouche_2012,primary,no_mean_covariates,logarithmic,2,50,36.210576243481654,m,81.372359960210687,breeding-bird species richness,count,NA,NA,NA,TRUE,pointwise_fitted_mean,0.94999999999999996,80.262127615749634,82.482592304671741
Topography_delta_no_mean_covariates_gaussian,3,allouche_2012,primary,no_mean_covariates,logarithmic,2,51,36.93649587182923,m,81.448639232422764,breeding-bird species richness,count,NA,NA,NA,TRUE,pointwise_fitted_mean,0.94999999999999996,80.332694475415138,82.564583989430389
Topography_delta_no_mean_covariates_gaussian,3,allouche_2012,primary,no_mean_covariates,logarithmic,2,52,37.662415500176806,m,81.523433867648762,breeding-bird species richness,count,NA,NA,NA,TRUE,pointwise_fitted_mean,0.94999999999999996,80.40154102165927,82.645326713638255
Topography_delta_no_mean_covariates_gaussian,3,allouche_2012,primary,no_mean_covariates,logarithmic,2,53,38.388335128524375,m,81.596800555783716,breeding-bird species richness,count,NA,NA,NA,TRUE,pointwise_fitted_mean,0.94999999999999996,80.468744779239969,82.724856332327462
Topography_delta_no_mean_covariates_gaussian,3,allouche_2012,primary,no_mean_covariates,logarithmic,2,54,39.114254756871951,m,81.66879280046038,breeding-bird species richness,count,NA,NA,NA,TRUE,pointwise_fitted_mean,0.94999999999999996,80.534378547765897,82.803207053154864
Topography_delta_no_mean_covariates_gaussian,3,allouche_2012,primary,no_mean_covariates,logarithmic,2,55,39.840174385219527,m,81.739461153443543,breeding-bird species richness,count,NA,NA,NA,TRUE,pointwise_fitted_mean,0.94999999999999996,80.598510745947223,82.880411560939862
Topography_delta_no_mean_covariates_gaussian,3,allouche_2012,primary,no_mean_covariates,logarithmic,2,56,40.566094013567096,m,81.808853427859319,breeding-bird species richness,count,NA,NA,NA,TRUE,pointwise_fitted_mean,0.94999999999999996,80.661205727509198,82.956501128209439
Topography_delta_no_mean_covariates_gaussian,3,allouche_2012,primary,no_mean_covariates,logarithmic,2,57,41.292013641914671,m,81.877014892512094,breeding-bird species richness,count,NA,NA,NA,TRUE,pointwise_fitted_mean,0.94999999999999996,80.722524071371765,83.031505713652422
Topography_delta_no_mean_covariates_gaussian,3,allouche_2012,primary,no_mean_covariates,logarithmic,2,58,42.017933270262247,m,81.943988449266897,breeding-bird species richness,count,NA,NA,NA,TRUE,pointwise_fitted_mean,0.94999999999999996,80.782522848422445,83.105454050111348
Topography_delta_no_mean_covariates_gaussian,3,allouche_2012,primary,no_mean_covariates,logarithmic,2,59,42.743852898609816,m,82.009814795238185,breeding-bird species richness,count,NA,NA,NA,TRUE,pointwise_fitted_mean,0.94999999999999996,80.84125586696959,83.17837372350678
Topography_delta_no_mean_covariates_gaussian,3,allouche_2012,primary,no_mean_covariates,logarithmic,2,60,43.469772526957392,m,82.074532571320148,breeding-bird species richness,count,NA,NA,NA,TRUE,pointwise_fitted_mean,0.94999999999999996,80.898773898752495,83.250291243887801
Topography_delta_no_mean_covariates_gaussian,3,allouche_2012,primary,no_mean_covariates,logarithmic,2,61,44.195692155304961,m,82.138178498416153,breeding-bird species richness,count,NA,NA,NA,TRUE,pointwise_fitted_mean,0.94999999999999996,80.955124887201663,83.321232109630643
Topography_delta_no_mean_covariates_gaussian,3,allouche_2012,primary,no_mean_covariates,logarithmic,2,62,44.921611783652537,m,82.200787502569895,breeding-bird species richness,count,NA,NA,NA,TRUE,pointwise_fitted_mean,0.94999999999999996,81.010354139478281,83.391220865661509
Topography_delta_no_mean_covariates_gaussian,3,allouche_2012,primary,no_mean_covariates,logarithmic,2,63,45.647531412000113,m,82.262392830065735,breeding-bird species richness,count,NA,NA,NA,TRUE,pointwise_fitted_mean,0.94999999999999996,81.06450450367835,83.460281156453121
Topography_delta_no_mean_covariates_gaussian,3,allouche_2012,primary,no_mean_covariates,logarithmic,2,64,46.373451040347682,m,82.323026153448154,breeding-bird species richness,count,NA,NA,NA,TRUE,pointwise_fitted_mean,0.94999999999999996,81.117616532457291,83.528435774439018
Topography_delta_no_mean_covariates_gaussian,3,allouche_2012,primary,no_mean_covariates,logarithmic,2,65,47.099370668695258,m,82.382717669306459,breeding-bird species richness,count,NA,NA,NA,TRUE,pointwise_fitted_mean,0.94999999999999996,81.169728634215758,83.595706704397159
Topography_delta_no_mean_covariates_gaussian,3,allouche_2012,primary,no_mean_covariates,logarithmic,2,66,47.825290297042834,m,82.441496188580743,breeding-bird species richness,count,NA,NA,NA,TRUE,pointwise_fitted_mean,0.94999999999999996,81.220877212883835,83.662115164277651
Topography_delta_no_mean_covariates_gaussian,3,allouche_2012,primary,no_mean_covariates,logarithmic,2,67,48.551209925390403,m,82.499389220065083,breeding-bird species richness,count,NA,NA,NA,TRUE,pointwise_fitted_mean,0.94999999999999996,81.271096797247552,83.727681642882615
Topography_delta_no_mean_covariates_gaussian,3,allouche_2012,primary,no_mean_covariates,logarithmic,2,68,49.277129553737979,m,82.556423047713778,breeding-bird species richness,count,NA,NA,NA,TRUE,pointwise_fitted_mean,0.94999999999999996,81.320420160677685,83.792425934749872
Topography_delta_no_mean_covariates_gaussian,3,allouche_2012,primary,no_mean_covariates,logarithmic,2,69,50.003049182085554,m,82.61262280229451,breeding-bird species richness,count,NA,NA,NA,TRUE,pointwise_fitted_mean,0.94999999999999996,81.368878432044838,83.856367172544182
Topography_delta_no_mean_covariates_gaussian,3,allouche_2012,primary,no_mean_covariates,logarithmic,2,70,50.728968810433123,m,82.668012527877195,breeding-bird species richness,count,NA,NA,NA,TRUE,pointwise_fitted_mean,0.94999999999999996,81.416501198536054,83.919523857218337
Topography_delta_no_mean_covariates_gaussian,3,allouche_2012,primary,no_mean_covariates,logarithmic,2,71,51.454888438780699,m,82.722615243599066,breeding-bird species richness,count,NA,NA,NA,TRUE,pointwise_fitted_mean,0.94999999999999996,81.463316601026051,83.98191388617208
Topography_delta_no_mean_covariates_gaussian,3,allouche_2012,primary,no_mean_covariates,logarithmic,2,72,52.180808067128268,m,82.776453001102908,breeding-bird species richness,count,NA,NA,NA,TRUE,pointwise_fitted_mean,0.94999999999999996,81.50935142259965,84.043554579606166
Topography_delta_no_mean_covariates_gaussian,3,allouche_2012,primary,no_mean_covariates,logarithmic,2,73,52.906727695475844,m,82.829546938007155,breeding-bird species richness,count,NA,NA,NA,TRUE,pointwise_fitted_mean,0.94999999999999996,81.554631170770236,84.104462705244075
Topography_delta_no_mean_covariates_gaussian,3,allouche_2012,primary,no_mean_covariates,logarithmic,2,74,53.63264732382342,m,82.881917327732467,breeding-bird species richness,count,NA,NA,NA,TRUE,pointwise_fitted_mean,0.94999999999999996,81.599180153893215,84.164654501571718
Topography_delta_no_mean_covariates_gaussian,3,allouche_2012,primary,no_mean_covariates,logarithmic,2,75,54.358566952170989,m,82.933583625978599,breeding-bird species richness,count,NA,NA,NA,TRUE,pointwise_fitted_mean,0.94999999999999996,81.643021552230309,84.22414569972689
Topography_delta_no_mean_covariates_gaussian,3,allouche_2012,primary,no_mean_covariates,logarithmic,2,76,55.084486580518565,m,82.984564514118205,breeding-bird species richness,count,NA,NA,NA,TRUE,pointwise_fitted_mean,0.94999999999999996,81.686177484082179,84.28295154415423
Topography_delta_no_mean_covariates_gaussian,3,allouche_2012,primary,no_mean_covariates,logarithmic,2,77,55.810406208866141,m,83.034877939749919,breeding-bird species richness,count,NA,NA,NA,TRUE,pointwise_fitted_mean,0.94999999999999996,81.728669067371868,84.341086812127969
Topography_delta_no_mean_covariates_gaussian,3,allouche_2012,primary,no_mean_covariates,logarithmic,2,78,56.53632583721371,m,83.084541154630827,breeding-bird species richness,count,NA,NA,NA,TRUE,pointwise_fitted_mean,0.94999999999999996,81.770516477029062,84.398565832232592
Topography_delta_no_mean_covariates_gaussian,3,allouche_2012,primary,no_mean_covariates,logarithmic,2,79,57.262245465561286,m,83.133570750189037,breeding-bird species richness,count,NA,NA,NA,TRUE,pointwise_fitted_mean,0.94999999999999996,81.811738998496566,84.455402501881508
Topography_delta_no_mean_covariates_gaussian,3,allouche_2012,primary,no_mean_covariates,logarithmic,2,80,57.988165093908862,m,83.181982690799344,breeding-bird species richness,count,NA,NA,NA,TRUE,pointwise_fitted_mean,0.94999999999999996,81.852355077653186,84.511610303945503
Topography_delta_no_mean_covariates_gaussian,3,allouche_2012,primary,no_mean_covariates,logarithmic,2,81,58.71408472225643,m,83.229792344988724,breeding-bird species richness,count,NA,NA,NA,TRUE,pointwise_fitted_mean,0.94999999999999996,81.892382367423224,84.567202322554223
Topography_delta_no_mean_covariates_gaussian,3,allouche_2012,primary,no_mean_covariates,logarithmic,2,82,59.440004350604006,m,83.277014514724669,breeding-bird species richness,count,NA,NA,NA,TRUE,pointwise_fitted_mean,0.94999999999999996,81.931837771320801,84.622191258128538
Topography_delta_no_mean_covariates_gaussian,3,allouche_2012,primary,no_mean_covariates,logarithmic,2,83,60.165923978951582,m,83.323663462925623,breeding-bird species richness,count,NA,NA,NA,TRUE,pointwise_fitted_mean,0.94999999999999996,81.970737484156317,84.676589441694929
Topography_delta_no_mean_covariates_gaussian,3,allouche_2012,primary,no_mean_covariates,logarithmic,2,84,60.891843607299151,m,83.369752939321771,breeding-bird species richness,count,NA,NA,NA,TRUE,pointwise_fitted_mean,0.94999999999999996,82.00909703011483,84.730408848528711
Topography_delta_no_mean_covariates_gaussian,3,allouche_2012,primary,no_mean_covariates,logarithmic,2,85,61.617763235646727,m,83.415296204783232,breeding-bird species richness,count,NA,NA,NA,TRUE,pointwise_fitted_mean,0.94999999999999996,82.046931298398249,84.783661111168215
Topography_delta_no_mean_covariates_gaussian,3,allouche_2012,primary,no_mean_covariates,logarithmic,2,86,62.343682863994296,m,83.460306054223651,breeding-bird species richness,count,NA,NA,NA,TRUE,pointwise_fitted_mean,0.94999999999999996,82.084254576608714,84.836357531838587
Topography_delta_no_mean_covariates_gaussian,3,allouche_2012,primary,no_mean_covariates,logarithmic,2,87,63.069602492341872,m,83.50479483817783,breeding-bird species richness,count,NA,NA,NA,TRUE,pointwise_fitted_mean,0.94999999999999996,82.121080582035617,84.888509094320042
Topography_delta_no_mean_covariates_gaussian,3,allouche_2012,primary,no_mean_covariates,logarithmic,2,88,63.795522120689448,m,83.548774483144712,breeding-bird species richness,count,NA,NA,NA,TRUE,pointwise_fitted_mean,0.94999999999999996,82.157422490996595,84.940126475292828
Topography_delta_no_mean_covariates_gaussian,3,allouche_2012,primary,no_mean_covariates,logarithmic,2,89,64.52144174903701,m,83.59225651077935,breeding-bird species richness,count,NA,NA,NA,TRUE,pointwise_fitted_mean,0.94999999999999996,82.193292966370109,84.991220055188592
Topography_delta_no_mean_covariates_gaussian,3,allouche_2012,primary,no_mean_covariates,logarithmic,2,90,65.247361377384593,m,83.635252056011382,breeding-bird species richness,count,NA,NA,NA,TRUE,pointwise_fitted_mean,0.94999999999999996,82.22870418344759,85.041799928575173
Topography_delta_no_mean_covariates_gaussian,3,allouche_2012,primary,no_mean_covariates,logarithmic,2,91,65.973281005732161,m,83.67777188416089,breeding-bird species richness,count,NA,NA,NA,TRUE,pointwise_fitted_mean,0.94999999999999996,82.263667854221751,85.091875914100029
Topography_delta_no_mean_covariates_gaussian,3,allouche_2012,primary,no_mean_covariates,logarithmic,2,92,66.69920063407973,m,83.719826407117893,breeding-bird species richness,count,NA,NA,NA,TRUE,pointwise_fitted_mean,0.94999999999999996,82.298195250220118,85.141457564015667
Topography_delta_no_mean_covariates_gaussian,3,allouche_2012,primary,no_mean_covariates,logarithmic,2,93,67.425120262427299,m,83.761425698645994,breeding-bird species richness,count,NA,NA,NA,TRUE,pointwise_fitted_mean,0.94999999999999996,82.332297223983332,85.190554173308655
Topography_delta_no_mean_covariates_gaussian,3,allouche_2012,primary,no_mean_covariates,logarithmic,2,94,68.151039890774882,m,83.802579508866685,breeding-bird species richness,count,NA,NA,NA,TRUE,pointwise_fitted_mean,0.94999999999999996,82.365984229280883,85.239174788452488
Topography_delta_no_mean_covariates_gaussian,3,allouche_2012,primary,no_mean_covariates,logarithmic,2,95,68.876959519122451,m,83.843297277976106,breeding-bird species richness,count,NA,NA,NA,TRUE,pointwise_fitted_mean,0.94999999999999996,82.399266340149325,85.287328215802887
Topography_delta_no_mean_covariates_gaussian,3,allouche_2012,primary,no_mean_covariates,logarithmic,2,96,69.60287914747002,m,83.883588149242954,breeding-bird species richness,count,NA,NA,NA,TRUE,pointwise_fitted_mean,0.94999999999999996,82.432153268832423,85.335023029653485
Topography_delta_no_mean_covariates_gaussian,3,allouche_2012,primary,no_mean_covariates,logarithmic,2,97,70.328798775817603,m,83.923460981331829,breeding-bird species richness,count,NA,NA,NA,TRUE,pointwise_fitted_mean,0.94999999999999996,82.464654382695755,85.382267579967902
Topography_delta_no_mean_covariates_gaussian,3,allouche_2012,primary,no_mean_covariates,logarithmic,2,98,71.054718404165172,m,83.962924359994048,breeding-bird species richness,count,NA,NA,NA,TRUE,pointwise_fitted_mean,0.94999999999999996,82.496778720183897,85.429069999804199
Topography_delta_no_mean_covariates_gaussian,3,allouche_2012,primary,no_mean_covariates,logarithmic,2,99,71.780638032512741,m,84.001986609164021,breeding-bird species richness,count,NA,NA,NA,TRUE,pointwise_fitted_mean,0.94999999999999996,82.528535005882375,85.475438212445667
Topography_delta_no_mean_covariates_gaussian,3,allouche_2012,primary,no_mean_covariates,logarithmic,2,100,72.506557660860324,m,84.040655801497607,breeding-bird species richness,count,NA,NA,NA,TRUE,pointwise_fitted_mean,0.94999999999999996,82.559931664743019,85.521379938252196
Topography_delta_no_mean_covariates_gaussian,3,allouche_2012,primary,no_mean_covariates,logarithmic,2,101,73.232477289207893,m,84.078939768385283,breeding-bird species richness,count,NA,NA,NA,TRUE,pointwise_fitted_mean,0.94999999999999996,82.590976835525879,85.566902701244686
Topography_delta_no_mean_covariates_gaussian,3,allouche_2012,primary,no_mean_covariates,logarithmic,2,102,73.958396917555461,m,84.116846109471666,breeding-bird species richness,count,NA,NA,NA,TRUE,pointwise_fitted_mean,0.94999999999999996,82.621678383508467,85.612013835434865
Topography_delta_no_mean_covariates_gaussian,3,allouche_2012,primary,no_mean_covariates,logarithmic,2,103,74.684316545903044,m,84.154382201709922,breeding-bird species richness,count,NA,NA,NA,TRUE,pointwise_fitted_mean,0.94999999999999996,82.652043912507892,85.656720490911951
Topography_delta_no_mean_covariates_gaussian,3,allouche_2012,primary,no_mean_covariates,logarithmic,2,104,75.410236174250613,m,84.191555207978368,breeding-bird species richness,count,NA,NA,NA,TRUE,pointwise_fitted_mean,0.94999999999999996,82.682080776259696,85.70102963969704
Topography_delta_no_mean_covariates_gaussian,3,allouche_2012,primary,no_mean_covariates,logarithmic,2,105,76.136155802598182,m,84.228372085284335,breeding-bird species richness,count,NA,NA,NA,TRUE,pointwise_fitted_mean,0.94999999999999996,82.711796089193086,85.744948081375583
Topography_delta_no_mean_covariates_gaussian,3,allouche_2012,primary,no_mean_covariates,logarithmic,2,106,76.862075430945765,m,84.26483959257861,breeding-bird species richness,count,NA,NA,NA,TRUE,pointwise_fitted_mean,0.94999999999999996,82.741196736639694,85.788482448517527
Topography_delta_no_mean_covariates_gaussian,3,allouche_2012,primary,no_mean_covariates,logarithmic,2,107,77.587995059293334,m,84.3009642982028,breeding-bird species richness,count,NA,NA,NA,TRUE,pointwise_fitted_mean,0.94999999999999996,82.770289384511031,85.831639211894569
Topography_delta_no_mean_covariates_gaussian,3,allouche_2012,primary,no_mean_covariates,logarithmic,2,108,78.313914687640903,m,84.336752586989718,breeding-bird species richness,count,NA,NA,NA,TRUE,pointwise_fitted_mean,0.94999999999999996,82.799080488476278,85.874424685503158
Topography_delta_no_mean_covariates_gaussian,3,allouche_2012,primary,no_mean_covariates,logarithmic,2,109,79.039834315988486,m,84.372210667036285,breeding-bird species richness,count,NA,NA,NA,TRUE,pointwise_fitted_mean,0.94999999999999996,82.827576302670863,85.916845031401706
Topography_delta_no_mean_covariates_gaussian,3,allouche_2012,primary,no_mean_covariates,logarithmic,2,110,79.765753944336055,m,84.407344576166835,breeding-bird species richness,count,NA,NA,NA,TRUE,pointwise_fitted_mean,0.94999999999999996,82.855782887963898,85.958906264369773
Topography_delta_no_mean_covariates_gaussian,3,allouche_2012,primary,no_mean_covariates,logarithmic,2,111,80.491673572683624,m,84.442160188103628,breeding-bird species richness,count,NA,NA,NA,TRUE,pointwise_fitted_mean,0.94999999999999996,82.883706119810341,86.000614256396915
Topography_delta_no_mean_covariates_gaussian,3,allouche_2012,primary,no_mean_covariates,logarithmic,2,112,81.217593201031207,m,84.476663218360258,breeding-bird species richness,count,NA,NA,NA,TRUE,pointwise_fitted_mean,0.94999999999999996,82.911351695712227,86.041974741008289
Topography_delta_no_mean_covariates_gaussian,3,allouche_2012,primary,no_mean_covariates,logarithmic,2,113,81.943512829378776,m,84.51085922987302,breeding-bird species richness,count,NA,NA,NA,TRUE,pointwise_fitted_mean,0.94999999999999996,82.938725142312194,86.082993317433846
Topography_delta_no_mean_covariates_gaussian,3,allouche_2012,primary,no_mean_covariates,logarithmic,2,114,82.669432457726344,m,84.544753638383796,breeding-bird species richness,count,NA,NA,NA,TRUE,pointwise_fitted_mean,0.94999999999999996,82.96583182213999,86.123675454627602
Topography_delta_no_mean_covariates_gaussian,3,allouche_2012,primary,no_mean_covariates,logarithmic,2,115,83.395352086073927,m,84.57835171758768,breeding-bird species richness,count,NA,NA,NA,TRUE,pointwise_fitted_mean,0.94999999999999996,82.99267694003214,86.164026495143219
Topography_delta_no_mean_covariates_gaussian,3,allouche_2012,primary,no_mean_covariates,logarithmic,2,116,84.121271714421496,m,84.611658604057524,breeding-bird species richness,count,NA,NA,NA,TRUE,pointwise_fitted_mean,0.94999999999999996,83.0192655492433,86.204051658871748
Topography_delta_no_mean_covariates_gaussian,3,allouche_2012,primary,no_mean_covariates,logarithmic,2,117,84.847191342769065,m,84.644679301956899,breeding-bird species richness,count,NA,NA,NA,TRUE,pointwise_fitted_mean,0.94999999999999996,83.045602557266605,86.243756046647192
Topography_delta_no_mean_covariates_gaussian,3,allouche_2012,primary,no_mean_covariates,logarithmic,2,118,85.573110971116634,m,84.67741868755229,breeding-bird species richness,count,NA,NA,NA,TRUE,pointwise_fitted_mean,0.94999999999999996,83.071692731379329,86.283144643725251
Topography_delta_no_mean_covariates_gaussian,3,allouche_2012,primary,no_mean_covariates,logarithmic,2,119,86.299030599464217,m,84.709881513534768,breeding-bird species richness,count,NA,NA,NA,TRUE,pointwise_fitted_mean,0.94999999999999996,83.097540703929127,86.322222323140409
Topography_delta_no_mean_covariates_gaussian,3,allouche_2012,primary,no_mean_covariates,logarithmic,2,120,87.024950227811786,m,84.742072413160543,breeding-bird species richness,count,NA,NA,NA,TRUE,pointwise_fitted_mean,0.94999999999999996,83.123150977374948,86.360993848946137
Topography_delta_no_mean_covariates_gaussian,3,allouche_2012,primary,no_mean_covariates,logarithmic,2,121,87.750869856159355,m,84.773995904219646,breeding-bird species richness,count,NA,NA,NA,TRUE,pointwise_fitted_mean,0.94999999999999996,83.148527929096247,86.399463879343045
Topography_delta_no_mean_covariates_gaussian,3,allouche_2012,primary,no_mean_covariates,logarithmic,2,122,88.476789484506938,m,84.805656392841016,breeding-bird species richness,count,NA,NA,NA,TRUE,pointwise_fitted_mean,0.94999999999999996,83.173675815982762,86.43763696969927
Topography_delta_no_mean_covariates_gaussian,3,allouche_2012,primary,no_mean_covariates,logarithmic,2,123,89.202709112854507,m,84.837058177142282,breeding-bird species richness,count,NA,NA,NA,TRUE,pointwise_fitted_mean,0.94999999999999996,83.198598778817001,86.475517575467563
Topography_delta_no_mean_covariates_gaussian,3,allouche_2012,primary,no_mean_covariates,logarithmic,2,124,89.928628741202076,m,84.868205450731438,breeding-bird species richness,count,NA,NA,NA,TRUE,pointwise_fitted_mean,0.94999999999999996,83.223300846459964,86.513110055002912
Topography_delta_no_mean_covariates_gaussian,3,allouche_2012,primary,no_mean_covariates,logarithmic,2,125,90.654548369549659,m,84.899102306067917,breeding-bird species richness,count,NA,NA,NA,TRUE,pointwise_fitted_mean,0.94999999999999996,83.247785939851056,86.550418672284778
Topography_delta_no_mean_covariates_gaussian,3,allouche_2012,primary,no_mean_covariates,logarithmic,2,126,91.380467997897227,m,84.92975273768954,breeding-bird species richness,count,NA,NA,NA,TRUE,pointwise_fitted_mean,0.94999999999999996,83.272057875831479,86.587447599547602
Topography_delta_no_mean_covariates_gaussian,3,allouche_2012,primary,no_mean_covariates,logarithmic,2,127,92.106387626244796,m,84.960160645311802,breeding-bird species richness,count,NA,NA,NA,TRUE,pointwise_fitted_mean,0.94999999999999996,83.296120370800523,86.624200919823082
Topography_delta_no_mean_covariates_gaussian,3,allouche_2012,primary,no_mean_covariates,logarithmic,2,128,92.832307254592379,m,84.990329836805529,breeding-bird species richness,count,NA,NA,NA,TRUE,pointwise_fitted_mean,0.94999999999999996,83.319977044213331,86.660682629397726
Topography_delta_no_mean_covariates_gaussian,3,allouche_2012,primary,no_mean_covariates,logarithmic,2,129,93.558226882939948,m,85.020264031058588,breeding-bird species richness,count,NA,NA,NA,TRUE,pointwise_fitted_mean,0.94999999999999996,83.343631421928208,86.696896640188967
Topography_delta_no_mean_covariates_gaussian,3,allouche_2012,primary,no_mean_covariates,logarithmic,2,130,94.284146511287517,m,85.049966860726869,breeding-bird species richness,count,NA,NA,NA,TRUE,pointwise_fitted_mean,0.94999999999999996,83.367086939411138,86.7328467820426
Topography_delta_no_mean_covariates_gaussian,3,allouche_2012,primary,no_mean_covariates,logarithmic,2,131,95.0100661396351,m,85.079441874879947,breeding-bird species richness,count,NA,NA,NA,TRUE,pointwise_fitted_mean,0.94999999999999996,83.390346944804719,86.768536804955176
Topography_delta_no_mean_covariates_gaussian,3,allouche_2012,primary,no_mean_covariates,logarithmic,2,132,95.735985767982669,m,85.108692541545935,breeding-bird species richness,count,NA,NA,NA,TRUE,pointwise_fitted_mean,0.94999999999999996,83.413414701868305,86.803970381223564
Topography_delta_no_mean_covariates_gaussian,3,allouche_2012,primary,no_mean_covariates,logarithmic,2,133,96.461905396330238,m,85.13772225016028,breeding-bird species richness,count,NA,NA,NA,TRUE,pointwise_fitted_mean,0.94999999999999996,83.436293392795704,86.839151107524856
Topography_delta_no_mean_covariates_gaussian,3,allouche_2012,primary,no_mean_covariates,logarithmic,2,134,97.187825024677821,m,85.166534313922682,breeding-bird species richness,count,NA,NA,NA,TRUE,pointwise_fitted_mean,0.94999999999999996,83.458986120916521,86.874082506928843
Topography_delta_no_mean_covariates_gaussian,3,allouche_2012,primary,no_mean_covariates,logarithmic,2,135,97.91374465302539,m,85.19513197206642,breeding-bird species richness,count,NA,NA,NA,TRUE,pointwise_fitted_mean,0.94999999999999996,83.481495913286722,86.908768030846119
Topography_delta_no_mean_covariates_gaussian,3,allouche_2012,primary,no_mean_covariates,logarithmic,2,136,98.639664281372958,m,85.223518392043758,breeding-bird species richness,count,NA,NA,NA,TRUE,pointwise_fitted_mean,0.94999999999999996,83.503825723173975,86.943211060913541
Topography_delta_no_mean_covariates_gaussian,3,allouche_2012,primary,no_mean_covariates,logarithmic,2,137,99.365583909720542,m,85.251696671631336,breeding-bird species richness,count,NA,NA,NA,TRUE,pointwise_fitted_mean,0.94999999999999996,83.52597843244267,86.977414910820002
Topography_delta_no_mean_covariates_gaussian,3,allouche_2012,primary,no_mean_covariates,logarithmic,2,138,100.09150353806811,m,85.279669840958846,breeding-bird species richness,count,NA,NA,NA,TRUE,pointwise_fitted_mean,0.94999999999999996,83.547956853843459,87.011382828074233
Topography_delta_no_mean_covariates_gaussian,3,allouche_2012,primary,no_mean_covariates,logarithmic,2,139,100.81742316641568,m,85.307440864464425,breeding-bird species richness,count,NA,NA,NA,TRUE,pointwise_fitted_mean,0.94999999999999996,83.569763733211857,87.045117995716993
Topography_delta_no_mean_covariates_gaussian,3,allouche_2012,primary,no_mean_covariates,logarithmic,2,140,101.54334279476326,m,85.335012642779958,breeding-bird species richness,count,NA,NA,NA,TRUE,pointwise_fitted_mean,0.94999999999999996,83.591401751580293,87.078623533979624
Topography_delta_no_mean_covariates_gaussian,3,allouche_2012,primary,no_mean_covariates,logarithmic,2,141,102.26926242311083,m,85.362388014549154,breeding-bird species richness,count,NA,NA,NA,TRUE,pointwise_fitted_mean,0.94999999999999996,83.612873527207327,87.111902501890981
Topography_delta_no_mean_covariates_gaussian,3,allouche_2012,primary,no_mean_covariates,logarithmic,2,142,102.9951820514584,m,85.389569758181366,breeding-bird species richness,count,NA,NA,NA,TRUE,pointwise_fitted_mean,0.94999999999999996,83.634181617528327,87.144957898834406
Topography_delta_no_mean_covariates_gaussian,3,allouche_2012,primary,no_mean_covariates,logarithmic,2,143,103.72110167980597,m,85.416560593543807,breeding-bird species richness,count,NA,NA,NA,TRUE,pointwise_fitted_mean,0.94999999999999996,83.65532852103081,87.177792666056803
Topography_delta_no_mean_covariates_gaussian,3,allouche_2012,primary,no_mean_covariates,logarithmic,2,144,104.44702130815355,m,85.443363183594784,breeding-bird species richness,count,NA,NA,NA,TRUE,pointwise_fitted_mean,0.94999999999999996,83.676316679058203,87.210409688131364
Topography_delta_no_mean_covariates_gaussian,3,allouche_2012,primary,no_mean_covariates,logarithmic,2,145,105.17294093650112,m,85.469980135960284,breeding-bird species richness,count,NA,NA,NA,TRUE,pointwise_fitted_mean,0.94999999999999996,83.69714847754507,87.242811794375498
Topography_delta_no_mean_covariates_gaussian,3,allouche_2012,primary,no_mean_covariates,logarithmic,2,146,105.89886056484869,m,85.496414004456511,breeding-bird species richness,count,NA,NA,NA,TRUE,pointwise_fitted_mean,0.94999999999999996,83.717826248686961,87.275001760226061
Topography_delta_no_mean_covariates_gaussian,3,allouche_2012,primary,no_mean_covariates,logarithmic,2,147,106.62478019319627,m,85.522667290560165,breeding-bird species richness,count,NA,NA,NA,TRUE,pointwise_fitted_mean,0.94999999999999996,83.738352272547843,87.306982308572486
Topography_delta_no_mean_covariates_gaussian,3,allouche_2012,primary,no_mean_covariates,logarithmic,2,148,107.35069982154384,m,85.548742444829116,breeding-bird species richness,count,NA,NA,NA,TRUE,pointwise_fitted_mean,0.94999999999999996,83.758728778607875,87.338756111050358
Topography_delta_no_mean_covariates_gaussian,3,allouche_2012,primary,no_mean_covariates,logarithmic,2,149,108.07661944989141,m,85.574641868274938,breeding-bird species richness,count,NA,NA,NA,TRUE,pointwise_fitted_mean,0.94999999999999996,83.778957947254014,87.370325789295862
Topography_delta_no_mean_covariates_gaussian,3,allouche_2012,primary,no_mean_covariates,logarithmic,2,150,108.80253907823899,m,85.600367913689766,breeding-bird species richness,count,NA,NA,NA,TRUE,pointwise_fitted_mean,0.94999999999999996,83.799041911216335,87.401693916163197
Topography_delta_no_mean_covariates_gaussian,3,allouche_2012,primary,no_mean_covariates,logarithmic,2,151,109.52845870658656,m,85.625922886928763,breeding-bird species richness,count,NA,NA,NA,TRUE,pointwise_fitted_mean,0.94999999999999996,83.818982756951783,87.432863016905742
Topography_delta_no_mean_covariates_gaussian,3,allouche_2012,primary,no_mean_covariates,logarithmic,2,152,110.25437833493413,m,85.65130904815048,breeding-bird species richness,count,NA,NA,NA,TRUE,pointwise_fitted_mean,0.94999999999999996,83.838782525978445,87.463835570322516
Topography_delta_no_mean_covariates_gaussian,3,allouche_2012,primary,no_mean_covariates,logarithmic,2,153,110.98029796328171,m,85.676528613016373,breeding-bird species richness,count,NA,NA,NA,TRUE,pointwise_fitted_mean,0.94999999999999996,83.858443216161731,87.494614009871015
Topography_delta_no_mean_covariates_gaussian,3,allouche_2012,primary,no_mean_covariates,logarithmic,2,154,111.70621759162928,m,85.701583753851182,breeding-bird species richness,count,NA,NA,NA,TRUE,pointwise_fitted_mean,0.94999999999999996,83.8779667829549,87.525200724747464
Topography_delta_no_mean_covariates_gaussian,3,allouche_2012,primary,no_mean_covariates,logarithmic,2,155,112.43213721997685,m,85.726476600765892,breeding-bird species richness,count,NA,NA,NA,TRUE,pointwise_fitted_mean,0.94999999999999996,83.897355140595849,87.555598060935935
Topography_delta_no_mean_covariates_gaussian,3,allouche_2012,primary,no_mean_covariates,logarithmic,2,156,113.15805684832443,m,85.751209242744366,breeding-bird species richness,count,NA,NA,NA,TRUE,pointwise_fitted_mean,0.94999999999999996,83.916610163261822,87.58580832222691
Topography_delta_no_mean_covariates_gaussian,3,allouche_2012,primary,no_mean_covariates,logarithmic,2,157,113.883976476672,m,85.775783728695416,breeding-bird species richness,count,NA,NA,NA,TRUE,pointwise_fitted_mean,0.94999999999999996,83.935733686183994,87.615833771206837
Topography_delta_no_mean_covariates_gaussian,3,allouche_2012,primary,no_mean_covariates,logarithmic,2,158,114.60989610501957,m,85.800202068471279,breeding-bird species richness,count,NA,NA,NA,TRUE,pointwise_fitted_mean,0.94999999999999996,83.954727506723472,87.645676630219086
Topography_delta_no_mean_covariates_gaussian,3,allouche_2012,primary,no_mean_covariates,logarithmic,2,159,115.33581573336716,m,85.824466233854054,breeding-bird species richness,count,NA,NA,NA,TRUE,pointwise_fitted_mean,0.94999999999999996,83.973593385410268,87.675339082297839
Topography_delta_no_mean_covariates_gaussian,3,allouche_2012,primary,no_mean_covariates,logarithmic,2,160,116.06173536171472,m,85.848578159511192,breeding-bird species richness,count,NA,NA,NA,TRUE,pointwise_fitted_mean,0.94999999999999996,83.992333046947024,87.704823272075359
Topography_delta_no_mean_covariates_gaussian,3,allouche_2012,primary,no_mean_covariates,logarithmic,2,161,116.78765499006229,m,85.872539743921109,breeding-bird species richness,count,NA,NA,NA,TRUE,pointwise_fitted_mean,0.94999999999999996,84.010948181178449,87.73413130666377
Topography_delta_no_mean_covariates_gaussian,3,allouche_2012,primary,no_mean_covariates,logarithmic,2,162,117.51357461840988,m,85.896352850270219,breeding-bird species richness,count,NA,NA,NA,TRUE,pointwise_fitted_mean,0.94999999999999996,84.029440444028339,87.763265256512099
Topography_delta_no_mean_covariates_gaussian,3,allouche_2012,primary,no_mean_covariates,logarithmic,2,163,118.23949424675745,m,85.920019307322264,breeding-bird species richness,count,NA,NA,NA,TRUE,pointwise_fitted_mean,0.94999999999999996,84.047811458405164,87.792227156239363
Topography_delta_no_mean_covariates_gaussian,3,allouche_2012,primary,no_mean_covariates,logarithmic,2,164,118.96541387510501,m,85.943540910261135,breeding-bird species richness,count,NA,NA,NA,TRUE,pointwise_fitted_mean,0.94999999999999996,84.066062815077629,87.82101900544464
Topography_delta_no_mean_covariates_gaussian,3,allouche_2012,primary,no_mean_covariates,logarithmic,2,165,119.6913335034526,m,85.966919421507939,breeding-bird species richness,count,NA,NA,NA,TRUE,pointwise_fitted_mean,0.94999999999999996,84.084196073521326,87.849642769494551
Topography_delta_no_mean_covariates_gaussian,3,allouche_2012,primary,no_mean_covariates,logarithmic,2,166,120.41725313180017,m,85.990156571513467,breeding-bird species richness,count,NA,NA,NA,TRUE,pointwise_fitted_mean,0.94999999999999996,84.102212762737565,87.878100380289368
Topography_delta_no_mean_covariates_gaussian,3,allouche_2012,primary,no_mean_covariates,logarithmic,2,167,121.14317276014773,m,86.013254059526787,breeding-bird species richness,count,NA,NA,NA,TRUE,pointwise_fitted_mean,0.94999999999999996,84.120114382045713,87.906393737007861
Topography_delta_no_mean_covariates_gaussian,3,allouche_2012,primary,no_mean_covariates,logarithmic,2,168,121.8690923884953,m,86.03621355434089,breeding-bird species richness,count,NA,NA,NA,TRUE,pointwise_fitted_mean,0.94999999999999996,84.137902401849644,87.934524706832136
Topography_delta_no_mean_covariates_gaussian,3,allouche_2012,primary,no_mean_covariates,logarithmic,2,169,122.59501201684289,m,86.059036695016218,breeding-bird species richness,count,NA,NA,NA,TRUE,pointwise_fitted_mean,0.94999999999999996,84.155578264379827,87.962495125652609
Topography_delta_no_mean_covariates_gaussian,3,allouche_2012,primary,no_mean_covariates,logarithmic,2,170,123.32093164519046,m,86.081725091582783,breeding-bird species richness,count,NA,NA,NA,TRUE,pointwise_fitted_mean,0.94999999999999996,84.173143384411489,87.990306798754077
Topography_delta_no_mean_covariates_gaussian,3,allouche_2012,primary,no_mean_covariates,logarithmic,2,171,124.04685127353802,m,86.104280325721788,breeding-bird species richness,count,NA,NA,NA,TRUE,pointwise_fitted_mean,0.94999999999999996,84.190599149960121,88.017961501483455
Topography_delta_no_mean_covariates_gaussian,3,allouche_2012,primary,no_mean_covariates,logarithmic,2,172,124.77277090188561,m,86.126703951427146,breeding-bird species richness,count,NA,NA,NA,TRUE,pointwise_fitted_mean,0.94999999999999996,84.207946922954918,88.045460979899374
Topography_delta_no_mean_covariates_gaussian,3,allouche_2012,primary,no_mean_covariates,logarithmic,2,173,125.49869053023318,m,86.148997495648118,breeding-bird species richness,count,NA,NA,NA,TRUE,pointwise_fitted_mean,0.94999999999999996,84.225188039891336,88.0728069514049
Topography_delta_no_mean_covariates_gaussian,3,allouche_2012,primary,no_mean_covariates,logarithmic,2,174,126.22461015858075,m,86.171162458913145,breeding-bird species richness,count,NA,NA,NA,TRUE,pointwise_fitted_mean,0.94999999999999996,84.242323812463027,88.100001105363262
Topography_delta_no_mean_covariates_gaussian,3,allouche_2012,primary,no_mean_covariates,logarithmic,2,175,126.95052978692833,m,86.193200315935883,breeding-bird species richness,count,NA,NA,NA,TRUE,pointwise_fitted_mean,0.94999999999999996,84.259355528174424,88.127045103697341
Topography_delta_no_mean_covariates_gaussian,3,allouche_2012,primary,no_mean_covariates,logarithmic,2,176,127.6764494152759,m,86.215112516204101,breeding-bird species richness,count,NA,NA,NA,TRUE,pointwise_fitted_mean,0.94999999999999996,84.276284450934526,88.153940581473677
Topography_delta_no_mean_covariates_gaussian,3,allouche_2012,primary,no_mean_covariates,logarithmic,2,177,128.40236904362348,m,86.236900484551626,breeding-bird species richness,count,NA,NA,NA,TRUE,pointwise_fitted_mean,0.94999999999999996,84.29311182163228,88.180689147470972
Topography_delta_no_mean_covariates_gaussian,3,allouche_2012,primary,no_mean_covariates,logarithmic,2,178,129.12828867197106,m,86.258565621714368,breeding-bird species richness,count,NA,NA,NA,TRUE,pointwise_fitted_mean,0.94999999999999996,84.309838858694746,88.207292384733989
Topography_delta_no_mean_covariates_gaussian,3,allouche_2012,primary,no_mean_covariates,logarithmic,2,179,129.85420830031865,m,86.280109304870692,breeding-bird species richness,count,NA,NA,NA,TRUE,pointwise_fitted_mean,0.94999999999999996,84.326466758628243,88.233751851113141
Topography_delta_no_mean_covariates_gaussian,3,allouche_2012,primary,no_mean_covariates,logarithmic,2,180,130.5801279286662,m,86.301532888166705,breeding-bird species richness,count,NA,NA,NA,TRUE,pointwise_fitted_mean,0.94999999999999996,84.342996696543338,88.260069079790071
Topography_delta_no_mean_covariates_gaussian,3,allouche_2012,primary,no_mean_covariates,logarithmic,2,181,131.30604755701378,m,86.322837703227037,breeding-bird species richness,count,NA,NA,NA,TRUE,pointwise_fitted_mean,0.94999999999999996,84.359429826664126,88.286245579789949
Topography_delta_no_mean_covariates_gaussian,3,allouche_2012,primary,no_mean_covariates,logarithmic,2,182,132.03196718536134,m,86.344025059651472,breeding-bird species richness,count,NA,NA,NA,TRUE,pointwise_fitted_mean,0.94999999999999996,84.375767282822366,88.312282836480577
Topography_delta_no_mean_covariates_gaussian,3,allouche_2012,primary,no_mean_covariates,logarithmic,2,183,132.75788681370892,m,86.365096245498023,breeding-bird species richness,count,NA,NA,NA,TRUE,pointwise_fitted_mean,0.94999999999999996,84.392010178937184,88.338182312058862
Topography_delta_no_mean_covariates_gaussian,3,allouche_2012,primary,no_mean_covariates,logarithmic,2,184,133.4838064420565,m,86.386052527752824,breeding-bird species richness,count,NA,NA,NA,TRUE,pointwise_fitted_mean,0.94999999999999996,84.408159609480549,88.363945446025099
Topography_delta_no_mean_covariates_gaussian,3,allouche_2012,primary,no_mean_covariates,logarithmic,2,185,134.20972607040406,m,86.406895152787257,breeding-bird species richness,count,NA,NA,NA,TRUE,pointwise_fitted_mean,0.94999999999999996,84.424216649929377,88.389573655645137
Topography_delta_no_mean_covariates_gaussian,3,allouche_2012,primary,no_mean_covariates,logarithmic,2,186,134.93564569875164,m,86.42762534680277,breeding-bird species richness,count,NA,NA,NA,TRUE,pointwise_fitted_mean,0.94999999999999996,84.440182357204279,88.415068336401262
Topography_delta_no_mean_covariates_gaussian,3,allouche_2012,primary,no_mean_covariates,logarithmic,2,187,135.66156532709923,m,86.448244316263725,breeding-bird species richness,count,NA,NA,NA,TRUE,pointwise_fitted_mean,0.94999999999999996,84.456057770095981,88.440430862431469
Topography_delta_no_mean_covariates_gaussian,3,allouche_2012,primary,no_mean_covariates,logarithmic,2,188,136.38748495544678,m,86.468753248318762,breeding-bird species richness,count,NA,NA,NA,TRUE,pointwise_fitted_mean,0.94999999999999996,84.471843909679222,88.465662586958302
Topography_delta_no_mean_covariates_gaussian,3,allouche_2012,primary,no_mean_covariates,logarithmic,2,189,137.11340458379436,m,86.489153311210956,breeding-bird species richness,count,NA,NA,NA,TRUE,pointwise_fitted_mean,0.94999999999999996,84.487541779715229,88.490764842706682
Topography_delta_no_mean_covariates_gaussian,3,allouche_2012,primary,no_mean_covariates,logarithmic,2,190,137.83932421214195,m,86.50944565467708,breeding-bird species richness,count,NA,NA,NA,TRUE,pointwise_fitted_mean,0.94999999999999996,84.503152367042389,88.515738942311771
Topography_delta_no_mean_covariates_gaussian,3,allouche_2012,primary,no_mean_covariates,logarithmic,2,191,138.5652438404895,m,86.529631410336449,breeding-bird species richness,count,NA,NA,NA,TRUE,pointwise_fitted_mean,0.94999999999999996,84.518676641956247,88.540586178716651
Topography_delta_no_mean_covariates_gaussian,3,allouche_2012,primary,no_mean_covariates,logarithmic,2,192,139.29116346883708,m,86.549711692069621,breeding-bird species richness,count,NA,NA,NA,TRUE,pointwise_fitted_mean,0.94999999999999996,84.534115558578762,88.565307825560481
Topography_delta_no_mean_covariates_gaussian,3,allouche_2012,primary,no_mean_covariates,logarithmic,2,193,140.01708309718467,m,86.569687596387183,breeding-bird species richness,count,NA,NA,NA,TRUE,pointwise_fitted_mean,0.94999999999999996,84.549470055217199,88.589905137557167
Topography_delta_no_mean_covariates_gaussian,3,allouche_2012,primary,no_mean_covariates,logarithmic,2,194,140.74300272553222,m,86.589560202789102,breeding-bird species richness,count,NA,NA,NA,TRUE,pointwise_fitted_mean,0.94999999999999996,84.564741054713323,88.61437935086488
Topography_delta_no_mean_covariates_gaussian,3,allouche_2012,primary,no_mean_covariates,logarithmic,2,195,141.4689223538798,m,86.609330574114693,breeding-bird species richness,count,NA,NA,NA,TRUE,pointwise_fitted_mean,0.94999999999999996,84.57992946478268,88.638731683446707
Topography_delta_no_mean_covariates_gaussian,3,allouche_2012,primary,no_mean_covariates,logarithmic,2,196,142.19484198222739,m,86.628999756883744,breeding-bird species richness,count,NA,NA,NA,TRUE,pointwise_fitted_mean,0.94999999999999996,84.595036178344785,88.662963335422702
Topography_delta_no_mean_covariates_gaussian,3,allouche_2012,primary,no_mean_covariates,logarithmic,2,197,142.92076161057494,m,86.648568781628995,breeding-bird species richness,count,NA,NA,NA,TRUE,pointwise_fitted_mean,0.94999999999999996,84.610062073844375,88.687075489413616
Topography_delta_no_mean_covariates_gaussian,3,allouche_2012,primary,no_mean_covariates,logarithmic,2,198,143.64668123892253,m,86.668038663219974,breeding-bird species richness,count,NA,NA,NA,TRUE,pointwise_fitted_mean,0.94999999999999996,84.625008015563765,88.711069310876184
Topography_delta_no_mean_covariates_gaussian,3,allouche_2012,primary,no_mean_covariates,logarithmic,2,199,144.37260086727011,m,86.687410401178965,breeding-bird species richness,count,NA,NA,NA,TRUE,pointwise_fitted_mean,0.94999999999999996,84.639874853926955,88.734945948430976
Topography_delta_no_mean_covariates_gaussian,3,allouche_2012,primary,no_mean_covariates,logarithmic,2,200,145.09852049561766,m,86.706684979988822,breeding-bird species richness,count,NA,NA,NA,TRUE,pointwise_fitted_mean,0.94999999999999996,84.654663425795576,88.758706534182068
Topography_delta_no_mean_covariates_gaussian,3,allouche_2012,primary,no_mean_covariates,quadratic,3,1,0.64051445445055877,m,74.067843220605113,breeding-bird species richness,count,NA,NA,NA,FALSE,NA,NA,NA,NA
Topography_delta_no_mean_covariates_gaussian,3,allouche_2012,primary,no_mean_covariates,quadratic,3,2,1.3664340827981323,m,74.227884956557233,breeding-bird species richness,count,NA,NA,NA,FALSE,NA,NA,NA,NA
Topography_delta_no_mean_covariates_gaussian,3,allouche_2012,primary,no_mean_covariates,quadratic,3,3,2.0923537111457056,m,74.386878319444889,breeding-bird species richness,count,NA,NA,NA,FALSE,NA,NA,NA,NA
Topography_delta_no_mean_covariates_gaussian,3,allouche_2012,primary,no_mean_covariates,quadratic,3,4,2.8182733394932793,m,74.544823309268068,breeding-bird species richness,count,NA,NA,NA,FALSE,NA,NA,NA,NA
Topography_delta_no_mean_covariates_gaussian,3,allouche_2012,primary,no_mean_covariates,quadratic,3,5,3.5441929678408526,m,74.701719926026797,breeding-bird species richness,count,NA,NA,NA,FALSE,NA,NA,NA,NA
Topography_delta_no_mean_covariates_gaussian,3,allouche_2012,primary,no_mean_covariates,quadratic,3,6,4.2701125961884259,m,74.85756816972102,breeding-bird species richness,count,NA,NA,NA,FALSE,NA,NA,NA,NA
Topography_delta_no_mean_covariates_gaussian,3,allouche_2012,primary,no_mean_covariates,quadratic,3,7,4.9960322245359992,m,75.012368040350779,breeding-bird species richness,count,NA,NA,NA,FALSE,NA,NA,NA,NA
Topography_delta_no_mean_covariates_gaussian,3,allouche_2012,primary,no_mean_covariates,quadratic,3,8,5.7219518528835724,m,75.16611953791606,breeding-bird species richness,count,NA,NA,NA,FALSE,NA,NA,NA,NA
Topography_delta_no_mean_covariates_gaussian,3,allouche_2012,primary,no_mean_covariates,quadratic,3,9,6.4478714812311457,m,75.318822662416878,breeding-bird species richness,count,NA,NA,NA,FALSE,NA,NA,NA,NA
Topography_delta_no_mean_covariates_gaussian,3,allouche_2012,primary,no_mean_covariates,quadratic,3,10,7.173791109578719,m,75.470477413853217,breeding-bird species richness,count,NA,NA,NA,FALSE,NA,NA,NA,NA
Topography_delta_no_mean_covariates_gaussian,3,allouche_2012,primary,no_mean_covariates,quadratic,3,11,7.8997107379262923,m,75.621083792225093,breeding-bird species richness,count,NA,NA,NA,FALSE,NA,NA,NA,NA
Topography_delta_no_mean_covariates_gaussian,3,allouche_2012,primary,no_mean_covariates,quadratic,3,12,8.6256303662738656,m,75.770641797532477,breeding-bird species richness,count,NA,NA,NA,FALSE,NA,NA,NA,NA
Topography_delta_no_mean_covariates_gaussian,3,allouche_2012,primary,no_mean_covariates,quadratic,3,13,9.3515499946214398,m,75.919151429775397,breeding-bird species richness,count,NA,NA,NA,FALSE,NA,NA,NA,NA
Topography_delta_no_mean_covariates_gaussian,3,allouche_2012,primary,no_mean_covariates,quadratic,3,14,10.077469622969012,m,76.066612688953825,breeding-bird species richness,count,NA,NA,NA,FALSE,NA,NA,NA,NA
Topography_delta_no_mean_covariates_gaussian,3,allouche_2012,primary,no_mean_covariates,quadratic,3,15,10.803389251316586,m,76.213025575067803,breeding-bird species richness,count,NA,NA,NA,FALSE,NA,NA,NA,NA
Topography_delta_no_mean_covariates_gaussian,3,allouche_2012,primary,no_mean_covariates,quadratic,3,16,11.529308879664159,m,76.358390088117304,breeding-bird species richness,count,NA,NA,NA,FALSE,NA,NA,NA,NA
Topography_delta_no_mean_covariates_gaussian,3,allouche_2012,primary,no_mean_covariates,quadratic,3,17,12.255228508011733,m,76.502706228102326,breeding-bird species richness,count,NA,NA,NA,FALSE,NA,NA,NA,NA
Topography_delta_no_mean_covariates_gaussian,3,allouche_2012,primary,no_mean_covariates,quadratic,3,18,12.981148136359307,m,76.645973995022871,breeding-bird species richness,count,NA,NA,NA,FALSE,NA,NA,NA,NA
Topography_delta_no_mean_covariates_gaussian,3,allouche_2012,primary,no_mean_covariates,quadratic,3,19,13.707067764706879,m,76.788193388878938,breeding-bird species richness,count,NA,NA,NA,FALSE,NA,NA,NA,NA
Topography_delta_no_mean_covariates_gaussian,3,allouche_2012,primary,no_mean_covariates,quadratic,3,20,14.432987393054454,m,76.929364409670526,breeding-bird species richness,count,NA,NA,NA,FALSE,NA,NA,NA,NA
Topography_delta_no_mean_covariates_gaussian,3,allouche_2012,primary,no_mean_covariates,quadratic,3,21,15.158907021402026,m,77.069487057397666,breeding-bird species richness,count,NA,NA,NA,FALSE,NA,NA,NA,NA
Topography_delta_no_mean_covariates_gaussian,3,allouche_2012,primary,no_mean_covariates,quadratic,3,22,15.8848266497496,m,77.208561332060313,breeding-bird species richness,count,NA,NA,NA,FALSE,NA,NA,NA,NA
Topography_delta_no_mean_covariates_gaussian,3,allouche_2012,primary,no_mean_covariates,quadratic,3,23,16.610746278097174,m,77.346587233658497,breeding-bird species richness,count,NA,NA,NA,FALSE,NA,NA,NA,NA
Topography_delta_no_mean_covariates_gaussian,3,allouche_2012,primary,no_mean_covariates,quadratic,3,24,17.336665906444747,m,77.483564762192188,breeding-bird species richness,count,NA,NA,NA,FALSE,NA,NA,NA,NA
Topography_delta_no_mean_covariates_gaussian,3,allouche_2012,primary,no_mean_covariates,quadratic,3,25,18.062585534792323,m,77.619493917661416,breeding-bird species richness,count,NA,NA,NA,FALSE,NA,NA,NA,NA
Topography_delta_no_mean_covariates_gaussian,3,allouche_2012,primary,no_mean_covariates,quadratic,3,26,18.788505163139895,m,77.754374700066165,breeding-bird species richness,count,NA,NA,NA,FALSE,NA,NA,NA,NA
Topography_delta_no_mean_covariates_gaussian,3,allouche_2012,primary,no_mean_covariates,quadratic,3,27,19.514424791487468,m,77.888207109406466,breeding-bird species richness,count,NA,NA,NA,FALSE,NA,NA,NA,NA
Topography_delta_no_mean_covariates_gaussian,3,allouche_2012,primary,no_mean_covariates,quadratic,3,28,20.240344419835044,m,78.02099114568226,breeding-bird species richness,count,NA,NA,NA,FALSE,NA,NA,NA,NA
Topography_delta_no_mean_covariates_gaussian,3,allouche_2012,primary,no_mean_covariates,quadratic,3,29,20.966264048182616,m,78.15272680889359,breeding-bird species richness,count,NA,NA,NA,FALSE,NA,NA,NA,NA
Topography_delta_no_mean_covariates_gaussian,3,allouche_2012,primary,no_mean_covariates,quadratic,3,30,21.692183676530188,m,78.283414099040456,breeding-bird species richness,count,NA,NA,NA,FALSE,NA,NA,NA,NA
Topography_delta_no_mean_covariates_gaussian,3,allouche_2012,primary,no_mean_covariates,quadratic,3,31,22.418103304877761,m,78.413053016122831,breeding-bird species richness,count,NA,NA,NA,FALSE,NA,NA,NA,NA
Topography_delta_no_mean_covariates_gaussian,3,allouche_2012,primary,no_mean_covariates,quadratic,3,32,23.144022933225337,m,78.541643560140756,breeding-bird species richness,count,NA,NA,NA,FALSE,NA,NA,NA,NA
Topography_delta_no_mean_covariates_gaussian,3,allouche_2012,primary,no_mean_covariates,quadratic,3,33,23.869942561572909,m,78.669185731094188,breeding-bird species richness,count,NA,NA,NA,FALSE,NA,NA,NA,NA
Topography_delta_no_mean_covariates_gaussian,3,allouche_2012,primary,no_mean_covariates,quadratic,3,34,24.595862189920481,m,78.795679528983158,breeding-bird species richness,count,NA,NA,NA,FALSE,NA,NA,NA,NA
Topography_delta_no_mean_covariates_gaussian,3,allouche_2012,primary,no_mean_covariates,quadratic,3,35,25.321781818268057,m,78.921124953807634,breeding-bird species richness,count,NA,NA,NA,FALSE,NA,NA,NA,NA
Topography_delta_no_mean_covariates_gaussian,3,allouche_2012,primary,no_mean_covariates,quadratic,3,36,26.04770144661563,m,79.045522005567648,breeding-bird species richness,count,NA,NA,NA,FALSE,NA,NA,NA,NA
Topography_delta_no_mean_covariates_gaussian,3,allouche_2012,primary,no_mean_covariates,quadratic,3,37,26.773621074963202,m,79.168870684263212,breeding-bird species richness,count,NA,NA,NA,FALSE,NA,NA,NA,NA
Topography_delta_no_mean_covariates_gaussian,3,allouche_2012,primary,no_mean_covariates,quadratic,3,38,27.499540703310775,m,79.291170989894269,breeding-bird species richness,count,NA,NA,NA,FALSE,NA,NA,NA,NA
Topography_delta_no_mean_covariates_gaussian,3,allouche_2012,primary,no_mean_covariates,quadratic,3,39,28.225460331658351,m,79.412422922460863,breeding-bird species richness,count,NA,NA,NA,FALSE,NA,NA,NA,NA
Topography_delta_no_mean_covariates_gaussian,3,allouche_2012,primary,no_mean_covariates,quadratic,3,40,28.951379960005923,m,79.532626481962978,breeding-bird species richness,count,NA,NA,NA,FALSE,NA,NA,NA,NA
Topography_delta_no_mean_covariates_gaussian,3,allouche_2012,primary,no_mean_covariates,quadratic,3,41,29.677299588353495,m,79.651781668400616,breeding-bird species richness,count,NA,NA,NA,FALSE,NA,NA,NA,NA
Topography_delta_no_mean_covariates_gaussian,3,allouche_2012,primary,no_mean_covariates,quadratic,3,42,30.403219216701071,m,79.769888481773805,breeding-bird species richness,count,NA,NA,NA,FALSE,NA,NA,NA,NA
Topography_delta_no_mean_covariates_gaussian,3,allouche_2012,primary,no_mean_covariates,quadratic,3,43,31.129138845048644,m,79.886946922082501,breeding-bird species richness,count,NA,NA,NA,FALSE,NA,NA,NA,NA
Topography_delta_no_mean_covariates_gaussian,3,allouche_2012,primary,no_mean_covariates,quadratic,3,44,31.855058473396216,m,80.002956989326719,breeding-bird species richness,count,NA,NA,NA,FALSE,NA,NA,NA,NA
Topography_delta_no_mean_covariates_gaussian,3,allouche_2012,primary,no_mean_covariates,quadratic,3,45,32.580978101743788,m,80.11791868350646,breeding-bird species richness,count,NA,NA,NA,FALSE,NA,NA,NA,NA
Topography_delta_no_mean_covariates_gaussian,3,allouche_2012,primary,no_mean_covariates,quadratic,3,46,33.306897730091364,m,80.231832004621737,breeding-bird species richness,count,NA,NA,NA,FALSE,NA,NA,NA,NA
Topography_delta_no_mean_covariates_gaussian,3,allouche_2012,primary,no_mean_covariates,quadratic,3,47,34.032817358438933,m,80.344696952672535,breeding-bird species richness,count,NA,NA,NA,FALSE,NA,NA,NA,NA
Topography_delta_no_mean_covariates_gaussian,3,allouche_2012,primary,no_mean_covariates,quadratic,3,48,34.758736986786509,m,80.456513527658871,breeding-bird species richness,count,NA,NA,NA,FALSE,NA,NA,NA,NA
Topography_delta_no_mean_covariates_gaussian,3,allouche_2012,primary,no_mean_covariates,quadratic,3,49,35.484656615134085,m,80.567281729580728,breeding-bird species richness,count,NA,NA,NA,FALSE,NA,NA,NA,NA
Topography_delta_no_mean_covariates_gaussian,3,allouche_2012,primary,no_mean_covariates,quadratic,3,50,36.210576243481654,m,80.677001558438107,breeding-bird species richness,count,NA,NA,NA,FALSE,NA,NA,NA,NA
Topography_delta_no_mean_covariates_gaussian,3,allouche_2012,primary,no_mean_covariates,quadratic,3,51,36.93649587182923,m,80.785673014231008,breeding-bird species richness,count,NA,NA,NA,FALSE,NA,NA,NA,NA
Topography_delta_no_mean_covariates_gaussian,3,allouche_2012,primary,no_mean_covariates,quadratic,3,52,37.662415500176806,m,80.893296096959432,breeding-bird species richness,count,NA,NA,NA,FALSE,NA,NA,NA,NA
Topography_delta_no_mean_covariates_gaussian,3,allouche_2012,primary,no_mean_covariates,quadratic,3,53,38.388335128524375,m,80.999870806623392,breeding-bird species richness,count,NA,NA,NA,FALSE,NA,NA,NA,NA
Topography_delta_no_mean_covariates_gaussian,3,allouche_2012,primary,no_mean_covariates,quadratic,3,54,39.114254756871951,m,81.105397143222888,breeding-bird species richness,count,NA,NA,NA,FALSE,NA,NA,NA,NA
Topography_delta_no_mean_covariates_gaussian,3,allouche_2012,primary,no_mean_covariates,quadratic,3,55,39.840174385219527,m,81.209875106757892,breeding-bird species richness,count,NA,NA,NA,FALSE,NA,NA,NA,NA
Topography_delta_no_mean_covariates_gaussian,3,allouche_2012,primary,no_mean_covariates,quadratic,3,56,40.566094013567096,m,81.313304697228432,breeding-bird species richness,count,NA,NA,NA,FALSE,NA,NA,NA,NA
Topography_delta_no_mean_covariates_gaussian,3,allouche_2012,primary,no_mean_covariates,quadratic,3,57,41.292013641914671,m,81.41568591463448,breeding-bird species richness,count,NA,NA,NA,FALSE,NA,NA,NA,NA
Topography_delta_no_mean_covariates_gaussian,3,allouche_2012,primary,no_mean_covariates,quadratic,3,58,42.017933270262247,m,81.517018758976079,breeding-bird species richness,count,NA,NA,NA,FALSE,NA,NA,NA,NA
Topography_delta_no_mean_covariates_gaussian,3,allouche_2012,primary,no_mean_covariates,quadratic,3,59,42.743852898609816,m,81.617303230253199,breeding-bird species richness,count,NA,NA,NA,FALSE,NA,NA,NA,NA
Topography_delta_no_mean_covariates_gaussian,3,allouche_2012,primary,no_mean_covariates,quadratic,3,60,43.469772526957392,m,81.716539328465828,breeding-bird species richness,count,NA,NA,NA,FALSE,NA,NA,NA,NA
Topography_delta_no_mean_covariates_gaussian,3,allouche_2012,primary,no_mean_covariates,quadratic,3,61,44.195692155304961,m,81.814727053613993,breeding-bird species richness,count,NA,NA,NA,FALSE,NA,NA,NA,NA
Topography_delta_no_mean_covariates_gaussian,3,allouche_2012,primary,no_mean_covariates,quadratic,3,62,44.921611783652537,m,81.91186640569768,breeding-bird species richness,count,NA,NA,NA,FALSE,NA,NA,NA,NA
Topography_delta_no_mean_covariates_gaussian,3,allouche_2012,primary,no_mean_covariates,quadratic,3,63,45.647531412000113,m,82.007957384716903,breeding-bird species richness,count,NA,NA,NA,FALSE,NA,NA,NA,NA
Topography_delta_no_mean_covariates_gaussian,3,allouche_2012,primary,no_mean_covariates,quadratic,3,64,46.373451040347682,m,82.102999990671663,breeding-bird species richness,count,NA,NA,NA,FALSE,NA,NA,NA,NA
Topography_delta_no_mean_covariates_gaussian,3,allouche_2012,primary,no_mean_covariates,quadratic,3,65,47.099370668695258,m,82.19699422356193,breeding-bird species richness,count,NA,NA,NA,FALSE,NA,NA,NA,NA
Topography_delta_no_mean_covariates_gaussian,3,allouche_2012,primary,no_mean_covariates,quadratic,3,66,47.825290297042834,m,82.289940083387719,breeding-bird species richness,count,NA,NA,NA,FALSE,NA,NA,NA,NA
Topography_delta_no_mean_covariates_gaussian,3,allouche_2012,primary,no_mean_covariates,quadratic,3,67,48.551209925390403,m,82.381837570149031,breeding-bird species richness,count,NA,NA,NA,FALSE,NA,NA,NA,NA
Topography_delta_no_mean_covariates_gaussian,3,allouche_2012,primary,no_mean_covariates,quadratic,3,68,49.277129553737979,m,82.472686683845879,breeding-bird species richness,count,NA,NA,NA,FALSE,NA,NA,NA,NA
Topography_delta_no_mean_covariates_gaussian,3,allouche_2012,primary,no_mean_covariates,quadratic,3,69,50.003049182085554,m,82.562487424478263,breeding-bird species richness,count,NA,NA,NA,FALSE,NA,NA,NA,NA
Topography_delta_no_mean_covariates_gaussian,3,allouche_2012,primary,no_mean_covariates,quadratic,3,70,50.728968810433123,m,82.651239792046169,breeding-bird species richness,count,NA,NA,NA,FALSE,NA,NA,NA,NA
Topography_delta_no_mean_covariates_gaussian,3,allouche_2012,primary,no_mean_covariates,quadratic,3,71,51.454888438780699,m,82.738943786549584,breeding-bird species richness,count,NA,NA,NA,FALSE,NA,NA,NA,NA
Topography_delta_no_mean_covariates_gaussian,3,allouche_2012,primary,no_mean_covariates,quadratic,3,72,52.180808067128268,m,82.825599407988534,breeding-bird species richness,count,NA,NA,NA,FALSE,NA,NA,NA,NA
Topography_delta_no_mean_covariates_gaussian,3,allouche_2012,primary,no_mean_covariates,quadratic,3,73,52.906727695475844,m,82.911206656363021,breeding-bird species richness,count,NA,NA,NA,FALSE,NA,NA,NA,NA
Topography_delta_no_mean_covariates_gaussian,3,allouche_2012,primary,no_mean_covariates,quadratic,3,74,53.63264732382342,m,82.995765531673015,breeding-bird species richness,count,NA,NA,NA,FALSE,NA,NA,NA,NA
Topography_delta_no_mean_covariates_gaussian,3,allouche_2012,primary,no_mean_covariates,quadratic,3,75,54.358566952170989,m,83.079276033918561,breeding-bird species richness,count,NA,NA,NA,FALSE,NA,NA,NA,NA
Topography_delta_no_mean_covariates_gaussian,3,allouche_2012,primary,no_mean_covariates,quadratic,3,76,55.084486580518565,m,83.161738163099614,breeding-bird species richness,count,NA,NA,NA,FALSE,NA,NA,NA,NA
Topography_delta_no_mean_covariates_gaussian,3,allouche_2012,primary,no_mean_covariates,quadratic,3,77,55.810406208866141,m,83.243151919216189,breeding-bird species richness,count,NA,NA,NA,FALSE,NA,NA,NA,NA
Topography_delta_no_mean_covariates_gaussian,3,allouche_2012,primary,no_mean_covariates,quadratic,3,78,56.53632583721371,m,83.3235173022683,breeding-bird species richness,count,NA,NA,NA,FALSE,NA,NA,NA,NA
Topography_delta_no_mean_covariates_gaussian,3,allouche_2012,primary,no_mean_covariates,quadratic,3,79,57.262245465561286,m,83.402834312255933,breeding-bird species richness,count,NA,NA,NA,FALSE,NA,NA,NA,NA
Topography_delta_no_mean_covariates_gaussian,3,allouche_2012,primary,no_mean_covariates,quadratic,3,80,57.988165093908862,m,83.481102949179103,breeding-bird species richness,count,NA,NA,NA,FALSE,NA,NA,NA,NA
Topography_delta_no_mean_covariates_gaussian,3,allouche_2012,primary,no_mean_covariates,quadratic,3,81,58.71408472225643,m,83.558323213037781,breeding-bird species richness,count,NA,NA,NA,FALSE,NA,NA,NA,NA
Topography_delta_no_mean_covariates_gaussian,3,allouche_2012,primary,no_mean_covariates,quadratic,3,82,59.440004350604006,m,83.634495103831995,breeding-bird species richness,count,NA,NA,NA,FALSE,NA,NA,NA,NA
Topography_delta_no_mean_covariates_gaussian,3,allouche_2012,primary,no_mean_covariates,quadratic,3,83,60.165923978951582,m,83.709618621561731,breeding-bird species richness,count,NA,NA,NA,FALSE,NA,NA,NA,NA
Topography_delta_no_mean_covariates_gaussian,3,allouche_2012,primary,no_mean_covariates,quadratic,3,84,60.891843607299151,m,83.783693766226989,breeding-bird species richness,count,NA,NA,NA,FALSE,NA,NA,NA,NA
Topography_delta_no_mean_covariates_gaussian,3,allouche_2012,primary,no_mean_covariates,quadratic,3,85,61.617763235646727,m,83.856720537827798,breeding-bird species richness,count,NA,NA,NA,FALSE,NA,NA,NA,NA
Topography_delta_no_mean_covariates_gaussian,3,allouche_2012,primary,no_mean_covariates,quadratic,3,86,62.343682863994296,m,83.928698936364114,breeding-bird species richness,count,NA,NA,NA,FALSE,NA,NA,NA,NA
Topography_delta_no_mean_covariates_gaussian,3,allouche_2012,primary,no_mean_covariates,quadratic,3,87,63.069602492341872,m,83.999628961835953,breeding-bird species richness,count,NA,NA,NA,FALSE,NA,NA,NA,NA
Topography_delta_no_mean_covariates_gaussian,3,allouche_2012,primary,no_mean_covariates,quadratic,3,88,63.795522120689448,m,84.069510614243313,breeding-bird species richness,count,NA,NA,NA,FALSE,NA,NA,NA,NA
Topography_delta_no_mean_covariates_gaussian,3,allouche_2012,primary,no_mean_covariates,quadratic,3,89,64.52144174903701,m,84.13834389358621,breeding-bird species richness,count,NA,NA,NA,FALSE,NA,NA,NA,NA
Topography_delta_no_mean_covariates_gaussian,3,allouche_2012,primary,no_mean_covariates,quadratic,3,90,65.247361377384593,m,84.206128799864629,breeding-bird species richness,count,NA,NA,NA,FALSE,NA,NA,NA,NA
Topography_delta_no_mean_covariates_gaussian,3,allouche_2012,primary,no_mean_covariates,quadratic,3,91,65.973281005732161,m,84.272865333078585,breeding-bird species richness,count,NA,NA,NA,FALSE,NA,NA,NA,NA
Topography_delta_no_mean_covariates_gaussian,3,allouche_2012,primary,no_mean_covariates,quadratic,3,92,66.69920063407973,m,84.338553493228048,breeding-bird species richness,count,NA,NA,NA,FALSE,NA,NA,NA,NA
Topography_delta_no_mean_covariates_gaussian,3,allouche_2012,primary,no_mean_covariates,quadratic,3,93,67.425120262427299,m,84.403193280313047,breeding-bird species richness,count,NA,NA,NA,FALSE,NA,NA,NA,NA
Topography_delta_no_mean_covariates_gaussian,3,allouche_2012,primary,no_mean_covariates,quadratic,3,94,68.151039890774882,m,84.466784694333569,breeding-bird species richness,count,NA,NA,NA,FALSE,NA,NA,NA,NA
Topography_delta_no_mean_covariates_gaussian,3,allouche_2012,primary,no_mean_covariates,quadratic,3,95,68.876959519122451,m,84.529327735289627,breeding-bird species richness,count,NA,NA,NA,FALSE,NA,NA,NA,NA
Topography_delta_no_mean_covariates_gaussian,3,allouche_2012,primary,no_mean_covariates,quadratic,3,96,69.60287914747002,m,84.590822403181193,breeding-bird species richness,count,NA,NA,NA,FALSE,NA,NA,NA,NA
Topography_delta_no_mean_covariates_gaussian,3,allouche_2012,primary,no_mean_covariates,quadratic,3,97,70.328798775817603,m,84.651268698008309,breeding-bird species richness,count,NA,NA,NA,FALSE,NA,NA,NA,NA
Topography_delta_no_mean_covariates_gaussian,3,allouche_2012,primary,no_mean_covariates,quadratic,3,98,71.054718404165172,m,84.710666619770933,breeding-bird species richness,count,NA,NA,NA,FALSE,NA,NA,NA,NA
Topography_delta_no_mean_covariates_gaussian,3,allouche_2012,primary,no_mean_covariates,quadratic,3,99,71.780638032512741,m,84.769016168469093,breeding-bird species richness,count,NA,NA,NA,FALSE,NA,NA,NA,NA
Topography_delta_no_mean_covariates_gaussian,3,allouche_2012,primary,no_mean_covariates,quadratic,3,100,72.506557660860324,m,84.826317344102762,breeding-bird species richness,count,NA,NA,NA,FALSE,NA,NA,NA,NA
Topography_delta_no_mean_covariates_gaussian,3,allouche_2012,primary,no_mean_covariates,quadratic,3,101,73.232477289207893,m,84.882570146671966,breeding-bird species richness,count,NA,NA,NA,FALSE,NA,NA,NA,NA
Topography_delta_no_mean_covariates_gaussian,3,allouche_2012,primary,no_mean_covariates,quadratic,3,102,73.958396917555461,m,84.937774576176722,breeding-bird species richness,count,NA,NA,NA,FALSE,NA,NA,NA,NA
Topography_delta_no_mean_covariates_gaussian,3,allouche_2012,primary,no_mean_covariates,quadratic,3,103,74.684316545903044,m,84.99193063261697,breeding-bird species richness,count,NA,NA,NA,FALSE,NA,NA,NA,NA
Topography_delta_no_mean_covariates_gaussian,3,allouche_2012,primary,no_mean_covariates,quadratic,3,104,75.410236174250613,m,85.045038315992755,breeding-bird species richness,count,NA,NA,NA,FALSE,NA,NA,NA,NA
Topography_delta_no_mean_covariates_gaussian,3,allouche_2012,primary,no_mean_covariates,quadratic,3,105,76.136155802598182,m,85.097097626304063,breeding-bird species richness,count,NA,NA,NA,FALSE,NA,NA,NA,NA
Topography_delta_no_mean_covariates_gaussian,3,allouche_2012,primary,no_mean_covariates,quadratic,3,106,76.862075430945765,m,85.148108563550892,breeding-bird species richness,count,NA,NA,NA,FALSE,NA,NA,NA,NA
Topography_delta_no_mean_covariates_gaussian,3,allouche_2012,primary,no_mean_covariates,quadratic,3,107,77.587995059293334,m,85.198071127733272,breeding-bird species richness,count,NA,NA,NA,FALSE,NA,NA,NA,NA
Topography_delta_no_mean_covariates_gaussian,3,allouche_2012,primary,no_mean_covariates,quadratic,3,108,78.313914687640903,m,85.246985318851159,breeding-bird species richness,count,NA,NA,NA,FALSE,NA,NA,NA,NA
Topography_delta_no_mean_covariates_gaussian,3,allouche_2012,primary,no_mean_covariates,quadratic,3,109,79.039834315988486,m,85.294851136904569,breeding-bird species richness,count,NA,NA,NA,FALSE,NA,NA,NA,NA
Topography_delta_no_mean_covariates_gaussian,3,allouche_2012,primary,no_mean_covariates,quadratic,3,110,79.765753944336055,m,85.341668581893515,breeding-bird species richness,count,NA,NA,NA,FALSE,NA,NA,NA,NA
Topography_delta_no_mean_covariates_gaussian,3,allouche_2012,primary,no_mean_covariates,quadratic,3,111,80.491673572683624,m,85.387437653817969,breeding-bird species richness,count,NA,NA,NA,FALSE,NA,NA,NA,NA
Topography_delta_no_mean_covariates_gaussian,3,allouche_2012,primary,no_mean_covariates,quadratic,3,112,81.217593201031207,m,85.432158352677973,breeding-bird species richness,count,NA,NA,NA,FALSE,NA,NA,NA,NA
Topography_delta_no_mean_covariates_gaussian,3,allouche_2012,primary,no_mean_covariates,quadratic,3,113,81.943512829378776,m,85.4758306784735,breeding-bird species richness,count,NA,NA,NA,FALSE,NA,NA,NA,NA
Topography_delta_no_mean_covariates_gaussian,3,allouche_2012,primary,no_mean_covariates,quadratic,3,114,82.669432457726344,m,85.518454631204534,breeding-bird species richness,count,NA,NA,NA,FALSE,NA,NA,NA,NA
Topography_delta_no_mean_covariates_gaussian,3,allouche_2012,primary,no_mean_covariates,quadratic,3,115,83.395352086073927,m,85.560030210871105,breeding-bird species richness,count,NA,NA,NA,FALSE,NA,NA,NA,NA
Topography_delta_no_mean_covariates_gaussian,3,allouche_2012,primary,no_mean_covariates,quadratic,3,116,84.121271714421496,m,85.600557417473198,breeding-bird species richness,count,NA,NA,NA,FALSE,NA,NA,NA,NA
Topography_delta_no_mean_covariates_gaussian,3,allouche_2012,primary,no_mean_covariates,quadratic,3,117,84.847191342769065,m,85.640036251010827,breeding-bird species richness,count,NA,NA,NA,FALSE,NA,NA,NA,NA
Topography_delta_no_mean_covariates_gaussian,3,allouche_2012,primary,no_mean_covariates,quadratic,3,118,85.573110971116634,m,85.678466711483964,breeding-bird species richness,count,NA,NA,NA,FALSE,NA,NA,NA,NA
Topography_delta_no_mean_covariates_gaussian,3,allouche_2012,primary,no_mean_covariates,quadratic,3,119,86.299030599464217,m,85.715848798892651,breeding-bird species richness,count,NA,NA,NA,FALSE,NA,NA,NA,NA
Topography_delta_no_mean_covariates_gaussian,3,allouche_2012,primary,no_mean_covariates,quadratic,3,120,87.024950227811786,m,85.75218251323686,breeding-bird species richness,count,NA,NA,NA,FALSE,NA,NA,NA,NA
Topography_delta_no_mean_covariates_gaussian,3,allouche_2012,primary,no_mean_covariates,quadratic,3,121,87.750869856159355,m,85.787467854516578,breeding-bird species richness,count,NA,NA,NA,FALSE,NA,NA,NA,NA
Topography_delta_no_mean_covariates_gaussian,3,allouche_2012,primary,no_mean_covariates,quadratic,3,122,88.476789484506938,m,85.821704822731832,breeding-bird species richness,count,NA,NA,NA,FALSE,NA,NA,NA,NA
Topography_delta_no_mean_covariates_gaussian,3,allouche_2012,primary,no_mean_covariates,quadratic,3,123,89.202709112854507,m,85.854893417882622,breeding-bird species richness,count,NA,NA,NA,FALSE,NA,NA,NA,NA
Topography_delta_no_mean_covariates_gaussian,3,allouche_2012,primary,no_mean_covariates,quadratic,3,124,89.928628741202076,m,85.887033639968919,breeding-bird species richness,count,NA,NA,NA,FALSE,NA,NA,NA,NA
Topography_delta_no_mean_covariates_gaussian,3,allouche_2012,primary,no_mean_covariates,quadratic,3,125,90.654548369549659,m,85.918125488990754,breeding-bird species richness,count,NA,NA,NA,FALSE,NA,NA,NA,NA
Topography_delta_no_mean_covariates_gaussian,3,allouche_2012,primary,no_mean_covariates,quadratic,3,126,91.380467997897227,m,85.94816896494811,breeding-bird species richness,count,NA,NA,NA,FALSE,NA,NA,NA,NA
Topography_delta_no_mean_covariates_gaussian,3,allouche_2012,primary,no_mean_covariates,quadratic,3,127,92.106387626244796,m,85.977164067840988,breeding-bird species richness,count,NA,NA,NA,FALSE,NA,NA,NA,NA
Topography_delta_no_mean_covariates_gaussian,3,allouche_2012,primary,no_mean_covariates,quadratic,3,128,92.832307254592379,m,86.005110797669417,breeding-bird species richness,count,NA,NA,NA,FALSE,NA,NA,NA,NA
Topography_delta_no_mean_covariates_gaussian,3,allouche_2012,primary,no_mean_covariates,quadratic,3,129,93.558226882939948,m,86.032009154433339,breeding-bird species richness,count,NA,NA,NA,FALSE,NA,NA,NA,NA
Topography_delta_no_mean_covariates_gaussian,3,allouche_2012,primary,no_mean_covariates,quadratic,3,130,94.284146511287517,m,86.057859138132798,breeding-bird species richness,count,NA,NA,NA,FALSE,NA,NA,NA,NA
Topography_delta_no_mean_covariates_gaussian,3,allouche_2012,primary,no_mean_covariates,quadratic,3,131,95.0100661396351,m,86.082660748767793,breeding-bird species richness,count,NA,NA,NA,FALSE,NA,NA,NA,NA
Topography_delta_no_mean_covariates_gaussian,3,allouche_2012,primary,no_mean_covariates,quadratic,3,132,95.735985767982669,m,86.106413986338296,breeding-bird species richness,count,NA,NA,NA,FALSE,NA,NA,NA,NA
Topography_delta_no_mean_covariates_gaussian,3,allouche_2012,primary,no_mean_covariates,quadratic,3,133,96.461905396330238,m,86.129118850844335,breeding-bird species richness,count,NA,NA,NA,FALSE,NA,NA,NA,NA
Topography_delta_no_mean_covariates_gaussian,3,allouche_2012,primary,no_mean_covariates,quadratic,3,134,97.187825024677821,m,86.150775342285911,breeding-bird species richness,count,NA,NA,NA,FALSE,NA,NA,NA,NA
Topography_delta_no_mean_covariates_gaussian,3,allouche_2012,primary,no_mean_covariates,quadratic,3,135,97.91374465302539,m,86.171383460663009,breeding-bird species richness,count,NA,NA,NA,FALSE,NA,NA,NA,NA
Topography_delta_no_mean_covariates_gaussian,3,allouche_2012,primary,no_mean_covariates,quadratic,3,136,98.639664281372958,m,86.190943205975614,breeding-bird species richness,count,NA,NA,NA,FALSE,NA,NA,NA,NA
Topography_delta_no_mean_covariates_gaussian,3,allouche_2012,primary,no_mean_covariates,quadratic,3,137,99.365583909720542,m,86.209454578223756,breeding-bird species richness,count,NA,NA,NA,FALSE,NA,NA,NA,NA
Topography_delta_no_mean_covariates_gaussian,3,allouche_2012,primary,no_mean_covariates,quadratic,3,138,100.09150353806811,m,86.22691757740742,breeding-bird species richness,count,NA,NA,NA,FALSE,NA,NA,NA,NA
Topography_delta_no_mean_covariates_gaussian,3,allouche_2012,primary,no_mean_covariates,quadratic,3,139,100.81742316641568,m,86.24333220352662,breeding-bird species richness,count,NA,NA,NA,FALSE,NA,NA,NA,NA
Topography_delta_no_mean_covariates_gaussian,3,allouche_2012,primary,no_mean_covariates,quadratic,3,140,101.54334279476326,m,86.258698456581357,breeding-bird species richness,count,NA,NA,NA,FALSE,NA,NA,NA,NA
Topography_delta_no_mean_covariates_gaussian,3,allouche_2012,primary,no_mean_covariates,quadratic,3,141,102.26926242311083,m,86.273016336571601,breeding-bird species richness,count,NA,NA,NA,FALSE,NA,NA,NA,NA
Topography_delta_no_mean_covariates_gaussian,3,allouche_2012,primary,no_mean_covariates,quadratic,3,142,102.9951820514584,m,86.286285843497367,breeding-bird species richness,count,NA,NA,NA,FALSE,NA,NA,NA,NA
Topography_delta_no_mean_covariates_gaussian,3,allouche_2012,primary,no_mean_covariates,quadratic,3,143,103.72110167980597,m,86.29850697735867,breeding-bird species richness,count,NA,NA,NA,FALSE,NA,NA,NA,NA
Topography_delta_no_mean_covariates_gaussian,3,allouche_2012,primary,no_mean_covariates,quadratic,3,144,104.44702130815355,m,86.309679738155495,breeding-bird species richness,count,NA,NA,NA,FALSE,NA,NA,NA,NA
Topography_delta_no_mean_covariates_gaussian,3,allouche_2012,primary,no_mean_covariates,quadratic,3,145,105.17294093650112,m,86.319804125887856,breeding-bird species richness,count,NA,NA,NA,FALSE,NA,NA,NA,NA
Topography_delta_no_mean_covariates_gaussian,3,allouche_2012,primary,no_mean_covariates,quadratic,3,146,105.89886056484869,m,86.328880140555725,breeding-bird species richness,count,NA,NA,NA,FALSE,NA,NA,NA,NA
Topography_delta_no_mean_covariates_gaussian,3,allouche_2012,primary,no_mean_covariates,quadratic,3,147,106.62478019319627,m,86.33690778215913,breeding-bird species richness,count,NA,NA,NA,FALSE,NA,NA,NA,NA
Topography_delta_no_mean_covariates_gaussian,3,allouche_2012,primary,no_mean_covariates,quadratic,3,148,107.35069982154384,m,86.343887050698058,breeding-bird species richness,count,NA,NA,NA,FALSE,NA,NA,NA,NA
Topography_delta_no_mean_covariates_gaussian,3,allouche_2012,primary,no_mean_covariates,quadratic,3,149,108.07661944989141,m,86.349817946172521,breeding-bird species richness,count,NA,NA,NA,FALSE,NA,NA,NA,NA
Topography_delta_no_mean_covariates_gaussian,3,allouche_2012,primary,no_mean_covariates,quadratic,3,150,108.80253907823899,m,86.354700468582507,breeding-bird species richness,count,NA,NA,NA,FALSE,NA,NA,NA,NA
Topography_delta_no_mean_covariates_gaussian,3,allouche_2012,primary,no_mean_covariates,quadratic,3,151,109.52845870658656,m,86.358534617928015,breeding-bird species richness,count,NA,NA,NA,FALSE,NA,NA,NA,NA
Topography_delta_no_mean_covariates_gaussian,3,allouche_2012,primary,no_mean_covariates,quadratic,3,152,110.25437833493413,m,86.361320394209045,breeding-bird species richness,count,NA,NA,NA,FALSE,NA,NA,NA,NA
Topography_delta_no_mean_covariates_gaussian,3,allouche_2012,primary,no_mean_covariates,quadratic,3,153,110.98029796328171,m,86.363057797425597,breeding-bird species richness,count,NA,NA,NA,FALSE,NA,NA,NA,NA
Topography_delta_no_mean_covariates_gaussian,3,allouche_2012,primary,no_mean_covariates,quadratic,3,154,111.70621759162928,m,86.363746827577685,breeding-bird species richness,count,NA,NA,NA,FALSE,NA,NA,NA,NA
Topography_delta_no_mean_covariates_gaussian,3,allouche_2012,primary,no_mean_covariates,quadratic,3,155,112.43213721997685,m,86.363387484665296,breeding-bird species richness,count,NA,NA,NA,FALSE,NA,NA,NA,NA
Topography_delta_no_mean_covariates_gaussian,3,allouche_2012,primary,no_mean_covariates,quadratic,3,156,113.15805684832443,m,86.361979768688443,breeding-bird species richness,count,NA,NA,NA,FALSE,NA,NA,NA,NA
Topography_delta_no_mean_covariates_gaussian,3,allouche_2012,primary,no_mean_covariates,quadratic,3,157,113.883976476672,m,86.359523679647111,breeding-bird species richness,count,NA,NA,NA,FALSE,NA,NA,NA,NA
Topography_delta_no_mean_covariates_gaussian,3,allouche_2012,primary,no_mean_covariates,quadratic,3,158,114.60989610501957,m,86.356019217541302,breeding-bird species richness,count,NA,NA,NA,FALSE,NA,NA,NA,NA
Topography_delta_no_mean_covariates_gaussian,3,allouche_2012,primary,no_mean_covariates,quadratic,3,159,115.33581573336716,m,86.351466382371001,breeding-bird species richness,count,NA,NA,NA,FALSE,NA,NA,NA,NA
Topography_delta_no_mean_covariates_gaussian,3,allouche_2012,primary,no_mean_covariates,quadratic,3,160,116.06173536171472,m,86.34586517413625,breeding-bird species richness,count,NA,NA,NA,FALSE,NA,NA,NA,NA
Topography_delta_no_mean_covariates_gaussian,3,allouche_2012,primary,no_mean_covariates,quadratic,3,161,116.78765499006229,m,86.339215592837036,breeding-bird species richness,count,NA,NA,NA,FALSE,NA,NA,NA,NA
Topography_delta_no_mean_covariates_gaussian,3,allouche_2012,primary,no_mean_covariates,quadratic,3,162,117.51357461840988,m,86.331517638473315,breeding-bird species richness,count,NA,NA,NA,FALSE,NA,NA,NA,NA
Topography_delta_no_mean_covariates_gaussian,3,allouche_2012,primary,no_mean_covariates,quadratic,3,163,118.23949424675745,m,86.322771311045145,breeding-bird species richness,count,NA,NA,NA,FALSE,NA,NA,NA,NA
Topography_delta_no_mean_covariates_gaussian,3,allouche_2012,primary,no_mean_covariates,quadratic,3,164,118.96541387510501,m,86.312976610552482,breeding-bird species richness,count,NA,NA,NA,FALSE,NA,NA,NA,NA
Topography_delta_no_mean_covariates_gaussian,3,allouche_2012,primary,no_mean_covariates,quadratic,3,165,119.6913335034526,m,86.302133536995356,breeding-bird species richness,count,NA,NA,NA,FALSE,NA,NA,NA,NA
Topography_delta_no_mean_covariates_gaussian,3,allouche_2012,primary,no_mean_covariates,quadratic,3,166,120.41725313180017,m,86.290242090373766,breeding-bird species richness,count,NA,NA,NA,FALSE,NA,NA,NA,NA
Topography_delta_no_mean_covariates_gaussian,3,allouche_2012,primary,no_mean_covariates,quadratic,3,167,121.14317276014773,m,86.277302270687684,breeding-bird species richness,count,NA,NA,NA,FALSE,NA,NA,NA,NA
Topography_delta_no_mean_covariates_gaussian,3,allouche_2012,primary,no_mean_covariates,quadratic,3,168,121.8690923884953,m,86.263314077937139,breeding-bird species richness,count,NA,NA,NA,FALSE,NA,NA,NA,NA
Topography_delta_no_mean_covariates_gaussian,3,allouche_2012,primary,no_mean_covariates,quadratic,3,169,122.59501201684289,m,86.248277512122101,breeding-bird species richness,count,NA,NA,NA,FALSE,NA,NA,NA,NA
Topography_delta_no_mean_covariates_gaussian,3,allouche_2012,primary,no_mean_covariates,quadratic,3,170,123.32093164519046,m,86.232192573242614,breeding-bird species richness,count,NA,NA,NA,FALSE,NA,NA,NA,NA
Topography_delta_no_mean_covariates_gaussian,3,allouche_2012,primary,no_mean_covariates,quadratic,3,171,124.04685127353802,m,86.215059261298634,breeding-bird species richness,count,NA,NA,NA,FALSE,NA,NA,NA,NA
Topography_delta_no_mean_covariates_gaussian,3,allouche_2012,primary,no_mean_covariates,quadratic,3,172,124.77277090188561,m,86.196877576290206,breeding-bird species richness,count,NA,NA,NA,FALSE,NA,NA,NA,NA
Topography_delta_no_mean_covariates_gaussian,3,allouche_2012,primary,no_mean_covariates,quadratic,3,173,125.49869053023318,m,86.177647518217285,breeding-bird species richness,count,NA,NA,NA,FALSE,NA,NA,NA,NA
Topography_delta_no_mean_covariates_gaussian,3,allouche_2012,primary,no_mean_covariates,quadratic,3,174,126.22461015858075,m,86.157369087079886,breeding-bird species richness,count,NA,NA,NA,FALSE,NA,NA,NA,NA
Topography_delta_no_mean_covariates_gaussian,3,allouche_2012,primary,no_mean_covariates,quadratic,3,175,126.95052978692833,m,86.136042282878009,breeding-bird species richness,count,NA,NA,NA,FALSE,NA,NA,NA,NA
Topography_delta_no_mean_covariates_gaussian,3,allouche_2012,primary,no_mean_covariates,quadratic,3,176,127.6764494152759,m,86.113667105611668,breeding-bird species richness,count,NA,NA,NA,FALSE,NA,NA,NA,NA
Topography_delta_no_mean_covariates_gaussian,3,allouche_2012,primary,no_mean_covariates,quadratic,3,177,128.40236904362348,m,86.090243555280864,breeding-bird species richness,count,NA,NA,NA,FALSE,NA,NA,NA,NA
Topography_delta_no_mean_covariates_gaussian,3,allouche_2012,primary,no_mean_covariates,quadratic,3,178,129.12828867197106,m,86.065771631885568,breeding-bird species richness,count,NA,NA,NA,FALSE,NA,NA,NA,NA
Topography_delta_no_mean_covariates_gaussian,3,allouche_2012,primary,no_mean_covariates,quadratic,3,179,129.85420830031865,m,86.040251335425808,breeding-bird species richness,count,NA,NA,NA,FALSE,NA,NA,NA,NA
Topography_delta_no_mean_covariates_gaussian,3,allouche_2012,primary,no_mean_covariates,quadratic,3,180,130.5801279286662,m,86.01368266590157,breeding-bird species richness,count,NA,NA,NA,FALSE,NA,NA,NA,NA
Topography_delta_no_mean_covariates_gaussian,3,allouche_2012,primary,no_mean_covariates,quadratic,3,181,131.30604755701378,m,85.986065623312868,breeding-bird species richness,count,NA,NA,NA,FALSE,NA,NA,NA,NA
Topography_delta_no_mean_covariates_gaussian,3,allouche_2012,primary,no_mean_covariates,quadratic,3,182,132.03196718536134,m,85.957400207659688,breeding-bird species richness,count,NA,NA,NA,FALSE,NA,NA,NA,NA
Topography_delta_no_mean_covariates_gaussian,3,allouche_2012,primary,no_mean_covariates,quadratic,3,183,132.75788681370892,m,85.927686418942017,breeding-bird species richness,count,NA,NA,NA,FALSE,NA,NA,NA,NA
Topography_delta_no_mean_covariates_gaussian,3,allouche_2012,primary,no_mean_covariates,quadratic,3,184,133.4838064420565,m,85.896924257159881,breeding-bird species richness,count,NA,NA,NA,FALSE,NA,NA,NA,NA
Topography_delta_no_mean_covariates_gaussian,3,allouche_2012,primary,no_mean_covariates,quadratic,3,185,134.20972607040406,m,85.865113722313282,breeding-bird species richness,count,NA,NA,NA,FALSE,NA,NA,NA,NA
Topography_delta_no_mean_covariates_gaussian,3,allouche_2012,primary,no_mean_covariates,quadratic,3,186,134.93564569875164,m,85.832254814402191,breeding-bird species richness,count,NA,NA,NA,FALSE,NA,NA,NA,NA
Topography_delta_no_mean_covariates_gaussian,3,allouche_2012,primary,no_mean_covariates,quadratic,3,187,135.66156532709923,m,85.79834753342665,breeding-bird species richness,count,NA,NA,NA,FALSE,NA,NA,NA,NA
Topography_delta_no_mean_covariates_gaussian,3,allouche_2012,primary,no_mean_covariates,quadratic,3,188,136.38748495544678,m,85.763391879386617,breeding-bird species richness,count,NA,NA,NA,FALSE,NA,NA,NA,NA
Topography_delta_no_mean_covariates_gaussian,3,allouche_2012,primary,no_mean_covariates,quadratic,3,189,137.11340458379436,m,85.727387852282106,breeding-bird species richness,count,NA,NA,NA,FALSE,NA,NA,NA,NA
Topography_delta_no_mean_covariates_gaussian,3,allouche_2012,primary,no_mean_covariates,quadratic,3,190,137.83932421214195,m,85.690335452113132,breeding-bird species richness,count,NA,NA,NA,FALSE,NA,NA,NA,NA
Topography_delta_no_mean_covariates_gaussian,3,allouche_2012,primary,no_mean_covariates,quadratic,3,191,138.5652438404895,m,85.65223467887968,breeding-bird species richness,count,NA,NA,NA,FALSE,NA,NA,NA,NA
Topography_delta_no_mean_covariates_gaussian,3,allouche_2012,primary,no_mean_covariates,quadratic,3,192,139.29116346883708,m,85.613085532581763,breeding-bird species richness,count,NA,NA,NA,FALSE,NA,NA,NA,NA
Topography_delta_no_mean_covariates_gaussian,3,allouche_2012,primary,no_mean_covariates,quadratic,3,193,140.01708309718467,m,85.572888013219355,breeding-bird species richness,count,NA,NA,NA,FALSE,NA,NA,NA,NA
Topography_delta_no_mean_covariates_gaussian,3,allouche_2012,primary,no_mean_covariates,quadratic,3,194,140.74300272553222,m,85.531642120792498,breeding-bird species richness,count,NA,NA,NA,FALSE,NA,NA,NA,NA
Topography_delta_no_mean_covariates_gaussian,3,allouche_2012,primary,no_mean_covariates,quadratic,3,195,141.4689223538798,m,85.489347855301133,breeding-bird species richness,count,NA,NA,NA,FALSE,NA,NA,NA,NA
Topography_delta_no_mean_covariates_gaussian,3,allouche_2012,primary,no_mean_covariates,quadratic,3,196,142.19484198222739,m,85.44600521674532,breeding-bird species richness,count,NA,NA,NA,FALSE,NA,NA,NA,NA
Topography_delta_no_mean_covariates_gaussian,3,allouche_2012,primary,no_mean_covariates,quadratic,3,197,142.92076161057494,m,85.401614205125028,breeding-bird species richness,count,NA,NA,NA,FALSE,NA,NA,NA,NA
Topography_delta_no_mean_covariates_gaussian,3,allouche_2012,primary,no_mean_covariates,quadratic,3,198,143.64668123892253,m,85.356174820440259,breeding-bird species richness,count,NA,NA,NA,FALSE,NA,NA,NA,NA
Topography_delta_no_mean_covariates_gaussian,3,allouche_2012,primary,no_mean_covariates,quadratic,3,199,144.37260086727011,m,85.309687062691012,breeding-bird species richness,count,NA,NA,NA,FALSE,NA,NA,NA,NA
Topography_delta_no_mean_covariates_gaussian,3,allouche_2012,primary,no_mean_covariates,quadratic,3,200,145.09852049561766,m,85.262150931877301,breeding-bird species richness,count,NA,NA,NA,FALSE,NA,NA,NA,NA
Topography_delta_mean_elevation_linear_gaussian,4,allouche_2012,sensitivity,mean_elevation_linear,linear,1,1,0.64051445445055877,m,77.020860882886637,breeding-bird species richness,count,NA,640.37553825272073,NA,FALSE,NA,NA,NA,NA
Topography_delta_mean_elevation_linear_gaussian,4,allouche_2012,sensitivity,mean_elevation_linear,linear,1,2,1.3664340827981323,m,77.079757199628659,breeding-bird species richness,count,NA,640.37553825272073,NA,FALSE,NA,NA,NA,NA
Topography_delta_mean_elevation_linear_gaussian,4,allouche_2012,sensitivity,mean_elevation_linear,linear,1,3,2.0923537111457056,m,77.138653516370695,breeding-bird species richness,count,NA,640.37553825272073,NA,FALSE,NA,NA,NA,NA
Topography_delta_mean_elevation_linear_gaussian,4,allouche_2012,sensitivity,mean_elevation_linear,linear,1,4,2.8182733394932793,m,77.197549833112717,breeding-bird species richness,count,NA,640.37553825272073,NA,FALSE,NA,NA,NA,NA
Topography_delta_mean_elevation_linear_gaussian,4,allouche_2012,sensitivity,mean_elevation_linear,linear,1,5,3.5441929678408526,m,77.256446149854739,breeding-bird species richness,count,NA,640.37553825272073,NA,FALSE,NA,NA,NA,NA
Topography_delta_mean_elevation_linear_gaussian,4,allouche_2012,sensitivity,mean_elevation_linear,linear,1,6,4.2701125961884259,m,77.315342466596775,breeding-bird species richness,count,NA,640.37553825272073,NA,FALSE,NA,NA,NA,NA
Topography_delta_mean_elevation_linear_gaussian,4,allouche_2012,sensitivity,mean_elevation_linear,linear,1,7,4.9960322245359992,m,77.374238783338797,breeding-bird species richness,count,NA,640.37553825272073,NA,FALSE,NA,NA,NA,NA
Topography_delta_mean_elevation_linear_gaussian,4,allouche_2012,sensitivity,mean_elevation_linear,linear,1,8,5.7219518528835724,m,77.433135100080833,breeding-bird species richness,count,NA,640.37553825272073,NA,FALSE,NA,NA,NA,NA
Topography_delta_mean_elevation_linear_gaussian,4,allouche_2012,sensitivity,mean_elevation_linear,linear,1,9,6.4478714812311457,m,77.492031416822854,breeding-bird species richness,count,NA,640.37553825272073,NA,FALSE,NA,NA,NA,NA
Topography_delta_mean_elevation_linear_gaussian,4,allouche_2012,sensitivity,mean_elevation_linear,linear,1,10,7.173791109578719,m,77.550927733564876,breeding-bird species richness,count,NA,640.37553825272073,NA,FALSE,NA,NA,NA,NA
Topography_delta_mean_elevation_linear_gaussian,4,allouche_2012,sensitivity,mean_elevation_linear,linear,1,11,7.8997107379262923,m,77.609824050306912,breeding-bird species richness,count,NA,640.37553825272073,NA,FALSE,NA,NA,NA,NA
Topography_delta_mean_elevation_linear_gaussian,4,allouche_2012,sensitivity,mean_elevation_linear,linear,1,12,8.6256303662738656,m,77.668720367048934,breeding-bird species richness,count,NA,640.37553825272073,NA,FALSE,NA,NA,NA,NA
Topography_delta_mean_elevation_linear_gaussian,4,allouche_2012,sensitivity,mean_elevation_linear,linear,1,13,9.3515499946214398,m,77.72761668379097,breeding-bird species richness,count,NA,640.37553825272073,NA,FALSE,NA,NA,NA,NA
Topography_delta_mean_elevation_linear_gaussian,4,allouche_2012,sensitivity,mean_elevation_linear,linear,1,14,10.077469622969012,m,77.786513000532992,breeding-bird species richness,count,NA,640.37553825272073,NA,FALSE,NA,NA,NA,NA
Topography_delta_mean_elevation_linear_gaussian,4,allouche_2012,sensitivity,mean_elevation_linear,linear,1,15,10.803389251316586,m,77.845409317275028,breeding-bird species richness,count,NA,640.37553825272073,NA,FALSE,NA,NA,NA,NA
Topography_delta_mean_elevation_linear_gaussian,4,allouche_2012,sensitivity,mean_elevation_linear,linear,1,16,11.529308879664159,m,77.904305634017049,breeding-bird species richness,count,NA,640.37553825272073,NA,FALSE,NA,NA,NA,NA
Topography_delta_mean_elevation_linear_gaussian,4,allouche_2012,sensitivity,mean_elevation_linear,linear,1,17,12.255228508011733,m,77.963201950759071,breeding-bird species richness,count,NA,640.37553825272073,NA,FALSE,NA,NA,NA,NA
Topography_delta_mean_elevation_linear_gaussian,4,allouche_2012,sensitivity,mean_elevation_linear,linear,1,18,12.981148136359307,m,78.022098267501107,breeding-bird species richness,count,NA,640.37553825272073,NA,FALSE,NA,NA,NA,NA
Topography_delta_mean_elevation_linear_gaussian,4,allouche_2012,sensitivity,mean_elevation_linear,linear,1,19,13.707067764706879,m,78.080994584243129,breeding-bird species richness,count,NA,640.37553825272073,NA,FALSE,NA,NA,NA,NA
Topography_delta_mean_elevation_linear_gaussian,4,allouche_2012,sensitivity,mean_elevation_linear,linear,1,20,14.432987393054454,m,78.139890900985165,breeding-bird species richness,count,NA,640.37553825272073,NA,FALSE,NA,NA,NA,NA
Topography_delta_mean_elevation_linear_gaussian,4,allouche_2012,sensitivity,mean_elevation_linear,linear,1,21,15.158907021402026,m,78.198787217727187,breeding-bird species richness,count,NA,640.37553825272073,NA,FALSE,NA,NA,NA,NA
Topography_delta_mean_elevation_linear_gaussian,4,allouche_2012,sensitivity,mean_elevation_linear,linear,1,22,15.8848266497496,m,78.257683534469209,breeding-bird species richness,count,NA,640.37553825272073,NA,FALSE,NA,NA,NA,NA
Topography_delta_mean_elevation_linear_gaussian,4,allouche_2012,sensitivity,mean_elevation_linear,linear,1,23,16.610746278097174,m,78.316579851211245,breeding-bird species richness,count,NA,640.37553825272073,NA,FALSE,NA,NA,NA,NA
Topography_delta_mean_elevation_linear_gaussian,4,allouche_2012,sensitivity,mean_elevation_linear,linear,1,24,17.336665906444747,m,78.375476167953266,breeding-bird species richness,count,NA,640.37553825272073,NA,FALSE,NA,NA,NA,NA
Topography_delta_mean_elevation_linear_gaussian,4,allouche_2012,sensitivity,mean_elevation_linear,linear,1,25,18.062585534792323,m,78.434372484695302,breeding-bird species richness,count,NA,640.37553825272073,NA,FALSE,NA,NA,NA,NA
Topography_delta_mean_elevation_linear_gaussian,4,allouche_2012,sensitivity,mean_elevation_linear,linear,1,26,18.788505163139895,m,78.493268801437324,breeding-bird species richness,count,NA,640.37553825272073,NA,FALSE,NA,NA,NA,NA
Topography_delta_mean_elevation_linear_gaussian,4,allouche_2012,sensitivity,mean_elevation_linear,linear,1,27,19.514424791487468,m,78.552165118179346,breeding-bird species richness,count,NA,640.37553825272073,NA,FALSE,NA,NA,NA,NA
Topography_delta_mean_elevation_linear_gaussian,4,allouche_2012,sensitivity,mean_elevation_linear,linear,1,28,20.240344419835044,m,78.611061434921382,breeding-bird species richness,count,NA,640.37553825272073,NA,FALSE,NA,NA,NA,NA
Topography_delta_mean_elevation_linear_gaussian,4,allouche_2012,sensitivity,mean_elevation_linear,linear,1,29,20.966264048182616,m,78.669957751663404,breeding-bird species richness,count,NA,640.37553825272073,NA,FALSE,NA,NA,NA,NA
Topography_delta_mean_elevation_linear_gaussian,4,allouche_2012,sensitivity,mean_elevation_linear,linear,1,30,21.692183676530188,m,78.72885406840544,breeding-bird species richness,count,NA,640.37553825272073,NA,FALSE,NA,NA,NA,NA
Topography_delta_mean_elevation_linear_gaussian,4,allouche_2012,sensitivity,mean_elevation_linear,linear,1,31,22.418103304877761,m,78.787750385147461,breeding-bird species richness,count,NA,640.37553825272073,NA,FALSE,NA,NA,NA,NA
Topography_delta_mean_elevation_linear_gaussian,4,allouche_2012,sensitivity,mean_elevation_linear,linear,1,32,23.144022933225337,m,78.846646701889497,breeding-bird species richness,count,NA,640.37553825272073,NA,FALSE,NA,NA,NA,NA
Topography_delta_mean_elevation_linear_gaussian,4,allouche_2012,sensitivity,mean_elevation_linear,linear,1,33,23.869942561572909,m,78.905543018631519,breeding-bird species richness,count,NA,640.37553825272073,NA,FALSE,NA,NA,NA,NA
Topography_delta_mean_elevation_linear_gaussian,4,allouche_2012,sensitivity,mean_elevation_linear,linear,1,34,24.595862189920481,m,78.964439335373541,breeding-bird species richness,count,NA,640.37553825272073,NA,FALSE,NA,NA,NA,NA
Topography_delta_mean_elevation_linear_gaussian,4,allouche_2012,sensitivity,mean_elevation_linear,linear,1,35,25.321781818268057,m,79.023335652115577,breeding-bird species richness,count,NA,640.37553825272073,NA,FALSE,NA,NA,NA,NA
Topography_delta_mean_elevation_linear_gaussian,4,allouche_2012,sensitivity,mean_elevation_linear,linear,1,36,26.04770144661563,m,79.082231968857599,breeding-bird species richness,count,NA,640.37553825272073,NA,FALSE,NA,NA,NA,NA
Topography_delta_mean_elevation_linear_gaussian,4,allouche_2012,sensitivity,mean_elevation_linear,linear,1,37,26.773621074963202,m,79.141128285599635,breeding-bird species richness,count,NA,640.37553825272073,NA,FALSE,NA,NA,NA,NA
Topography_delta_mean_elevation_linear_gaussian,4,allouche_2012,sensitivity,mean_elevation_linear,linear,1,38,27.499540703310775,m,79.200024602341657,breeding-bird species richness,count,NA,640.37553825272073,NA,FALSE,NA,NA,NA,NA
Topography_delta_mean_elevation_linear_gaussian,4,allouche_2012,sensitivity,mean_elevation_linear,linear,1,39,28.225460331658351,m,79.258920919083678,breeding-bird species richness,count,NA,640.37553825272073,NA,FALSE,NA,NA,NA,NA
Topography_delta_mean_elevation_linear_gaussian,4,allouche_2012,sensitivity,mean_elevation_linear,linear,1,40,28.951379960005923,m,79.317817235825714,breeding-bird species richness,count,NA,640.37553825272073,NA,FALSE,NA,NA,NA,NA
Topography_delta_mean_elevation_linear_gaussian,4,allouche_2012,sensitivity,mean_elevation_linear,linear,1,41,29.677299588353495,m,79.376713552567736,breeding-bird species richness,count,NA,640.37553825272073,NA,FALSE,NA,NA,NA,NA
Topography_delta_mean_elevation_linear_gaussian,4,allouche_2012,sensitivity,mean_elevation_linear,linear,1,42,30.403219216701071,m,79.435609869309772,breeding-bird species richness,count,NA,640.37553825272073,NA,FALSE,NA,NA,NA,NA
Topography_delta_mean_elevation_linear_gaussian,4,allouche_2012,sensitivity,mean_elevation_linear,linear,1,43,31.129138845048644,m,79.494506186051794,breeding-bird species richness,count,NA,640.37553825272073,NA,FALSE,NA,NA,NA,NA
Topography_delta_mean_elevation_linear_gaussian,4,allouche_2012,sensitivity,mean_elevation_linear,linear,1,44,31.855058473396216,m,79.55340250279383,breeding-bird species richness,count,NA,640.37553825272073,NA,FALSE,NA,NA,NA,NA
Topography_delta_mean_elevation_linear_gaussian,4,allouche_2012,sensitivity,mean_elevation_linear,linear,1,45,32.580978101743788,m,79.612298819535852,breeding-bird species richness,count,NA,640.37553825272073,NA,FALSE,NA,NA,NA,NA
Topography_delta_mean_elevation_linear_gaussian,4,allouche_2012,sensitivity,mean_elevation_linear,linear,1,46,33.306897730091364,m,79.671195136277873,breeding-bird species richness,count,NA,640.37553825272073,NA,FALSE,NA,NA,NA,NA
Topography_delta_mean_elevation_linear_gaussian,4,allouche_2012,sensitivity,mean_elevation_linear,linear,1,47,34.032817358438933,m,79.730091453019909,breeding-bird species richness,count,NA,640.37553825272073,NA,FALSE,NA,NA,NA,NA
Topography_delta_mean_elevation_linear_gaussian,4,allouche_2012,sensitivity,mean_elevation_linear,linear,1,48,34.758736986786509,m,79.788987769761931,breeding-bird species richness,count,NA,640.37553825272073,NA,FALSE,NA,NA,NA,NA
Topography_delta_mean_elevation_linear_gaussian,4,allouche_2012,sensitivity,mean_elevation_linear,linear,1,49,35.484656615134085,m,79.847884086503967,breeding-bird species richness,count,NA,640.37553825272073,NA,FALSE,NA,NA,NA,NA
Topography_delta_mean_elevation_linear_gaussian,4,allouche_2012,sensitivity,mean_elevation_linear,linear,1,50,36.210576243481654,m,79.906780403245989,breeding-bird species richness,count,NA,640.37553825272073,NA,FALSE,NA,NA,NA,NA
Topography_delta_mean_elevation_linear_gaussian,4,allouche_2012,sensitivity,mean_elevation_linear,linear,1,51,36.93649587182923,m,79.965676719988011,breeding-bird species richness,count,NA,640.37553825272073,NA,FALSE,NA,NA,NA,NA
Topography_delta_mean_elevation_linear_gaussian,4,allouche_2012,sensitivity,mean_elevation_linear,linear,1,52,37.662415500176806,m,80.024573036730047,breeding-bird species richness,count,NA,640.37553825272073,NA,FALSE,NA,NA,NA,NA
Topography_delta_mean_elevation_linear_gaussian,4,allouche_2012,sensitivity,mean_elevation_linear,linear,1,53,38.388335128524375,m,80.083469353472069,breeding-bird species richness,count,NA,640.37553825272073,NA,FALSE,NA,NA,NA,NA
Topography_delta_mean_elevation_linear_gaussian,4,allouche_2012,sensitivity,mean_elevation_linear,linear,1,54,39.114254756871951,m,80.142365670214105,breeding-bird species richness,count,NA,640.37553825272073,NA,FALSE,NA,NA,NA,NA
Topography_delta_mean_elevation_linear_gaussian,4,allouche_2012,sensitivity,mean_elevation_linear,linear,1,55,39.840174385219527,m,80.201261986956126,breeding-bird species richness,count,NA,640.37553825272073,NA,FALSE,NA,NA,NA,NA
Topography_delta_mean_elevation_linear_gaussian,4,allouche_2012,sensitivity,mean_elevation_linear,linear,1,56,40.566094013567096,m,80.260158303698148,breeding-bird species richness,count,NA,640.37553825272073,NA,FALSE,NA,NA,NA,NA
Topography_delta_mean_elevation_linear_gaussian,4,allouche_2012,sensitivity,mean_elevation_linear,linear,1,57,41.292013641914671,m,80.319054620440184,breeding-bird species richness,count,NA,640.37553825272073,NA,FALSE,NA,NA,NA,NA
Topography_delta_mean_elevation_linear_gaussian,4,allouche_2012,sensitivity,mean_elevation_linear,linear,1,58,42.017933270262247,m,80.377950937182206,breeding-bird species richness,count,NA,640.37553825272073,NA,FALSE,NA,NA,NA,NA
Topography_delta_mean_elevation_linear_gaussian,4,allouche_2012,sensitivity,mean_elevation_linear,linear,1,59,42.743852898609816,m,80.436847253924242,breeding-bird species richness,count,NA,640.37553825272073,NA,FALSE,NA,NA,NA,NA
Topography_delta_mean_elevation_linear_gaussian,4,allouche_2012,sensitivity,mean_elevation_linear,linear,1,60,43.469772526957392,m,80.495743570666264,breeding-bird species richness,count,NA,640.37553825272073,NA,FALSE,NA,NA,NA,NA
Topography_delta_mean_elevation_linear_gaussian,4,allouche_2012,sensitivity,mean_elevation_linear,linear,1,61,44.195692155304961,m,80.5546398874083,breeding-bird species richness,count,NA,640.37553825272073,NA,FALSE,NA,NA,NA,NA
Topography_delta_mean_elevation_linear_gaussian,4,allouche_2012,sensitivity,mean_elevation_linear,linear,1,62,44.921611783652537,m,80.613536204150321,breeding-bird species richness,count,NA,640.37553825272073,NA,FALSE,NA,NA,NA,NA
Topography_delta_mean_elevation_linear_gaussian,4,allouche_2012,sensitivity,mean_elevation_linear,linear,1,63,45.647531412000113,m,80.672432520892343,breeding-bird species richness,count,NA,640.37553825272073,NA,FALSE,NA,NA,NA,NA
Topography_delta_mean_elevation_linear_gaussian,4,allouche_2012,sensitivity,mean_elevation_linear,linear,1,64,46.373451040347682,m,80.731328837634379,breeding-bird species richness,count,NA,640.37553825272073,NA,FALSE,NA,NA,NA,NA
Topography_delta_mean_elevation_linear_gaussian,4,allouche_2012,sensitivity,mean_elevation_linear,linear,1,65,47.099370668695258,m,80.790225154376401,breeding-bird species richness,count,NA,640.37553825272073,NA,FALSE,NA,NA,NA,NA
Topography_delta_mean_elevation_linear_gaussian,4,allouche_2012,sensitivity,mean_elevation_linear,linear,1,66,47.825290297042834,m,80.849121471118437,breeding-bird species richness,count,NA,640.37553825272073,NA,FALSE,NA,NA,NA,NA
Topography_delta_mean_elevation_linear_gaussian,4,allouche_2012,sensitivity,mean_elevation_linear,linear,1,67,48.551209925390403,m,80.908017787860459,breeding-bird species richness,count,NA,640.37553825272073,NA,FALSE,NA,NA,NA,NA
Topography_delta_mean_elevation_linear_gaussian,4,allouche_2012,sensitivity,mean_elevation_linear,linear,1,68,49.277129553737979,m,80.966914104602481,breeding-bird species richness,count,NA,640.37553825272073,NA,FALSE,NA,NA,NA,NA
Topography_delta_mean_elevation_linear_gaussian,4,allouche_2012,sensitivity,mean_elevation_linear,linear,1,69,50.003049182085554,m,81.025810421344516,breeding-bird species richness,count,NA,640.37553825272073,NA,FALSE,NA,NA,NA,NA
Topography_delta_mean_elevation_linear_gaussian,4,allouche_2012,sensitivity,mean_elevation_linear,linear,1,70,50.728968810433123,m,81.084706738086538,breeding-bird species richness,count,NA,640.37553825272073,NA,FALSE,NA,NA,NA,NA
Topography_delta_mean_elevation_linear_gaussian,4,allouche_2012,sensitivity,mean_elevation_linear,linear,1,71,51.454888438780699,m,81.143603054828574,breeding-bird species richness,count,NA,640.37553825272073,NA,FALSE,NA,NA,NA,NA
Topography_delta_mean_elevation_linear_gaussian,4,allouche_2012,sensitivity,mean_elevation_linear,linear,1,72,52.180808067128268,m,81.202499371570596,breeding-bird species richness,count,NA,640.37553825272073,NA,FALSE,NA,NA,NA,NA
Topography_delta_mean_elevation_linear_gaussian,4,allouche_2012,sensitivity,mean_elevation_linear,linear,1,73,52.906727695475844,m,81.261395688312618,breeding-bird species richness,count,NA,640.37553825272073,NA,FALSE,NA,NA,NA,NA
Topography_delta_mean_elevation_linear_gaussian,4,allouche_2012,sensitivity,mean_elevation_linear,linear,1,74,53.63264732382342,m,81.320292005054654,breeding-bird species richness,count,NA,640.37553825272073,NA,FALSE,NA,NA,NA,NA
Topography_delta_mean_elevation_linear_gaussian,4,allouche_2012,sensitivity,mean_elevation_linear,linear,1,75,54.358566952170989,m,81.379188321796676,breeding-bird species richness,count,NA,640.37553825272073,NA,FALSE,NA,NA,NA,NA
Topography_delta_mean_elevation_linear_gaussian,4,allouche_2012,sensitivity,mean_elevation_linear,linear,1,76,55.084486580518565,m,81.438084638538712,breeding-bird species richness,count,NA,640.37553825272073,NA,FALSE,NA,NA,NA,NA
Topography_delta_mean_elevation_linear_gaussian,4,allouche_2012,sensitivity,mean_elevation_linear,linear,1,77,55.810406208866141,m,81.496980955280733,breeding-bird species richness,count,NA,640.37553825272073,NA,FALSE,NA,NA,NA,NA
Topography_delta_mean_elevation_linear_gaussian,4,allouche_2012,sensitivity,mean_elevation_linear,linear,1,78,56.53632583721371,m,81.555877272022769,breeding-bird species richness,count,NA,640.37553825272073,NA,FALSE,NA,NA,NA,NA
Topography_delta_mean_elevation_linear_gaussian,4,allouche_2012,sensitivity,mean_elevation_linear,linear,1,79,57.262245465561286,m,81.614773588764791,breeding-bird species richness,count,NA,640.37553825272073,NA,FALSE,NA,NA,NA,NA
Topography_delta_mean_elevation_linear_gaussian,4,allouche_2012,sensitivity,mean_elevation_linear,linear,1,80,57.988165093908862,m,81.673669905506813,breeding-bird species richness,count,NA,640.37553825272073,NA,FALSE,NA,NA,NA,NA
Topography_delta_mean_elevation_linear_gaussian,4,allouche_2012,sensitivity,mean_elevation_linear,linear,1,81,58.71408472225643,m,81.732566222248849,breeding-bird species richness,count,NA,640.37553825272073,NA,FALSE,NA,NA,NA,NA
Topography_delta_mean_elevation_linear_gaussian,4,allouche_2012,sensitivity,mean_elevation_linear,linear,1,82,59.440004350604006,m,81.791462538990871,breeding-bird species richness,count,NA,640.37553825272073,NA,FALSE,NA,NA,NA,NA
Topography_delta_mean_elevation_linear_gaussian,4,allouche_2012,sensitivity,mean_elevation_linear,linear,1,83,60.165923978951582,m,81.850358855732907,breeding-bird species richness,count,NA,640.37553825272073,NA,FALSE,NA,NA,NA,NA
Topography_delta_mean_elevation_linear_gaussian,4,allouche_2012,sensitivity,mean_elevation_linear,linear,1,84,60.891843607299151,m,81.909255172474928,breeding-bird species richness,count,NA,640.37553825272073,NA,FALSE,NA,NA,NA,NA
Topography_delta_mean_elevation_linear_gaussian,4,allouche_2012,sensitivity,mean_elevation_linear,linear,1,85,61.617763235646727,m,81.96815148921695,breeding-bird species richness,count,NA,640.37553825272073,NA,FALSE,NA,NA,NA,NA
Topography_delta_mean_elevation_linear_gaussian,4,allouche_2012,sensitivity,mean_elevation_linear,linear,1,86,62.343682863994296,m,82.027047805958986,breeding-bird species richness,count,NA,640.37553825272073,NA,FALSE,NA,NA,NA,NA
Topography_delta_mean_elevation_linear_gaussian,4,allouche_2012,sensitivity,mean_elevation_linear,linear,1,87,63.069602492341872,m,82.085944122701008,breeding-bird species richness,count,NA,640.37553825272073,NA,FALSE,NA,NA,NA,NA
Topography_delta_mean_elevation_linear_gaussian,4,allouche_2012,sensitivity,mean_elevation_linear,linear,1,88,63.795522120689448,m,82.144840439443044,breeding-bird species richness,count,NA,640.37553825272073,NA,FALSE,NA,NA,NA,NA
Topography_delta_mean_elevation_linear_gaussian,4,allouche_2012,sensitivity,mean_elevation_linear,linear,1,89,64.52144174903701,m,82.203736756185066,breeding-bird species richness,count,NA,640.37553825272073,NA,FALSE,NA,NA,NA,NA
Topography_delta_mean_elevation_linear_gaussian,4,allouche_2012,sensitivity,mean_elevation_linear,linear,1,90,65.247361377384593,m,82.262633072927088,breeding-bird species richness,count,NA,640.37553825272073,NA,FALSE,NA,NA,NA,NA
Topography_delta_mean_elevation_linear_gaussian,4,allouche_2012,sensitivity,mean_elevation_linear,linear,1,91,65.973281005732161,m,82.321529389669124,breeding-bird species richness,count,NA,640.37553825272073,NA,FALSE,NA,NA,NA,NA
Topography_delta_mean_elevation_linear_gaussian,4,allouche_2012,sensitivity,mean_elevation_linear,linear,1,92,66.69920063407973,m,82.380425706411145,breeding-bird species richness,count,NA,640.37553825272073,NA,FALSE,NA,NA,NA,NA
Topography_delta_mean_elevation_linear_gaussian,4,allouche_2012,sensitivity,mean_elevation_linear,linear,1,93,67.425120262427299,m,82.439322023153181,breeding-bird species richness,count,NA,640.37553825272073,NA,FALSE,NA,NA,NA,NA
Topography_delta_mean_elevation_linear_gaussian,4,allouche_2012,sensitivity,mean_elevation_linear,linear,1,94,68.151039890774882,m,82.498218339895203,breeding-bird species richness,count,NA,640.37553825272073,NA,FALSE,NA,NA,NA,NA
Topography_delta_mean_elevation_linear_gaussian,4,allouche_2012,sensitivity,mean_elevation_linear,linear,1,95,68.876959519122451,m,82.557114656637239,breeding-bird species richness,count,NA,640.37553825272073,NA,FALSE,NA,NA,NA,NA
Topography_delta_mean_elevation_linear_gaussian,4,allouche_2012,sensitivity,mean_elevation_linear,linear,1,96,69.60287914747002,m,82.616010973379261,breeding-bird species richness,count,NA,640.37553825272073,NA,FALSE,NA,NA,NA,NA
Topography_delta_mean_elevation_linear_gaussian,4,allouche_2012,sensitivity,mean_elevation_linear,linear,1,97,70.328798775817603,m,82.674907290121283,breeding-bird species richness,count,NA,640.37553825272073,NA,FALSE,NA,NA,NA,NA
Topography_delta_mean_elevation_linear_gaussian,4,allouche_2012,sensitivity,mean_elevation_linear,linear,1,98,71.054718404165172,m,82.733803606863319,breeding-bird species richness,count,NA,640.37553825272073,NA,FALSE,NA,NA,NA,NA
Topography_delta_mean_elevation_linear_gaussian,4,allouche_2012,sensitivity,mean_elevation_linear,linear,1,99,71.780638032512741,m,82.79269992360534,breeding-bird species richness,count,NA,640.37553825272073,NA,FALSE,NA,NA,NA,NA
Topography_delta_mean_elevation_linear_gaussian,4,allouche_2012,sensitivity,mean_elevation_linear,linear,1,100,72.506557660860324,m,82.851596240347376,breeding-bird species richness,count,NA,640.37553825272073,NA,FALSE,NA,NA,NA,NA
Topography_delta_mean_elevation_linear_gaussian,4,allouche_2012,sensitivity,mean_elevation_linear,linear,1,101,73.232477289207893,m,82.910492557089398,breeding-bird species richness,count,NA,640.37553825272073,NA,FALSE,NA,NA,NA,NA
Topography_delta_mean_elevation_linear_gaussian,4,allouche_2012,sensitivity,mean_elevation_linear,linear,1,102,73.958396917555461,m,82.96938887383142,breeding-bird species richness,count,NA,640.37553825272073,NA,FALSE,NA,NA,NA,NA
Topography_delta_mean_elevation_linear_gaussian,4,allouche_2012,sensitivity,mean_elevation_linear,linear,1,103,74.684316545903044,m,83.028285190573456,breeding-bird species richness,count,NA,640.37553825272073,NA,FALSE,NA,NA,NA,NA
Topography_delta_mean_elevation_linear_gaussian,4,allouche_2012,sensitivity,mean_elevation_linear,linear,1,104,75.410236174250613,m,83.087181507315478,breeding-bird species richness,count,NA,640.37553825272073,NA,FALSE,NA,NA,NA,NA
Topography_delta_mean_elevation_linear_gaussian,4,allouche_2012,sensitivity,mean_elevation_linear,linear,1,105,76.136155802598182,m,83.146077824057514,breeding-bird species richness,count,NA,640.37553825272073,NA,FALSE,NA,NA,NA,NA
Topography_delta_mean_elevation_linear_gaussian,4,allouche_2012,sensitivity,mean_elevation_linear,linear,1,106,76.862075430945765,m,83.204974140799536,breeding-bird species richness,count,NA,640.37553825272073,NA,FALSE,NA,NA,NA,NA
Topography_delta_mean_elevation_linear_gaussian,4,allouche_2012,sensitivity,mean_elevation_linear,linear,1,107,77.587995059293334,m,83.263870457541557,breeding-bird species richness,count,NA,640.37553825272073,NA,FALSE,NA,NA,NA,NA
Topography_delta_mean_elevation_linear_gaussian,4,allouche_2012,sensitivity,mean_elevation_linear,linear,1,108,78.313914687640903,m,83.322766774283593,breeding-bird species richness,count,NA,640.37553825272073,NA,FALSE,NA,NA,NA,NA
Topography_delta_mean_elevation_linear_gaussian,4,allouche_2012,sensitivity,mean_elevation_linear,linear,1,109,79.039834315988486,m,83.381663091025615,breeding-bird species richness,count,NA,640.37553825272073,NA,FALSE,NA,NA,NA,NA
Topography_delta_mean_elevation_linear_gaussian,4,allouche_2012,sensitivity,mean_elevation_linear,linear,1,110,79.765753944336055,m,83.440559407767651,breeding-bird species richness,count,NA,640.37553825272073,NA,FALSE,NA,NA,NA,NA
Topography_delta_mean_elevation_linear_gaussian,4,allouche_2012,sensitivity,mean_elevation_linear,linear,1,111,80.491673572683624,m,83.499455724509673,breeding-bird species richness,count,NA,640.37553825272073,NA,FALSE,NA,NA,NA,NA
Topography_delta_mean_elevation_linear_gaussian,4,allouche_2012,sensitivity,mean_elevation_linear,linear,1,112,81.217593201031207,m,83.558352041251709,breeding-bird species richness,count,NA,640.37553825272073,NA,FALSE,NA,NA,NA,NA
Topography_delta_mean_elevation_linear_gaussian,4,allouche_2012,sensitivity,mean_elevation_linear,linear,1,113,81.943512829378776,m,83.617248357993731,breeding-bird species richness,count,NA,640.37553825272073,NA,FALSE,NA,NA,NA,NA
Topography_delta_mean_elevation_linear_gaussian,4,allouche_2012,sensitivity,mean_elevation_linear,linear,1,114,82.669432457726344,m,83.676144674735752,breeding-bird species richness,count,NA,640.37553825272073,NA,FALSE,NA,NA,NA,NA
Topography_delta_mean_elevation_linear_gaussian,4,allouche_2012,sensitivity,mean_elevation_linear,linear,1,115,83.395352086073927,m,83.735040991477788,breeding-bird species richness,count,NA,640.37553825272073,NA,FALSE,NA,NA,NA,NA
Topography_delta_mean_elevation_linear_gaussian,4,allouche_2012,sensitivity,mean_elevation_linear,linear,1,116,84.121271714421496,m,83.79393730821981,breeding-bird species richness,count,NA,640.37553825272073,NA,FALSE,NA,NA,NA,NA
Topography_delta_mean_elevation_linear_gaussian,4,allouche_2012,sensitivity,mean_elevation_linear,linear,1,117,84.847191342769065,m,83.852833624961846,breeding-bird species richness,count,NA,640.37553825272073,NA,FALSE,NA,NA,NA,NA
Topography_delta_mean_elevation_linear_gaussian,4,allouche_2012,sensitivity,mean_elevation_linear,linear,1,118,85.573110971116634,m,83.911729941703868,breeding-bird species richness,count,NA,640.37553825272073,NA,FALSE,NA,NA,NA,NA
Topography_delta_mean_elevation_linear_gaussian,4,allouche_2012,sensitivity,mean_elevation_linear,linear,1,119,86.299030599464217,m,83.97062625844589,breeding-bird species richness,count,NA,640.37553825272073,NA,FALSE,NA,NA,NA,NA
Topography_delta_mean_elevation_linear_gaussian,4,allouche_2012,sensitivity,mean_elevation_linear,linear,1,120,87.024950227811786,m,84.029522575187926,breeding-bird species richness,count,NA,640.37553825272073,NA,FALSE,NA,NA,NA,NA
Topography_delta_mean_elevation_linear_gaussian,4,allouche_2012,sensitivity,mean_elevation_linear,linear,1,121,87.750869856159355,m,84.088418891929948,breeding-bird species richness,count,NA,640.37553825272073,NA,FALSE,NA,NA,NA,NA
Topography_delta_mean_elevation_linear_gaussian,4,allouche_2012,sensitivity,mean_elevation_linear,linear,1,122,88.476789484506938,m,84.147315208671984,breeding-bird species richness,count,NA,640.37553825272073,NA,FALSE,NA,NA,NA,NA
Topography_delta_mean_elevation_linear_gaussian,4,allouche_2012,sensitivity,mean_elevation_linear,linear,1,123,89.202709112854507,m,84.206211525414005,breeding-bird species richness,count,NA,640.37553825272073,NA,FALSE,NA,NA,NA,NA
Topography_delta_mean_elevation_linear_gaussian,4,allouche_2012,sensitivity,mean_elevation_linear,linear,1,124,89.928628741202076,m,84.265107842156027,breeding-bird species richness,count,NA,640.37553825272073,NA,FALSE,NA,NA,NA,NA
Topography_delta_mean_elevation_linear_gaussian,4,allouche_2012,sensitivity,mean_elevation_linear,linear,1,125,90.654548369549659,m,84.324004158898063,breeding-bird species richness,count,NA,640.37553825272073,NA,FALSE,NA,NA,NA,NA
Topography_delta_mean_elevation_linear_gaussian,4,allouche_2012,sensitivity,mean_elevation_linear,linear,1,126,91.380467997897227,m,84.382900475640085,breeding-bird species richness,count,NA,640.37553825272073,NA,FALSE,NA,NA,NA,NA
Topography_delta_mean_elevation_linear_gaussian,4,allouche_2012,sensitivity,mean_elevation_linear,linear,1,127,92.106387626244796,m,84.441796792382121,breeding-bird species richness,count,NA,640.37553825272073,NA,FALSE,NA,NA,NA,NA
Topography_delta_mean_elevation_linear_gaussian,4,allouche_2012,sensitivity,mean_elevation_linear,linear,1,128,92.832307254592379,m,84.500693109124143,breeding-bird species richness,count,NA,640.37553825272073,NA,FALSE,NA,NA,NA,NA
Topography_delta_mean_elevation_linear_gaussian,4,allouche_2012,sensitivity,mean_elevation_linear,linear,1,129,93.558226882939948,m,84.559589425866179,breeding-bird species richness,count,NA,640.37553825272073,NA,FALSE,NA,NA,NA,NA
Topography_delta_mean_elevation_linear_gaussian,4,allouche_2012,sensitivity,mean_elevation_linear,linear,1,130,94.284146511287517,m,84.6184857426082,breeding-bird species richness,count,NA,640.37553825272073,NA,FALSE,NA,NA,NA,NA
Topography_delta_mean_elevation_linear_gaussian,4,allouche_2012,sensitivity,mean_elevation_linear,linear,1,131,95.0100661396351,m,84.677382059350222,breeding-bird species richness,count,NA,640.37553825272073,NA,FALSE,NA,NA,NA,NA
Topography_delta_mean_elevation_linear_gaussian,4,allouche_2012,sensitivity,mean_elevation_linear,linear,1,132,95.735985767982669,m,84.736278376092258,breeding-bird species richness,count,NA,640.37553825272073,NA,FALSE,NA,NA,NA,NA
Topography_delta_mean_elevation_linear_gaussian,4,allouche_2012,sensitivity,mean_elevation_linear,linear,1,133,96.461905396330238,m,84.79517469283428,breeding-bird species richness,count,NA,640.37553825272073,NA,FALSE,NA,NA,NA,NA
Topography_delta_mean_elevation_linear_gaussian,4,allouche_2012,sensitivity,mean_elevation_linear,linear,1,134,97.187825024677821,m,84.854071009576316,breeding-bird species richness,count,NA,640.37553825272073,NA,FALSE,NA,NA,NA,NA
Topography_delta_mean_elevation_linear_gaussian,4,allouche_2012,sensitivity,mean_elevation_linear,linear,1,135,97.91374465302539,m,84.912967326318338,breeding-bird species richness,count,NA,640.37553825272073,NA,FALSE,NA,NA,NA,NA
Topography_delta_mean_elevation_linear_gaussian,4,allouche_2012,sensitivity,mean_elevation_linear,linear,1,136,98.639664281372958,m,84.97186364306036,breeding-bird species richness,count,NA,640.37553825272073,NA,FALSE,NA,NA,NA,NA
Topography_delta_mean_elevation_linear_gaussian,4,allouche_2012,sensitivity,mean_elevation_linear,linear,1,137,99.365583909720542,m,85.030759959802396,breeding-bird species richness,count,NA,640.37553825272073,NA,FALSE,NA,NA,NA,NA
Topography_delta_mean_elevation_linear_gaussian,4,allouche_2012,sensitivity,mean_elevation_linear,linear,1,138,100.09150353806811,m,85.089656276544417,breeding-bird species richness,count,NA,640.37553825272073,NA,FALSE,NA,NA,NA,NA
Topography_delta_mean_elevation_linear_gaussian,4,allouche_2012,sensitivity,mean_elevation_linear,linear,1,139,100.81742316641568,m,85.148552593286453,breeding-bird species richness,count,NA,640.37553825272073,NA,FALSE,NA,NA,NA,NA
Topography_delta_mean_elevation_linear_gaussian,4,allouche_2012,sensitivity,mean_elevation_linear,linear,1,140,101.54334279476326,m,85.207448910028475,breeding-bird species richness,count,NA,640.37553825272073,NA,FALSE,NA,NA,NA,NA
Topography_delta_mean_elevation_linear_gaussian,4,allouche_2012,sensitivity,mean_elevation_linear,linear,1,141,102.26926242311083,m,85.266345226770511,breeding-bird species richness,count,NA,640.37553825272073,NA,FALSE,NA,NA,NA,NA
Topography_delta_mean_elevation_linear_gaussian,4,allouche_2012,sensitivity,mean_elevation_linear,linear,1,142,102.9951820514584,m,85.325241543512533,breeding-bird species richness,count,NA,640.37553825272073,NA,FALSE,NA,NA,NA,NA
Topography_delta_mean_elevation_linear_gaussian,4,allouche_2012,sensitivity,mean_elevation_linear,linear,1,143,103.72110167980597,m,85.384137860254555,breeding-bird species richness,count,NA,640.37553825272073,NA,FALSE,NA,NA,NA,NA
Topography_delta_mean_elevation_linear_gaussian,4,allouche_2012,sensitivity,mean_elevation_linear,linear,1,144,104.44702130815355,m,85.443034176996591,breeding-bird species richness,count,NA,640.37553825272073,NA,FALSE,NA,NA,NA,NA
Topography_delta_mean_elevation_linear_gaussian,4,allouche_2012,sensitivity,mean_elevation_linear,linear,1,145,105.17294093650112,m,85.501930493738612,breeding-bird species richness,count,NA,640.37553825272073,NA,FALSE,NA,NA,NA,NA
Topography_delta_mean_elevation_linear_gaussian,4,allouche_2012,sensitivity,mean_elevation_linear,linear,1,146,105.89886056484869,m,85.560826810480648,breeding-bird species richness,count,NA,640.37553825272073,NA,FALSE,NA,NA,NA,NA
Topography_delta_mean_elevation_linear_gaussian,4,allouche_2012,sensitivity,mean_elevation_linear,linear,1,147,106.62478019319627,m,85.61972312722267,breeding-bird species richness,count,NA,640.37553825272073,NA,FALSE,NA,NA,NA,NA
Topography_delta_mean_elevation_linear_gaussian,4,allouche_2012,sensitivity,mean_elevation_linear,linear,1,148,107.35069982154384,m,85.678619443964692,breeding-bird species richness,count,NA,640.37553825272073,NA,FALSE,NA,NA,NA,NA
Topography_delta_mean_elevation_linear_gaussian,4,allouche_2012,sensitivity,mean_elevation_linear,linear,1,149,108.07661944989141,m,85.737515760706728,breeding-bird species richness,count,NA,640.37553825272073,NA,FALSE,NA,NA,NA,NA
Topography_delta_mean_elevation_linear_gaussian,4,allouche_2012,sensitivity,mean_elevation_linear,linear,1,150,108.80253907823899,m,85.79641207744875,breeding-bird species richness,count,NA,640.37553825272073,NA,FALSE,NA,NA,NA,NA
Topography_delta_mean_elevation_linear_gaussian,4,allouche_2012,sensitivity,mean_elevation_linear,linear,1,151,109.52845870658656,m,85.855308394190786,breeding-bird species richness,count,NA,640.37553825272073,NA,FALSE,NA,NA,NA,NA
Topography_delta_mean_elevation_linear_gaussian,4,allouche_2012,sensitivity,mean_elevation_linear,linear,1,152,110.25437833493413,m,85.914204710932808,breeding-bird species richness,count,NA,640.37553825272073,NA,FALSE,NA,NA,NA,NA
Topography_delta_mean_elevation_linear_gaussian,4,allouche_2012,sensitivity,mean_elevation_linear,linear,1,153,110.98029796328171,m,85.973101027674829,breeding-bird species richness,count,NA,640.37553825272073,NA,FALSE,NA,NA,NA,NA
Topography_delta_mean_elevation_linear_gaussian,4,allouche_2012,sensitivity,mean_elevation_linear,linear,1,154,111.70621759162928,m,86.031997344416865,breeding-bird species richness,count,NA,640.37553825272073,NA,FALSE,NA,NA,NA,NA
Topography_delta_mean_elevation_linear_gaussian,4,allouche_2012,sensitivity,mean_elevation_linear,linear,1,155,112.43213721997685,m,86.090893661158887,breeding-bird species richness,count,NA,640.37553825272073,NA,FALSE,NA,NA,NA,NA
Topography_delta_mean_elevation_linear_gaussian,4,allouche_2012,sensitivity,mean_elevation_linear,linear,1,156,113.15805684832443,m,86.149789977900923,breeding-bird species richness,count,NA,640.37553825272073,NA,FALSE,NA,NA,NA,NA
Topography_delta_mean_elevation_linear_gaussian,4,allouche_2012,sensitivity,mean_elevation_linear,linear,1,157,113.883976476672,m,86.208686294642945,breeding-bird species richness,count,NA,640.37553825272073,NA,FALSE,NA,NA,NA,NA
Topography_delta_mean_elevation_linear_gaussian,4,allouche_2012,sensitivity,mean_elevation_linear,linear,1,158,114.60989610501957,m,86.267582611384981,breeding-bird species richness,count,NA,640.37553825272073,NA,FALSE,NA,NA,NA,NA
Topography_delta_mean_elevation_linear_gaussian,4,allouche_2012,sensitivity,mean_elevation_linear,linear,1,159,115.33581573336716,m,86.326478928127003,breeding-bird species richness,count,NA,640.37553825272073,NA,FALSE,NA,NA,NA,NA
Topography_delta_mean_elevation_linear_gaussian,4,allouche_2012,sensitivity,mean_elevation_linear,linear,1,160,116.06173536171472,m,86.385375244869024,breeding-bird species richness,count,NA,640.37553825272073,NA,FALSE,NA,NA,NA,NA
Topography_delta_mean_elevation_linear_gaussian,4,allouche_2012,sensitivity,mean_elevation_linear,linear,1,161,116.78765499006229,m,86.44427156161106,breeding-bird species richness,count,NA,640.37553825272073,NA,FALSE,NA,NA,NA,NA
Topography_delta_mean_elevation_linear_gaussian,4,allouche_2012,sensitivity,mean_elevation_linear,linear,1,162,117.51357461840988,m,86.503167878353082,breeding-bird species richness,count,NA,640.37553825272073,NA,FALSE,NA,NA,NA,NA
Topography_delta_mean_elevation_linear_gaussian,4,allouche_2012,sensitivity,mean_elevation_linear,linear,1,163,118.23949424675745,m,86.562064195095118,breeding-bird species richness,count,NA,640.37553825272073,NA,FALSE,NA,NA,NA,NA
Topography_delta_mean_elevation_linear_gaussian,4,allouche_2012,sensitivity,mean_elevation_linear,linear,1,164,118.96541387510501,m,86.62096051183714,breeding-bird species richness,count,NA,640.37553825272073,NA,FALSE,NA,NA,NA,NA
Topography_delta_mean_elevation_linear_gaussian,4,allouche_2012,sensitivity,mean_elevation_linear,linear,1,165,119.6913335034526,m,86.679856828579162,breeding-bird species richness,count,NA,640.37553825272073,NA,FALSE,NA,NA,NA,NA
Topography_delta_mean_elevation_linear_gaussian,4,allouche_2012,sensitivity,mean_elevation_linear,linear,1,166,120.41725313180017,m,86.738753145321198,breeding-bird species richness,count,NA,640.37553825272073,NA,FALSE,NA,NA,NA,NA
Topography_delta_mean_elevation_linear_gaussian,4,allouche_2012,sensitivity,mean_elevation_linear,linear,1,167,121.14317276014773,m,86.79764946206322,breeding-bird species richness,count,NA,640.37553825272073,NA,FALSE,NA,NA,NA,NA
Topography_delta_mean_elevation_linear_gaussian,4,allouche_2012,sensitivity,mean_elevation_linear,linear,1,168,121.8690923884953,m,86.856545778805256,breeding-bird species richness,count,NA,640.37553825272073,NA,FALSE,NA,NA,NA,NA
Topography_delta_mean_elevation_linear_gaussian,4,allouche_2012,sensitivity,mean_elevation_linear,linear,1,169,122.59501201684289,m,86.915442095547277,breeding-bird species richness,count,NA,640.37553825272073,NA,FALSE,NA,NA,NA,NA
Topography_delta_mean_elevation_linear_gaussian,4,allouche_2012,sensitivity,mean_elevation_linear,linear,1,170,123.32093164519046,m,86.974338412289299,breeding-bird species richness,count,NA,640.37553825272073,NA,FALSE,NA,NA,NA,NA
Topography_delta_mean_elevation_linear_gaussian,4,allouche_2012,sensitivity,mean_elevation_linear,linear,1,171,124.04685127353802,m,87.033234729031335,breeding-bird species richness,count,NA,640.37553825272073,NA,FALSE,NA,NA,NA,NA
Topography_delta_mean_elevation_linear_gaussian,4,allouche_2012,sensitivity,mean_elevation_linear,linear,1,172,124.77277090188561,m,87.092131045773357,breeding-bird species richness,count,NA,640.37553825272073,NA,FALSE,NA,NA,NA,NA
Topography_delta_mean_elevation_linear_gaussian,4,allouche_2012,sensitivity,mean_elevation_linear,linear,1,173,125.49869053023318,m,87.151027362515393,breeding-bird species richness,count,NA,640.37553825272073,NA,FALSE,NA,NA,NA,NA
Topography_delta_mean_elevation_linear_gaussian,4,allouche_2012,sensitivity,mean_elevation_linear,linear,1,174,126.22461015858075,m,87.209923679257415,breeding-bird species richness,count,NA,640.37553825272073,NA,FALSE,NA,NA,NA,NA
Topography_delta_mean_elevation_linear_gaussian,4,allouche_2012,sensitivity,mean_elevation_linear,linear,1,175,126.95052978692833,m,87.268819995999451,breeding-bird species richness,count,NA,640.37553825272073,NA,FALSE,NA,NA,NA,NA
Topography_delta_mean_elevation_linear_gaussian,4,allouche_2012,sensitivity,mean_elevation_linear,linear,1,176,127.6764494152759,m,87.327716312741472,breeding-bird species richness,count,NA,640.37553825272073,NA,FALSE,NA,NA,NA,NA
Topography_delta_mean_elevation_linear_gaussian,4,allouche_2012,sensitivity,mean_elevation_linear,linear,1,177,128.40236904362348,m,87.386612629483494,breeding-bird species richness,count,NA,640.37553825272073,NA,FALSE,NA,NA,NA,NA
Topography_delta_mean_elevation_linear_gaussian,4,allouche_2012,sensitivity,mean_elevation_linear,linear,1,178,129.12828867197106,m,87.44550894622553,breeding-bird species richness,count,NA,640.37553825272073,NA,FALSE,NA,NA,NA,NA
Topography_delta_mean_elevation_linear_gaussian,4,allouche_2012,sensitivity,mean_elevation_linear,linear,1,179,129.85420830031865,m,87.504405262967552,breeding-bird species richness,count,NA,640.37553825272073,NA,FALSE,NA,NA,NA,NA
Topography_delta_mean_elevation_linear_gaussian,4,allouche_2012,sensitivity,mean_elevation_linear,linear,1,180,130.5801279286662,m,87.563301579709588,breeding-bird species richness,count,NA,640.37553825272073,NA,FALSE,NA,NA,NA,NA
Topography_delta_mean_elevation_linear_gaussian,4,allouche_2012,sensitivity,mean_elevation_linear,linear,1,181,131.30604755701378,m,87.62219789645161,breeding-bird species richness,count,NA,640.37553825272073,NA,FALSE,NA,NA,NA,NA
Topography_delta_mean_elevation_linear_gaussian,4,allouche_2012,sensitivity,mean_elevation_linear,linear,1,182,132.03196718536134,m,87.681094213193632,breeding-bird species richness,count,NA,640.37553825272073,NA,FALSE,NA,NA,NA,NA
Topography_delta_mean_elevation_linear_gaussian,4,allouche_2012,sensitivity,mean_elevation_linear,linear,1,183,132.75788681370892,m,87.739990529935667,breeding-bird species richness,count,NA,640.37553825272073,NA,FALSE,NA,NA,NA,NA
Topography_delta_mean_elevation_linear_gaussian,4,allouche_2012,sensitivity,mean_elevation_linear,linear,1,184,133.4838064420565,m,87.798886846677689,breeding-bird species richness,count,NA,640.37553825272073,NA,FALSE,NA,NA,NA,NA
Topography_delta_mean_elevation_linear_gaussian,4,allouche_2012,sensitivity,mean_elevation_linear,linear,1,185,134.20972607040406,m,87.857783163419725,breeding-bird species richness,count,NA,640.37553825272073,NA,FALSE,NA,NA,NA,NA
Topography_delta_mean_elevation_linear_gaussian,4,allouche_2012,sensitivity,mean_elevation_linear,linear,1,186,134.93564569875164,m,87.916679480161747,breeding-bird species richness,count,NA,640.37553825272073,NA,FALSE,NA,NA,NA,NA
Topography_delta_mean_elevation_linear_gaussian,4,allouche_2012,sensitivity,mean_elevation_linear,linear,1,187,135.66156532709923,m,87.975575796903783,breeding-bird species richness,count,NA,640.37553825272073,NA,FALSE,NA,NA,NA,NA
Topography_delta_mean_elevation_linear_gaussian,4,allouche_2012,sensitivity,mean_elevation_linear,linear,1,188,136.38748495544678,m,88.034472113645805,breeding-bird species richness,count,NA,640.37553825272073,NA,FALSE,NA,NA,NA,NA
Topography_delta_mean_elevation_linear_gaussian,4,allouche_2012,sensitivity,mean_elevation_linear,linear,1,189,137.11340458379436,m,88.093368430387827,breeding-bird species richness,count,NA,640.37553825272073,NA,FALSE,NA,NA,NA,NA
Topography_delta_mean_elevation_linear_gaussian,4,allouche_2012,sensitivity,mean_elevation_linear,linear,1,190,137.83932421214195,m,88.152264747129863,breeding-bird species richness,count,NA,640.37553825272073,NA,FALSE,NA,NA,NA,NA
Topography_delta_mean_elevation_linear_gaussian,4,allouche_2012,sensitivity,mean_elevation_linear,linear,1,191,138.5652438404895,m,88.211161063871884,breeding-bird species richness,count,NA,640.37553825272073,NA,FALSE,NA,NA,NA,NA
Topography_delta_mean_elevation_linear_gaussian,4,allouche_2012,sensitivity,mean_elevation_linear,linear,1,192,139.29116346883708,m,88.27005738061392,breeding-bird species richness,count,NA,640.37553825272073,NA,FALSE,NA,NA,NA,NA
Topography_delta_mean_elevation_linear_gaussian,4,allouche_2012,sensitivity,mean_elevation_linear,linear,1,193,140.01708309718467,m,88.328953697355942,breeding-bird species richness,count,NA,640.37553825272073,NA,FALSE,NA,NA,NA,NA
Topography_delta_mean_elevation_linear_gaussian,4,allouche_2012,sensitivity,mean_elevation_linear,linear,1,194,140.74300272553222,m,88.387850014097964,breeding-bird species richness,count,NA,640.37553825272073,NA,FALSE,NA,NA,NA,NA
Topography_delta_mean_elevation_linear_gaussian,4,allouche_2012,sensitivity,mean_elevation_linear,linear,1,195,141.4689223538798,m,88.44674633084,breeding-bird species richness,count,NA,640.37553825272073,NA,FALSE,NA,NA,NA,NA
Topography_delta_mean_elevation_linear_gaussian,4,allouche_2012,sensitivity,mean_elevation_linear,linear,1,196,142.19484198222739,m,88.505642647582022,breeding-bird species richness,count,NA,640.37553825272073,NA,FALSE,NA,NA,NA,NA
Topography_delta_mean_elevation_linear_gaussian,4,allouche_2012,sensitivity,mean_elevation_linear,linear,1,197,142.92076161057494,m,88.564538964324058,breeding-bird species richness,count,NA,640.37553825272073,NA,FALSE,NA,NA,NA,NA
Topography_delta_mean_elevation_linear_gaussian,4,allouche_2012,sensitivity,mean_elevation_linear,linear,1,198,143.64668123892253,m,88.623435281066079,breeding-bird species richness,count,NA,640.37553825272073,NA,FALSE,NA,NA,NA,NA
Topography_delta_mean_elevation_linear_gaussian,4,allouche_2012,sensitivity,mean_elevation_linear,linear,1,199,144.37260086727011,m,88.682331597808115,breeding-bird species richness,count,NA,640.37553825272073,NA,FALSE,NA,NA,NA,NA
Topography_delta_mean_elevation_linear_gaussian,4,allouche_2012,sensitivity,mean_elevation_linear,linear,1,200,145.09852049561766,m,88.741227914550137,breeding-bird species richness,count,NA,640.37553825272073,NA,FALSE,NA,NA,NA,NA
Topography_delta_mean_elevation_linear_gaussian,4,allouche_2012,sensitivity,mean_elevation_linear,logarithmic,2,1,0.64051445445055877,m,69.106691941049021,breeding-bird species richness,count,NA,640.37553825272073,NA,FALSE,NA,NA,NA,NA
Topography_delta_mean_elevation_linear_gaussian,4,allouche_2012,sensitivity,mean_elevation_linear,logarithmic,2,2,1.3664340827981323,m,71.364415928607485,breeding-bird species richness,count,NA,640.37553825272073,NA,FALSE,NA,NA,NA,NA
Topography_delta_mean_elevation_linear_gaussian,4,allouche_2012,sensitivity,mean_elevation_linear,logarithmic,2,3,2.0923537111457056,m,72.634044725050913,breeding-bird species richness,count,NA,640.37553825272073,NA,FALSE,NA,NA,NA,NA
Topography_delta_mean_elevation_linear_gaussian,4,allouche_2012,sensitivity,mean_elevation_linear,logarithmic,2,4,2.8182733394932793,m,73.521519115023509,breeding-bird species richness,count,NA,640.37553825272073,NA,FALSE,NA,NA,NA,NA
Topography_delta_mean_elevation_linear_gaussian,4,allouche_2012,sensitivity,mean_elevation_linear,logarithmic,2,5,3.5441929678408526,m,74.204437207616593,breeding-bird species richness,count,NA,640.37553825272073,NA,FALSE,NA,NA,NA,NA
Topography_delta_mean_elevation_linear_gaussian,4,allouche_2012,sensitivity,mean_elevation_linear,logarithmic,2,6,4.2701125961884259,m,74.759653900192532,breeding-bird species richness,count,NA,640.37553825272073,NA,FALSE,NA,NA,NA,NA
Topography_delta_mean_elevation_linear_gaussian,4,allouche_2012,sensitivity,mean_elevation_linear,logarithmic,2,7,4.9960322245359992,m,75.227486719970514,breeding-bird species richness,count,NA,640.37553825272073,NA,FALSE,NA,NA,NA,NA
Topography_delta_mean_elevation_linear_gaussian,4,allouche_2012,sensitivity,mean_elevation_linear,logarithmic,2,8,5.7219518528835724,m,75.631737824484276,breeding-bird species richness,count,NA,640.37553825272073,NA,FALSE,NA,NA,NA,NA
Topography_delta_mean_elevation_linear_gaussian,4,allouche_2012,sensitivity,mean_elevation_linear,logarithmic,2,9,6.4478714812311457,m,75.987639905428807,breeding-bird species richness,count,NA,640.37553825272073,NA,FALSE,NA,NA,NA,NA
Topography_delta_mean_elevation_linear_gaussian,4,allouche_2012,sensitivity,mean_elevation_linear,logarithmic,2,10,7.173791109578719,m,76.305532526952206,breeding-bird species richness,count,NA,640.37553825272073,NA,FALSE,NA,NA,NA,NA
Topography_delta_mean_elevation_linear_gaussian,4,allouche_2012,sensitivity,mean_elevation_linear,logarithmic,2,11,7.8997107379262923,m,76.592756612218366,breeding-bird species richness,count,NA,640.37553825272073,NA,FALSE,NA,NA,NA,NA
Topography_delta_mean_elevation_linear_gaussian,4,allouche_2012,sensitivity,mean_elevation_linear,logarithmic,2,12,8.6256303662738656,m,76.854712445601905,breeding-bird species richness,count,NA,640.37553825272073,NA,FALSE,NA,NA,NA,NA
Topography_delta_mean_elevation_linear_gaussian,4,allouche_2012,sensitivity,mean_elevation_linear,logarithmic,2,13,9.3515499946214398,m,77.095488651340929,breeding-bird species richness,count,NA,640.37553825272073,NA,FALSE,NA,NA,NA,NA
Topography_delta_mean_elevation_linear_gaussian,4,allouche_2012,sensitivity,mean_elevation_linear,logarithmic,2,14,10.077469622969012,m,77.318255341091245,breeding-bird species richness,count,NA,640.37553825272073,NA,FALSE,NA,NA,NA,NA
Topography_delta_mean_elevation_linear_gaussian,4,allouche_2012,sensitivity,mean_elevation_linear,logarithmic,2,15,10.803389251316586,m,77.525520175738649,breeding-bird species richness,count,NA,640.37553825272073,NA,FALSE,NA,NA,NA,NA
Topography_delta_mean_elevation_linear_gaussian,4,allouche_2012,sensitivity,mean_elevation_linear,logarithmic,2,16,11.529308879664159,m,77.71930098095045,breeding-bird species richness,count,NA,640.37553825272073,NA,FALSE,NA,NA,NA,NA
Topography_delta_mean_elevation_linear_gaussian,4,allouche_2012,sensitivity,mean_elevation_linear,logarithmic,2,17,12.255228508011733,m,77.901245561660545,breeding-bird species richness,count,NA,640.37553825272073,NA,FALSE,NA,NA,NA,NA
Topography_delta_mean_elevation_linear_gaussian,4,allouche_2012,sensitivity,mean_elevation_linear,logarithmic,2,18,12.981148136359307,m,78.072716984607851,breeding-bird species richness,count,NA,640.37553825272073,NA,FALSE,NA,NA,NA,NA
Topography_delta_mean_elevation_linear_gaussian,4,allouche_2012,sensitivity,mean_elevation_linear,logarithmic,2,19,13.707067764706879,m,78.234855623810546,breeding-bird species richness,count,NA,640.37553825272073,NA,FALSE,NA,NA,NA,NA
Topography_delta_mean_elevation_linear_gaussian,4,allouche_2012,sensitivity,mean_elevation_linear,logarithmic,2,20,14.432987393054454,m,78.388625175656571,breeding-bird species richness,count,NA,640.37553825272073,NA,FALSE,NA,NA,NA,NA
Topography_delta_mean_elevation_linear_gaussian,4,allouche_2012,sensitivity,mean_elevation_linear,logarithmic,2,21,15.158907021402026,m,78.534847370386132,breeding-bird species richness,count,NA,640.37553825272073,NA,FALSE,NA,NA,NA,NA
Topography_delta_mean_elevation_linear_gaussian,4,allouche_2012,sensitivity,mean_elevation_linear,logarithmic,2,22,15.8848266497496,m,78.674228556581895,breeding-bird species richness,count,NA,640.37553825272073,NA,FALSE,NA,NA,NA,NA
Topography_delta_mean_elevation_linear_gaussian,4,allouche_2012,sensitivity,mean_elevation_linear,logarithmic,2,23,16.610746278097174,m,78.807380340217577,breeding-bird species richness,count,NA,640.37553825272073,NA,FALSE,NA,NA,NA,NA
Topography_delta_mean_elevation_linear_gaussian,4,allouche_2012,sensitivity,mean_elevation_linear,logarithmic,2,24,17.336665906444747,m,78.934835805773332,breeding-bird species richness,count,NA,640.37553825272073,NA,FALSE,NA,NA,NA,NA
Topography_delta_mean_elevation_linear_gaussian,4,allouche_2012,sensitivity,mean_elevation_linear,logarithmic,2,25,18.062585534792323,m,79.057062407808743,breeding-bird species richness,count,NA,640.37553825272073,NA,FALSE,NA,NA,NA,NA
Topography_delta_mean_elevation_linear_gaussian,4,allouche_2012,sensitivity,mean_elevation_linear,logarithmic,2,26,18.788505163139895,m,79.174472320860886,breeding-bird species richness,count,NA,640.37553825272073,NA,FALSE,NA,NA,NA,NA
Topography_delta_mean_elevation_linear_gaussian,4,allouche_2012,sensitivity,mean_elevation_linear,logarithmic,2,27,19.514424791487468,m,79.287430826258102,breeding-bird species richness,count,NA,640.37553825272073,NA,FALSE,NA,NA,NA,NA
Topography_delta_mean_elevation_linear_gaussian,4,allouche_2012,sensitivity,mean_elevation_linear,logarithmic,2,28,20.240344419835044,m,79.396263166377366,breeding-bird species richness,count,NA,640.37553825272073,NA,FALSE,NA,NA,NA,NA
Topography_delta_mean_elevation_linear_gaussian,4,allouche_2012,sensitivity,mean_elevation_linear,logarithmic,2,29,20.966264048182616,m,79.501260190590187,breeding-bird species richness,count,NA,640.37553825272073,NA,FALSE,NA,NA,NA,NA
Topography_delta_mean_elevation_linear_gaussian,4,allouche_2012,sensitivity,mean_elevation_linear,logarithmic,2,30,21.692183676530188,m,79.602683039825948,breeding-bird species richness,count,NA,640.37553825272073,NA,FALSE,NA,NA,NA,NA
Topography_delta_mean_elevation_linear_gaussian,4,allouche_2012,sensitivity,mean_elevation_linear,logarithmic,2,31,22.418103304877761,m,79.700767059743598,breeding-bird species richness,count,NA,640.37553825272073,NA,FALSE,NA,NA,NA,NA
Topography_delta_mean_elevation_linear_gaussian,4,allouche_2012,sensitivity,mean_elevation_linear,logarithmic,2,32,23.144022933225337,m,79.795725090090954,breeding-bird species richness,count,NA,640.37553825272073,NA,FALSE,NA,NA,NA,NA
Topography_delta_mean_elevation_linear_gaussian,4,allouche_2012,sensitivity,mean_elevation_linear,logarithmic,2,33,23.869942561572909,m,79.887750245906972,breeding-bird species richness,count,NA,640.37553825272073,NA,FALSE,NA,NA,NA,NA
Topography_delta_mean_elevation_linear_gaussian,4,allouche_2012,sensitivity,mean_elevation_linear,logarithmic,2,34,24.595862189920481,m,79.977018281953548,breeding-bird species richness,count,NA,640.37553825272073,NA,FALSE,NA,NA,NA,NA
Topography_delta_mean_elevation_linear_gaussian,4,allouche_2012,sensitivity,mean_elevation_linear,logarithmic,2,35,25.321781818268057,m,80.063689613146011,breeding-bird species richness,count,NA,640.37553825272073,NA,FALSE,NA,NA,NA,NA
Topography_delta_mean_elevation_linear_gaussian,4,allouche_2012,sensitivity,mean_elevation_linear,logarithmic,2,36,26.04770144661563,m,80.14791104934686,breeding-bird species richness,count,NA,640.37553825272073,NA,FALSE,NA,NA,NA,NA
Topography_delta_mean_elevation_linear_gaussian,4,allouche_2012,sensitivity,mean_elevation_linear,logarithmic,2,37,26.773621074963202,m,80.229817291650988,breeding-bird species richness,count,NA,640.37553825272073,NA,FALSE,NA,NA,NA,NA
Topography_delta_mean_elevation_linear_gaussian,4,allouche_2012,sensitivity,mean_elevation_linear,logarithmic,2,38,27.499540703310775,m,80.309532228461393,breeding-bird species richness,count,NA,640.37553825272073,NA,FALSE,NA,NA,NA,NA
Topography_delta_mean_elevation_linear_gaussian,4,allouche_2012,sensitivity,mean_elevation_linear,logarithmic,2,39,28.225460331658351,m,80.387170062666002,breeding-bird species richness,count,NA,640.37553825272073,NA,FALSE,NA,NA,NA,NA
Topography_delta_mean_elevation_linear_gaussian,4,allouche_2012,sensitivity,mean_elevation_linear,logarithmic,2,40,28.951379960005923,m,80.462836295658278,breeding-bird species richness,count,NA,640.37553825272073,NA,FALSE,NA,NA,NA,NA
Topography_delta_mean_elevation_linear_gaussian,4,allouche_2012,sensitivity,mean_elevation_linear,logarithmic,2,41,29.677299588353495,m,80.536628589479932,breeding-bird species richness,count,NA,640.37553825272073,NA,FALSE,NA,NA,NA,NA
Topography_delta_mean_elevation_linear_gaussian,4,allouche_2012,sensitivity,mean_elevation_linear,logarithmic,2,42,30.403219216701071,m,80.608637524763296,breeding-bird species richness,count,NA,640.37553825272073,NA,FALSE,NA,NA,NA,NA
Topography_delta_mean_elevation_linear_gaussian,4,allouche_2012,sensitivity,mean_elevation_linear,logarithmic,2,43,31.129138845048644,m,80.67894726922998,breeding-bird species richness,count,NA,640.37553825272073,NA,FALSE,NA,NA,NA,NA
Topography_delta_mean_elevation_linear_gaussian,4,allouche_2012,sensitivity,mean_elevation_linear,logarithmic,2,44,31.855058473396216,m,80.747636169120383,breeding-bird species richness,count,NA,640.37553825272073,NA,FALSE,NA,NA,NA,NA
Topography_delta_mean_elevation_linear_gaussian,4,allouche_2012,sensitivity,mean_elevation_linear,logarithmic,2,45,32.580978101743788,m,80.814777273976489,breeding-bird species richness,count,NA,640.37553825272073,NA,FALSE,NA,NA,NA,NA
Topography_delta_mean_elevation_linear_gaussian,4,allouche_2012,sensitivity,mean_elevation_linear,logarithmic,2,46,33.306897730091364,m,80.880438803591687,breeding-bird species richness,count,NA,640.37553825272073,NA,FALSE,NA,NA,NA,NA
Topography_delta_mean_elevation_linear_gaussian,4,allouche_2012,sensitivity,mean_elevation_linear,logarithmic,2,47,34.032817358438933,m,80.944684564611251,breeding-bird species richness,count,NA,640.37553825272073,NA,FALSE,NA,NA,NA,NA
Topography_delta_mean_elevation_linear_gaussian,4,allouche_2012,sensitivity,mean_elevation_linear,logarithmic,2,48,34.758736986786509,m,81.007574323160981,breeding-bird species richness,count,NA,640.37553825272073,NA,FALSE,NA,NA,NA,NA
Topography_delta_mean_elevation_linear_gaussian,4,allouche_2012,sensitivity,mean_elevation_linear,logarithmic,2,49,35.484656615134085,m,81.069164138958257,breeding-bird species richness,count,NA,640.37553825272073,NA,FALSE,NA,NA,NA,NA
Topography_delta_mean_elevation_linear_gaussian,4,allouche_2012,sensitivity,mean_elevation_linear,logarithmic,2,50,36.210576243481654,m,81.129506665586916,breeding-bird species richness,count,NA,640.37553825272073,NA,FALSE,NA,NA,NA,NA
Topography_delta_mean_elevation_linear_gaussian,4,allouche_2012,sensitivity,mean_elevation_linear,logarithmic,2,51,36.93649587182923,m,81.188651420966266,breeding-bird species richness,count,NA,640.37553825272073,NA,FALSE,NA,NA,NA,NA
Topography_delta_mean_elevation_linear_gaussian,4,allouche_2012,sensitivity,mean_elevation_linear,logarithmic,2,52,37.662415500176806,m,81.246645031495618,breeding-bird species richness,count,NA,640.37553825272073,NA,FALSE,NA,NA,NA,NA
Topography_delta_mean_elevation_linear_gaussian,4,allouche_2012,sensitivity,mean_elevation_linear,logarithmic,2,53,38.388335128524375,m,81.303531452890297,breeding-bird species richness,count,NA,640.37553825272073,NA,FALSE,NA,NA,NA,NA
Topography_delta_mean_elevation_linear_gaussian,4,allouche_2012,sensitivity,mean_elevation_linear,logarithmic,2,54,39.114254756871951,m,81.359352170329402,breeding-bird species richness,count,NA,640.37553825272073,NA,FALSE,NA,NA,NA,NA
Topography_delta_mean_elevation_linear_gaussian,4,allouche_2012,sensitivity,mean_elevation_linear,logarithmic,2,55,39.840174385219527,m,81.414146380198503,breeding-bird species richness,count,NA,640.37553825272073,NA,FALSE,NA,NA,NA,NA
Topography_delta_mean_elevation_linear_gaussian,4,allouche_2012,sensitivity,mean_elevation_linear,logarithmic,2,56,40.566094013567096,m,81.467951155421417,breeding-bird species richness,count,NA,640.37553825272073,NA,FALSE,NA,NA,NA,NA
Topography_delta_mean_elevation_linear_gaussian,4,allouche_2012,sensitivity,mean_elevation_linear,logarithmic,2,57,41.292013641914671,m,81.52080159612801,breeding-bird species richness,count,NA,640.37553825272073,NA,FALSE,NA,NA,NA,NA
Topography_delta_mean_elevation_linear_gaussian,4,allouche_2012,sensitivity,mean_elevation_linear,logarithmic,2,58,42.017933270262247,m,81.572730967191418,breeding-bird species richness,count,NA,640.37553825272073,NA,FALSE,NA,NA,NA,NA
Topography_delta_mean_elevation_linear_gaussian,4,allouche_2012,sensitivity,mean_elevation_linear,logarithmic,2,59,42.743852898609816,m,81.623770823984543,breeding-bird species richness,count,NA,640.37553825272073,NA,FALSE,NA,NA,NA,NA
Topography_delta_mean_elevation_linear_gaussian,4,allouche_2012,sensitivity,mean_elevation_linear,logarithmic,2,60,43.469772526957392,m,81.673951127546189,breeding-bird species richness,count,NA,640.37553825272073,NA,FALSE,NA,NA,NA,NA
Topography_delta_mean_elevation_linear_gaussian,4,allouche_2012,sensitivity,mean_elevation_linear,logarithmic,2,61,44.195692155304961,m,81.723300350209456,breeding-bird species richness,count,NA,640.37553825272073,NA,FALSE,NA,NA,NA,NA
Topography_delta_mean_elevation_linear_gaussian,4,allouche_2012,sensitivity,mean_elevation_linear,logarithmic,2,62,44.921611783652537,m,81.771845572624827,breeding-bird species richness,count,NA,640.37553825272073,NA,FALSE,NA,NA,NA,NA
Topography_delta_mean_elevation_linear_gaussian,4,allouche_2012,sensitivity,mean_elevation_linear,logarithmic,2,63,45.647531412000113,m,81.819612573005685,breeding-bird species richness,count,NA,640.37553825272073,NA,FALSE,NA,NA,NA,NA
Topography_delta_mean_elevation_linear_gaussian,4,allouche_2012,sensitivity,mean_elevation_linear,logarithmic,2,64,46.373451040347682,m,81.866625909332754,breeding-bird species richness,count,NA,640.37553825272073,NA,FALSE,NA,NA,NA,NA
Topography_delta_mean_elevation_linear_gaussian,4,allouche_2012,sensitivity,mean_elevation_linear,logarithmic,2,65,47.099370668695258,m,81.91290899517351,breeding-bird species richness,count,NA,640.37553825272073,NA,FALSE,NA,NA,NA,NA
Topography_delta_mean_elevation_linear_gaussian,4,allouche_2012,sensitivity,mean_elevation_linear,logarithmic,2,66,47.825290297042834,m,81.958484169702871,breeding-bird species richness,count,NA,640.37553825272073,NA,FALSE,NA,NA,NA,NA
Topography_delta_mean_elevation_linear_gaussian,4,allouche_2012,sensitivity,mean_elevation_linear,logarithmic,2,67,48.551209925390403,m,82.003372762449146,breeding-bird species richness,count,NA,640.37553825272073,NA,FALSE,NA,NA,NA,NA
Topography_delta_mean_elevation_linear_gaussian,4,allouche_2012,sensitivity,mean_elevation_linear,logarithmic,2,68,49.277129553737979,m,82.047595153235108,breeding-bird species richness,count,NA,640.37553825272073,NA,FALSE,NA,NA,NA,NA
Topography_delta_mean_elevation_linear_gaussian,4,allouche_2012,sensitivity,mean_elevation_linear,logarithmic,2,69,50.003049182085554,m,82.091170827735709,breeding-bird species richness,count,NA,640.37553825272073,NA,FALSE,NA,NA,NA,NA
Topography_delta_mean_elevation_linear_gaussian,4,allouche_2012,sensitivity,mean_elevation_linear,logarithmic,2,70,50.728968810433123,m,82.134118429031759,breeding-bird species richness,count,NA,640.37553825272073,NA,FALSE,NA,NA,NA,NA
Topography_delta_mean_elevation_linear_gaussian,4,allouche_2012,sensitivity,mean_elevation_linear,logarithmic,2,71,51.454888438780699,m,82.17645580550068,breeding-bird species richness,count,NA,640.37553825272073,NA,FALSE,NA,NA,NA,NA
Topography_delta_mean_elevation_linear_gaussian,4,allouche_2012,sensitivity,mean_elevation_linear,logarithmic,2,72,52.180808067128268,m,82.218200055352526,breeding-bird species richness,count,NA,640.37553825272073,NA,FALSE,NA,NA,NA,NA
Topography_delta_mean_elevation_linear_gaussian,4,allouche_2012,sensitivity,mean_elevation_linear,logarithmic,2,73,52.906727695475844,m,82.259367568089118,breeding-bird species richness,count,NA,640.37553825272073,NA,FALSE,NA,NA,NA,NA
Topography_delta_mean_elevation_linear_gaussian,4,allouche_2012,sensitivity,mean_elevation_linear,logarithmic,2,74,53.63264732382342,m,82.299974063138166,breeding-bird species richness,count,NA,640.37553825272073,NA,FALSE,NA,NA,NA,NA
Topography_delta_mean_elevation_linear_gaussian,4,allouche_2012,sensitivity,mean_elevation_linear,logarithmic,2,75,54.358566952170989,m,82.340034625890112,breeding-bird species richness,count,NA,640.37553825272073,NA,FALSE,NA,NA,NA,NA
Topography_delta_mean_elevation_linear_gaussian,4,allouche_2012,sensitivity,mean_elevation_linear,logarithmic,2,76,55.084486580518565,m,82.379563741344384,breeding-bird species richness,count,NA,640.37553825272073,NA,FALSE,NA,NA,NA,NA
Topography_delta_mean_elevation_linear_gaussian,4,allouche_2012,sensitivity,mean_elevation_linear,logarithmic,2,77,55.810406208866141,m,82.418575325553149,breeding-bird species richness,count,NA,640.37553825272073,NA,FALSE,NA,NA,NA,NA
Topography_delta_mean_elevation_linear_gaussian,4,allouche_2012,sensitivity,mean_elevation_linear,logarithmic,2,78,56.53632583721371,m,82.457082755033028,breeding-bird species richness,count,NA,640.37553825272073,NA,FALSE,NA,NA,NA,NA
Topography_delta_mean_elevation_linear_gaussian,4,allouche_2012,sensitivity,mean_elevation_linear,logarithmic,2,79,57.262245465561286,m,82.49509889430054,breeding-bird species richness,count,NA,640.37553825272073,NA,FALSE,NA,NA,NA,NA
Topography_delta_mean_elevation_linear_gaussian,4,allouche_2012,sensitivity,mean_elevation_linear,logarithmic,2,80,57.988165093908862,m,82.532636121673079,breeding-bird species richness,count,NA,640.37553825272073,NA,FALSE,NA,NA,NA,NA
Topography_delta_mean_elevation_linear_gaussian,4,allouche_2012,sensitivity,mean_elevation_linear,logarithmic,2,81,58.71408472225643,m,82.569706353464753,breeding-bird species richness,count,NA,640.37553825272073,NA,FALSE,NA,NA,NA,NA
Topography_delta_mean_elevation_linear_gaussian,4,allouche_2012,sensitivity,mean_elevation_linear,logarithmic,2,82,59.440004350604006,m,82.606321066695756,breeding-bird species richness,count,NA,640.37553825272073,NA,FALSE,NA,NA,NA,NA
Topography_delta_mean_elevation_linear_gaussian,4,allouche_2012,sensitivity,mean_elevation_linear,logarithmic,2,83,60.165923978951582,m,82.642491320423119,breeding-bird species richness,count,NA,640.37553825272073,NA,FALSE,NA,NA,NA,NA
Topography_delta_mean_elevation_linear_gaussian,4,allouche_2012,sensitivity,mean_elevation_linear,logarithmic,2,84,60.891843607299151,m,82.67822777579245,breeding-bird species richness,count,NA,640.37553825272073,NA,FALSE,NA,NA,NA,NA
Topography_delta_mean_elevation_linear_gaussian,4,allouche_2012,sensitivity,mean_elevation_linear,logarithmic,2,85,61.617763235646727,m,82.713540714901342,breeding-bird species richness,count,NA,640.37553825272073,NA,FALSE,NA,NA,NA,NA
Topography_delta_mean_elevation_linear_gaussian,4,allouche_2012,sensitivity,mean_elevation_linear,logarithmic,2,86,62.343682863994296,m,82.748440058558074,breeding-bird species richness,count,NA,640.37553825272073,NA,FALSE,NA,NA,NA,NA
Topography_delta_mean_elevation_linear_gaussian,4,allouche_2012,sensitivity,mean_elevation_linear,logarithmic,2,87,63.069602492341872,m,82.782935383012401,breeding-bird species richness,count,NA,640.37553825272073,NA,FALSE,NA,NA,NA,NA
Topography_delta_mean_elevation_linear_gaussian,4,allouche_2012,sensitivity,mean_elevation_linear,logarithmic,2,88,63.795522120689448,m,82.817035935728796,breeding-bird species richness,count,NA,640.37553825272073,NA,FALSE,NA,NA,NA,NA
Topography_delta_mean_elevation_linear_gaussian,4,allouche_2012,sensitivity,mean_elevation_linear,logarithmic,2,89,64.52144174903701,m,82.850750650267486,breeding-bird species richness,count,NA,640.37553825272073,NA,FALSE,NA,NA,NA,NA
Topography_delta_mean_elevation_linear_gaussian,4,allouche_2012,sensitivity,mean_elevation_linear,logarithmic,2,90,65.247361377384593,m,82.884088160332865,breeding-bird species richness,count,NA,640.37553825272073,NA,FALSE,NA,NA,NA,NA
Topography_delta_mean_elevation_linear_gaussian,4,allouche_2012,sensitivity,mean_elevation_linear,logarithmic,2,91,65.973281005732161,m,82.917056813044752,breeding-bird species richness,count,NA,640.37553825272073,NA,FALSE,NA,NA,NA,NA
Topography_delta_mean_elevation_linear_gaussian,4,allouche_2012,sensitivity,mean_elevation_linear,logarithmic,2,92,66.69920063407973,m,82.949664681483384,breeding-bird species richness,count,NA,640.37553825272073,NA,FALSE,NA,NA,NA,NA
Topography_delta_mean_elevation_linear_gaussian,4,allouche_2012,sensitivity,mean_elevation_linear,logarithmic,2,93,67.425120262427299,m,82.981919576555583,breeding-bird species richness,count,NA,640.37553825272073,NA,FALSE,NA,NA,NA,NA
Topography_delta_mean_elevation_linear_gaussian,4,allouche_2012,sensitivity,mean_elevation_linear,logarithmic,2,94,68.151039890774882,m,83.013829058225312,breeding-bird species richness,count,NA,640.37553825272073,NA,FALSE,NA,NA,NA,NA
Topography_delta_mean_elevation_linear_gaussian,4,allouche_2012,sensitivity,mean_elevation_linear,logarithmic,2,95,68.876959519122451,m,83.04540044614933,breeding-bird species richness,count,NA,640.37553825272073,NA,FALSE,NA,NA,NA,NA
Topography_delta_mean_elevation_linear_gaussian,4,allouche_2012,sensitivity,mean_elevation_linear,logarithmic,2,96,69.60287914747002,m,83.076640829755419,breeding-bird species richness,count,NA,640.37553825272073,NA,FALSE,NA,NA,NA,NA
Topography_delta_mean_elevation_linear_gaussian,4,allouche_2012,sensitivity,mean_elevation_linear,logarithmic,2,97,70.328798775817603,m,83.107557077797509,breeding-bird species richness,count,NA,640.37553825272073,NA,FALSE,NA,NA,NA,NA
Topography_delta_mean_elevation_linear_gaussian,4,allouche_2012,sensitivity,mean_elevation_linear,logarithmic,2,98,71.054718404165172,m,83.138155847420407,breeding-bird species richness,count,NA,640.37553825272073,NA,FALSE,NA,NA,NA,NA
Topography_delta_mean_elevation_linear_gaussian,4,allouche_2012,sensitivity,mean_elevation_linear,logarithmic,2,99,71.780638032512741,m,83.168443592763623,breeding-bird species richness,count,NA,640.37553825272073,NA,FALSE,NA,NA,NA,NA
Topography_delta_mean_elevation_linear_gaussian,4,allouche_2012,sensitivity,mean_elevation_linear,logarithmic,2,100,72.506557660860324,m,83.198426573132494,breeding-bird species richness,count,NA,640.37553825272073,NA,FALSE,NA,NA,NA,NA
Topography_delta_mean_elevation_linear_gaussian,4,allouche_2012,sensitivity,mean_elevation_linear,logarithmic,2,101,73.232477289207893,m,83.228110860762143,breeding-bird species richness,count,NA,640.37553825272073,NA,FALSE,NA,NA,NA,NA
Topography_delta_mean_elevation_linear_gaussian,4,allouche_2012,sensitivity,mean_elevation_linear,logarithmic,2,102,73.958396917555461,m,83.257502348198557,breeding-bird species richness,count,NA,640.37553825272073,NA,FALSE,NA,NA,NA,NA
Topography_delta_mean_elevation_linear_gaussian,4,allouche_2012,sensitivity,mean_elevation_linear,logarithmic,2,103,74.684316545903044,m,83.286606755319227,breeding-bird species richness,count,NA,640.37553825272073,NA,FALSE,NA,NA,NA,NA
Topography_delta_mean_elevation_linear_gaussian,4,allouche_2012,sensitivity,mean_elevation_linear,logarithmic,2,104,75.410236174250613,m,83.31542963601413,breeding-bird species richness,count,NA,640.37553825272073,NA,FALSE,NA,NA,NA,NA
Topography_delta_mean_elevation_linear_gaussian,4,allouche_2012,sensitivity,mean_elevation_linear,logarithmic,2,105,76.136155802598182,m,83.343976384546792,breeding-bird species richness,count,NA,640.37553825272073,NA,FALSE,NA,NA,NA,NA
Topography_delta_mean_elevation_linear_gaussian,4,allouche_2012,sensitivity,mean_elevation_linear,logarithmic,2,106,76.862075430945765,m,83.37225224161341,breeding-bird species richness,count,NA,640.37553825272073,NA,FALSE,NA,NA,NA,NA
Topography_delta_mean_elevation_linear_gaussian,4,allouche_2012,sensitivity,mean_elevation_linear,logarithmic,2,107,77.587995059293334,m,83.400262300117291,breeding-bird species richness,count,NA,640.37553825272073,NA,FALSE,NA,NA,NA,NA
Topography_delta_mean_elevation_linear_gaussian,4,allouche_2012,sensitivity,mean_elevation_linear,logarithmic,2,108,78.313914687640903,m,83.428011510674295,breeding-bird species richness,count,NA,640.37553825272073,NA,FALSE,NA,NA,NA,NA
Topography_delta_mean_elevation_linear_gaussian,4,allouche_2012,sensitivity,mean_elevation_linear,logarithmic,2,109,79.039834315988486,m,83.455504686864344,breeding-bird species richness,count,NA,640.37553825272073,NA,FALSE,NA,NA,NA,NA
Topography_delta_mean_elevation_linear_gaussian,4,allouche_2012,sensitivity,mean_elevation_linear,logarithmic,2,110,79.765753944336055,m,83.482746510242919,breeding-bird species richness,count,NA,640.37553825272073,NA,FALSE,NA,NA,NA,NA
Topography_delta_mean_elevation_linear_gaussian,4,allouche_2012,sensitivity,mean_elevation_linear,logarithmic,2,111,80.491673572683624,m,83.509741535125414,breeding-bird species richness,count,NA,640.37553825272073,NA,FALSE,NA,NA,NA,NA
Topography_delta_mean_elevation_linear_gaussian,4,allouche_2012,sensitivity,mean_elevation_linear,logarithmic,2,112,81.217593201031207,m,83.536494193156827,breeding-bird species richness,count,NA,640.37553825272073,NA,FALSE,NA,NA,NA,NA
Topography_delta_mean_elevation_linear_gaussian,4,allouche_2012,sensitivity,mean_elevation_linear,logarithmic,2,113,81.943512829378776,m,83.563008797678066,breeding-bird species richness,count,NA,640.37553825272073,NA,FALSE,NA,NA,NA,NA
Topography_delta_mean_elevation_linear_gaussian,4,allouche_2012,sensitivity,mean_elevation_linear,logarithmic,2,114,82.669432457726344,m,83.589289547899753,breeding-bird species richness,count,NA,640.37553825272073,NA,FALSE,NA,NA,NA,NA
Topography_delta_mean_elevation_linear_gaussian,4,allouche_2012,sensitivity,mean_elevation_linear,logarithmic,2,115,83.395352086073927,m,83.615340532893484,breeding-bird species richness,count,NA,640.37553825272073,NA,FALSE,NA,NA,NA,NA
Topography_delta_mean_elevation_linear_gaussian,4,allouche_2012,sensitivity,mean_elevation_linear,logarithmic,2,116,84.121271714421496,m,83.64116573541024,breeding-bird species richness,count,NA,640.37553825272073,NA,FALSE,NA,NA,NA,NA
Topography_delta_mean_elevation_linear_gaussian,4,allouche_2012,sensitivity,mean_elevation_linear,logarithmic,2,117,84.847191342769065,m,83.6667690355346,breeding-bird species richness,count,NA,640.37553825272073,NA,FALSE,NA,NA,NA,NA
Topography_delta_mean_elevation_linear_gaussian,4,allouche_2012,sensitivity,mean_elevation_linear,logarithmic,2,118,85.573110971116634,m,83.692154214183475,breeding-bird species richness,count,NA,640.37553825272073,NA,FALSE,NA,NA,NA,NA
Topography_delta_mean_elevation_linear_gaussian,4,allouche_2012,sensitivity,mean_elevation_linear,logarithmic,2,119,86.299030599464217,m,83.71732495645692,breeding-bird species richness,count,NA,640.37553825272073,NA,FALSE,NA,NA,NA,NA
Topography_delta_mean_elevation_linear_gaussian,4,allouche_2012,sensitivity,mean_elevation_linear,logarithmic,2,120,87.024950227811786,m,83.742284854848648,breeding-bird species richness,count,NA,640.37553825272073,NA,FALSE,NA,NA,NA,NA
Topography_delta_mean_elevation_linear_gaussian,4,allouche_2012,sensitivity,mean_elevation_linear,logarithmic,2,121,87.750869856159355,m,83.767037412323177,breeding-bird species richness,count,NA,640.37553825272073,NA,FALSE,NA,NA,NA,NA
Topography_delta_mean_elevation_linear_gaussian,4,allouche_2012,sensitivity,mean_elevation_linear,logarithmic,2,122,88.476789484506938,m,83.791586045266286,breeding-bird species richness,count,NA,640.37553825272073,NA,FALSE,NA,NA,NA,NA
Topography_delta_mean_elevation_linear_gaussian,4,allouche_2012,sensitivity,mean_elevation_linear,logarithmic,2,123,89.202709112854507,m,83.81593408631484,breeding-bird species richness,count,NA,640.37553825272073,NA,FALSE,NA,NA,NA,NA
Topography_delta_mean_elevation_linear_gaussian,4,allouche_2012,sensitivity,mean_elevation_linear,logarithmic,2,124,89.928628741202076,m,83.840084787071959,breeding-bird species richness,count,NA,640.37553825272073,NA,FALSE,NA,NA,NA,NA
Topography_delta_mean_elevation_linear_gaussian,4,allouche_2012,sensitivity,mean_elevation_linear,logarithmic,2,125,90.654548369549659,m,83.864041320713056,breeding-bird species richness,count,NA,640.37553825272073,NA,FALSE,NA,NA,NA,NA
Topography_delta_mean_elevation_linear_gaussian,4,allouche_2012,sensitivity,mean_elevation_linear,logarithmic,2,126,91.380467997897227,m,83.887806784487964,breeding-bird species richness,count,NA,640.37553825272073,NA,FALSE,NA,NA,NA,NA
Topography_delta_mean_elevation_linear_gaussian,4,allouche_2012,sensitivity,mean_elevation_linear,logarithmic,2,127,92.106387626244796,m,83.911384202123983,breeding-bird species richness,count,NA,640.37553825272073,NA,FALSE,NA,NA,NA,NA
Topography_delta_mean_elevation_linear_gaussian,4,allouche_2012,sensitivity,mean_elevation_linear,logarithmic,2,128,92.832307254592379,m,83.934776526134755,breeding-bird species richness,count,NA,640.37553825272073,NA,FALSE,NA,NA,NA,NA
Topography_delta_mean_elevation_linear_gaussian,4,allouche_2012,sensitivity,mean_elevation_linear,logarithmic,2,129,93.558226882939948,m,83.957986640038996,breeding-bird species richness,count,NA,640.37553825272073,NA,FALSE,NA,NA,NA,NA
Topography_delta_mean_elevation_linear_gaussian,4,allouche_2012,sensitivity,mean_elevation_linear,logarithmic,2,130,94.284146511287517,m,83.981017360493695,breeding-bird species richness,count,NA,640.37553825272073,NA,FALSE,NA,NA,NA,NA
Topography_delta_mean_elevation_linear_gaussian,4,allouche_2012,sensitivity,mean_elevation_linear,logarithmic,2,131,95.0100661396351,m,84.003871439345417,breeding-bird species richness,count,NA,640.37553825272073,NA,FALSE,NA,NA,NA,NA
Topography_delta_mean_elevation_linear_gaussian,4,allouche_2012,sensitivity,mean_elevation_linear,logarithmic,2,132,95.735985767982669,m,84.026551565603484,breeding-bird species richness,count,NA,640.37553825272073,NA,FALSE,NA,NA,NA,NA
Topography_delta_mean_elevation_linear_gaussian,4,allouche_2012,sensitivity,mean_elevation_linear,logarithmic,2,133,96.461905396330238,m,84.049060367338711,breeding-bird species richness,count,NA,640.37553825272073,NA,FALSE,NA,NA,NA,NA
Topography_delta_mean_elevation_linear_gaussian,4,allouche_2012,sensitivity,mean_elevation_linear,logarithmic,2,134,97.187825024677821,m,84.071400413510943,breeding-bird species richness,count,NA,640.37553825272073,NA,FALSE,NA,NA,NA,NA
Topography_delta_mean_elevation_linear_gaussian,4,allouche_2012,sensitivity,mean_elevation_linear,logarithmic,2,135,97.91374465302539,m,84.093574215728538,breeding-bird species richness,count,NA,640.37553825272073,NA,FALSE,NA,NA,NA,NA
Topography_delta_mean_elevation_linear_gaussian,4,allouche_2012,sensitivity,mean_elevation_linear,logarithmic,2,136,98.639664281372958,m,84.115584229942982,breeding-bird species richness,count,NA,640.37553825272073,NA,FALSE,NA,NA,NA,NA
Topography_delta_mean_elevation_linear_gaussian,4,allouche_2012,sensitivity,mean_elevation_linear,logarithmic,2,137,99.365583909720542,m,84.13743285808124,breeding-bird species richness,count,NA,640.37553825272073,NA,FALSE,NA,NA,NA,NA
Topography_delta_mean_elevation_linear_gaussian,4,allouche_2012,sensitivity,mean_elevation_linear,logarithmic,2,138,100.09150353806811,m,84.159122449618778,breeding-bird species richness,count,NA,640.37553825272073,NA,FALSE,NA,NA,NA,NA
Topography_delta_mean_elevation_linear_gaussian,4,allouche_2012,sensitivity,mean_elevation_linear,logarithmic,2,139,100.81742316641568,m,84.180655303095733,breeding-bird species richness,count,NA,640.37553825272073,NA,FALSE,NA,NA,NA,NA
Topography_delta_mean_elevation_linear_gaussian,4,allouche_2012,sensitivity,mean_elevation_linear,logarithmic,2,140,101.54334279476326,m,84.202033667578718,breeding-bird species richness,count,NA,640.37553825272073,NA,FALSE,NA,NA,NA,NA
Topography_delta_mean_elevation_linear_gaussian,4,allouche_2012,sensitivity,mean_elevation_linear,logarithmic,2,141,102.26926242311083,m,84.223259744070461,breeding-bird species richness,count,NA,640.37553825272073,NA,FALSE,NA,NA,NA,NA
Topography_delta_mean_elevation_linear_gaussian,4,allouche_2012,sensitivity,mean_elevation_linear,logarithmic,2,142,102.9951820514584,m,84.244335686869718,breeding-bird species richness,count,NA,640.37553825272073,NA,FALSE,NA,NA,NA,NA
Topography_delta_mean_elevation_linear_gaussian,4,allouche_2012,sensitivity,mean_elevation_linear,logarithmic,2,143,103.72110167980597,m,84.265263604883387,breeding-bird species richness,count,NA,640.37553825272073,NA,FALSE,NA,NA,NA,NA
Topography_delta_mean_elevation_linear_gaussian,4,allouche_2012,sensitivity,mean_elevation_linear,logarithmic,2,144,104.44702130815355,m,84.286045562892767,breeding-bird species richness,count,NA,640.37553825272073,NA,FALSE,NA,NA,NA,NA
Topography_delta_mean_elevation_linear_gaussian,4,allouche_2012,sensitivity,mean_elevation_linear,logarithmic,2,145,105.17294093650112,m,84.306683582776131,breeding-bird species richness,count,NA,640.37553825272073,NA,FALSE,NA,NA,NA,NA
Topography_delta_mean_elevation_linear_gaussian,4,allouche_2012,sensitivity,mean_elevation_linear,logarithmic,2,146,105.89886056484869,m,84.327179644689153,breeding-bird species richness,count,NA,640.37553825272073,NA,FALSE,NA,NA,NA,NA
Topography_delta_mean_elevation_linear_gaussian,4,allouche_2012,sensitivity,mean_elevation_linear,logarithmic,2,147,106.62478019319627,m,84.347535688204985,breeding-bird species richness,count,NA,640.37553825272073,NA,FALSE,NA,NA,NA,NA
Topography_delta_mean_elevation_linear_gaussian,4,allouche_2012,sensitivity,mean_elevation_linear,logarithmic,2,148,107.35069982154384,m,84.367753613415758,breeding-bird species richness,count,NA,640.37553825272073,NA,FALSE,NA,NA,NA,NA
Topography_delta_mean_elevation_linear_gaussian,4,allouche_2012,sensitivity,mean_elevation_linear,logarithmic,2,149,108.07661944989141,m,84.387835281996843,breeding-bird species richness,count,NA,640.37553825272073,NA,FALSE,NA,NA,NA,NA
Topography_delta_mean_elevation_linear_gaussian,4,allouche_2012,sensitivity,mean_elevation_linear,logarithmic,2,150,108.80253907823899,m,84.407782518235635,breeding-bird species richness,count,NA,640.37553825272073,NA,FALSE,NA,NA,NA,NA
Topography_delta_mean_elevation_linear_gaussian,4,allouche_2012,sensitivity,mean_elevation_linear,logarithmic,2,151,109.52845870658656,m,84.427597110025985,breeding-bird species richness,count,NA,640.37553825272073,NA,FALSE,NA,NA,NA,NA
Topography_delta_mean_elevation_linear_gaussian,4,allouche_2012,sensitivity,mean_elevation_linear,logarithmic,2,152,110.25437833493413,m,84.447280809829849,breeding-bird species richness,count,NA,640.37553825272073,NA,FALSE,NA,NA,NA,NA
Topography_delta_mean_elevation_linear_gaussian,4,allouche_2012,sensitivity,mean_elevation_linear,logarithmic,2,153,110.98029796328171,m,84.466835335607428,breeding-bird species richness,count,NA,640.37553825272073,NA,FALSE,NA,NA,NA,NA
Topography_delta_mean_elevation_linear_gaussian,4,allouche_2012,sensitivity,mean_elevation_linear,logarithmic,2,154,111.70621759162928,m,84.486262371716933,breeding-bird species richness,count,NA,640.37553825272073,NA,FALSE,NA,NA,NA,NA
Topography_delta_mean_elevation_linear_gaussian,4,allouche_2012,sensitivity,mean_elevation_linear,logarithmic,2,155,112.43213721997685,m,84.505563569785167,breeding-bird species richness,count,NA,640.37553825272073,NA,FALSE,NA,NA,NA,NA
Topography_delta_mean_elevation_linear_gaussian,4,allouche_2012,sensitivity,mean_elevation_linear,logarithmic,2,156,113.15805684832443,m,84.524740549550188,breeding-bird species richness,count,NA,640.37553825272073,NA,FALSE,NA,NA,NA,NA
Topography_delta_mean_elevation_linear_gaussian,4,allouche_2012,sensitivity,mean_elevation_linear,logarithmic,2,157,113.883976476672,m,84.54379489967701,breeding-bird species richness,count,NA,640.37553825272073,NA,FALSE,NA,NA,NA,NA
Topography_delta_mean_elevation_linear_gaussian,4,allouche_2012,sensitivity,mean_elevation_linear,logarithmic,2,158,114.60989610501957,m,84.562728178547289,breeding-bird species richness,count,NA,640.37553825272073,NA,FALSE,NA,NA,NA,NA
Topography_delta_mean_elevation_linear_gaussian,4,allouche_2012,sensitivity,mean_elevation_linear,logarithmic,2,159,115.33581573336716,m,84.581541915024189,breeding-bird species richness,count,NA,640.37553825272073,NA,FALSE,NA,NA,NA,NA
Topography_delta_mean_elevation_linear_gaussian,4,allouche_2012,sensitivity,mean_elevation_linear,logarithmic,2,160,116.06173536171472,m,84.600237609193272,breeding-bird species richness,count,NA,640.37553825272073,NA,FALSE,NA,NA,NA,NA
Topography_delta_mean_elevation_linear_gaussian,4,allouche_2012,sensitivity,mean_elevation_linear,logarithmic,2,161,116.78765499006229,m,84.618816733080109,breeding-bird species richness,count,NA,640.37553825272073,NA,FALSE,NA,NA,NA,NA
Topography_delta_mean_elevation_linear_gaussian,4,allouche_2012,sensitivity,mean_elevation_linear,logarithmic,2,162,117.51357461840988,m,84.637280731345911,breeding-bird species richness,count,NA,640.37553825272073,NA,FALSE,NA,NA,NA,NA
Topography_delta_mean_elevation_linear_gaussian,4,allouche_2012,sensitivity,mean_elevation_linear,logarithmic,2,163,118.23949424675745,m,84.65563102196154,breeding-bird species richness,count,NA,640.37553825272073,NA,FALSE,NA,NA,NA,NA
Topography_delta_mean_elevation_linear_gaussian,4,allouche_2012,sensitivity,mean_elevation_linear,logarithmic,2,164,118.96541387510501,m,84.673868996860946,breeding-bird species richness,count,NA,640.37553825272073,NA,FALSE,NA,NA,NA,NA
Topography_delta_mean_elevation_linear_gaussian,4,allouche_2012,sensitivity,mean_elevation_linear,logarithmic,2,165,119.6913335034526,m,84.691996022574841,breeding-bird species richness,count,NA,640.37553825272073,NA,FALSE,NA,NA,NA,NA
Topography_delta_mean_elevation_linear_gaussian,4,allouche_2012,sensitivity,mean_elevation_linear,logarithmic,2,166,120.41725313180017,m,84.710013440845032,breeding-bird species richness,count,NA,640.37553825272073,NA,FALSE,NA,NA,NA,NA
Topography_delta_mean_elevation_linear_gaussian,4,allouche_2012,sensitivity,mean_elevation_linear,logarithmic,2,167,121.14317276014773,m,84.727922569220397,breeding-bird species richness,count,NA,640.37553825272073,NA,FALSE,NA,NA,NA,NA
Topography_delta_mean_elevation_linear_gaussian,4,allouche_2012,sensitivity,mean_elevation_linear,logarithmic,2,168,121.8690923884953,m,84.745724701635055,breeding-bird species richness,count,NA,640.37553825272073,NA,FALSE,NA,NA,NA,NA
Topography_delta_mean_elevation_linear_gaussian,4,allouche_2012,sensitivity,mean_elevation_linear,logarithmic,2,169,122.59501201684289,m,84.763421108969382,breeding-bird species richness,count,NA,640.37553825272073,NA,FALSE,NA,NA,NA,NA
Topography_delta_mean_elevation_linear_gaussian,4,allouche_2012,sensitivity,mean_elevation_linear,logarithmic,2,170,123.32093164519046,m,84.78101303959437,breeding-bird species richness,count,NA,640.37553825272073,NA,FALSE,NA,NA,NA,NA
Topography_delta_mean_elevation_linear_gaussian,4,allouche_2012,sensitivity,mean_elevation_linear,logarithmic,2,171,124.04685127353802,m,84.798501719900159,breeding-bird species richness,count,NA,640.37553825272073,NA,FALSE,NA,NA,NA,NA
Topography_delta_mean_elevation_linear_gaussian,4,allouche_2012,sensitivity,mean_elevation_linear,logarithmic,2,172,124.77277090188561,m,84.815888354808976,breeding-bird species richness,count,NA,640.37553825272073,NA,FALSE,NA,NA,NA,NA
Topography_delta_mean_elevation_linear_gaussian,4,allouche_2012,sensitivity,mean_elevation_linear,logarithmic,2,173,125.49869053023318,m,84.833174128273384,breeding-bird species richness,count,NA,640.37553825272073,NA,FALSE,NA,NA,NA,NA
Topography_delta_mean_elevation_linear_gaussian,4,allouche_2012,sensitivity,mean_elevation_linear,logarithmic,2,174,126.22461015858075,m,84.850360203760019,breeding-bird species richness,count,NA,640.37553825272073,NA,FALSE,NA,NA,NA,NA
Topography_delta_mean_elevation_linear_gaussian,4,allouche_2012,sensitivity,mean_elevation_linear,logarithmic,2,175,126.95052978692833,m,84.867447724719469,breeding-bird species richness,count,NA,640.37553825272073,NA,FALSE,NA,NA,NA,NA
Topography_delta_mean_elevation_linear_gaussian,4,allouche_2012,sensitivity,mean_elevation_linear,logarithmic,2,176,127.6764494152759,m,84.884437815042872,breeding-bird species richness,count,NA,640.37553825272073,NA,FALSE,NA,NA,NA,NA
Topography_delta_mean_elevation_linear_gaussian,4,allouche_2012,sensitivity,mean_elevation_linear,logarithmic,2,177,128.40236904362348,m,84.901331579505452,breeding-bird species richness,count,NA,640.37553825272073,NA,FALSE,NA,NA,NA,NA
Topography_delta_mean_elevation_linear_gaussian,4,allouche_2012,sensitivity,mean_elevation_linear,logarithmic,2,178,129.12828867197106,m,84.918130104197544,breeding-bird species richness,count,NA,640.37553825272073,NA,FALSE,NA,NA,NA,NA
Topography_delta_mean_elevation_linear_gaussian,4,allouche_2012,sensitivity,mean_elevation_linear,logarithmic,2,179,129.85420830031865,m,84.934834456943719,breeding-bird species richness,count,NA,640.37553825272073,NA,FALSE,NA,NA,NA,NA
Topography_delta_mean_elevation_linear_gaussian,4,allouche_2012,sensitivity,mean_elevation_linear,logarithmic,2,180,130.5801279286662,m,84.951445687709906,breeding-bird species richness,count,NA,640.37553825272073,NA,FALSE,NA,NA,NA,NA
Topography_delta_mean_elevation_linear_gaussian,4,allouche_2012,sensitivity,mean_elevation_linear,logarithmic,2,181,131.30604755701378,m,84.967964828999584,breeding-bird species richness,count,NA,640.37553825272073,NA,FALSE,NA,NA,NA,NA
Topography_delta_mean_elevation_linear_gaussian,4,allouche_2012,sensitivity,mean_elevation_linear,logarithmic,2,182,132.03196718536134,m,84.984392896238802,breeding-bird species richness,count,NA,640.37553825272073,NA,FALSE,NA,NA,NA,NA
Topography_delta_mean_elevation_linear_gaussian,4,allouche_2012,sensitivity,mean_elevation_linear,logarithmic,2,183,132.75788681370892,m,85.000730888150713,breeding-bird species richness,count,NA,640.37553825272073,NA,FALSE,NA,NA,NA,NA
Topography_delta_mean_elevation_linear_gaussian,4,allouche_2012,sensitivity,mean_elevation_linear,logarithmic,2,184,133.4838064420565,m,85.016979787119951,breeding-bird species richness,count,NA,640.37553825272073,NA,FALSE,NA,NA,NA,NA
Topography_delta_mean_elevation_linear_gaussian,4,allouche_2012,sensitivity,mean_elevation_linear,logarithmic,2,185,134.20972607040406,m,85.033140559547064,breeding-bird species richness,count,NA,640.37553825272073,NA,FALSE,NA,NA,NA,NA
Topography_delta_mean_elevation_linear_gaussian,4,allouche_2012,sensitivity,mean_elevation_linear,logarithmic,2,186,134.93564569875164,m,85.049214156193401,breeding-bird species richness,count,NA,640.37553825272073,NA,FALSE,NA,NA,NA,NA
Topography_delta_mean_elevation_linear_gaussian,4,allouche_2012,sensitivity,mean_elevation_linear,logarithmic,2,187,135.66156532709923,m,85.065201512516779,breeding-bird species richness,count,NA,640.37553825272073,NA,FALSE,NA,NA,NA,NA
Topography_delta_mean_elevation_linear_gaussian,4,allouche_2012,sensitivity,mean_elevation_linear,logarithmic,2,188,136.38748495544678,m,85.081103548998129,breeding-bird species richness,count,NA,640.37553825272073,NA,FALSE,NA,NA,NA,NA
Topography_delta_mean_elevation_linear_gaussian,4,allouche_2012,sensitivity,mean_elevation_linear,logarithmic,2,189,137.11340458379436,m,85.096921171459556,breeding-bird species richness,count,NA,640.37553825272073,NA,FALSE,NA,NA,NA,NA
Topography_delta_mean_elevation_linear_gaussian,4,allouche_2012,sensitivity,mean_elevation_linear,logarithmic,2,190,137.83932421214195,m,85.112655271373882,breeding-bird species richness,count,NA,640.37553825272073,NA,FALSE,NA,NA,NA,NA
Topography_delta_mean_elevation_linear_gaussian,4,allouche_2012,sensitivity,mean_elevation_linear,logarithmic,2,191,138.5652438404895,m,85.12830672616623,breeding-bird species richness,count,NA,640.37553825272073,NA,FALSE,NA,NA,NA,NA
Topography_delta_mean_elevation_linear_gaussian,4,allouche_2012,sensitivity,mean_elevation_linear,logarithmic,2,192,139.29116346883708,m,85.143876399507562,breeding-bird species richness,count,NA,640.37553825272073,NA,FALSE,NA,NA,NA,NA
Topography_delta_mean_elevation_linear_gaussian,4,allouche_2012,sensitivity,mean_elevation_linear,logarithmic,2,193,140.01708309718467,m,85.159365141600688,breeding-bird species richness,count,NA,640.37553825272073,NA,FALSE,NA,NA,NA,NA
Topography_delta_mean_elevation_linear_gaussian,4,allouche_2012,sensitivity,mean_elevation_linear,logarithmic,2,194,140.74300272553222,m,85.17477378945884,breeding-bird species richness,count,NA,640.37553825272073,NA,FALSE,NA,NA,NA,NA
Topography_delta_mean_elevation_linear_gaussian,4,allouche_2012,sensitivity,mean_elevation_linear,logarithmic,2,195,141.4689223538798,m,85.190103167177071,breeding-bird species richness,count,NA,640.37553825272073,NA,FALSE,NA,NA,NA,NA
Topography_delta_mean_elevation_linear_gaussian,4,allouche_2012,sensitivity,mean_elevation_linear,logarithmic,2,196,142.19484198222739,m,85.205354086196763,breeding-bird species richness,count,NA,640.37553825272073,NA,FALSE,NA,NA,NA,NA
Topography_delta_mean_elevation_linear_gaussian,4,allouche_2012,sensitivity,mean_elevation_linear,logarithmic,2,197,142.92076161057494,m,85.220527345563369,breeding-bird species richness,count,NA,640.37553825272073,NA,FALSE,NA,NA,NA,NA
Topography_delta_mean_elevation_linear_gaussian,4,allouche_2012,sensitivity,mean_elevation_linear,logarithmic,2,198,143.64668123892253,m,85.235623732177572,breeding-bird species richness,count,NA,640.37553825272073,NA,FALSE,NA,NA,NA,NA
Topography_delta_mean_elevation_linear_gaussian,4,allouche_2012,sensitivity,mean_elevation_linear,logarithmic,2,199,144.37260086727011,m,85.250644021040216,breeding-bird species richness,count,NA,640.37553825272073,NA,FALSE,NA,NA,NA,NA
Topography_delta_mean_elevation_linear_gaussian,4,allouche_2012,sensitivity,mean_elevation_linear,logarithmic,2,200,145.09852049561766,m,85.265588975491013,breeding-bird species richness,count,NA,640.37553825272073,NA,FALSE,NA,NA,NA,NA
Topography_delta_mean_elevation_linear_gaussian,4,allouche_2012,sensitivity,mean_elevation_linear,quadratic,3,1,0.64051445445055877,m,75.911241452982878,breeding-bird species richness,count,NA,640.37553825272073,NA,FALSE,NA,NA,NA,NA
Topography_delta_mean_elevation_linear_gaussian,4,allouche_2012,sensitivity,mean_elevation_linear,quadratic,3,2,1.3664340827981323,m,76.016909446728519,breeding-bird species richness,count,NA,640.37553825272073,NA,FALSE,NA,NA,NA,NA
Topography_delta_mean_elevation_linear_gaussian,4,allouche_2012,sensitivity,mean_elevation_linear,quadratic,3,3,2.0923537111457056,m,76.121991915392456,breeding-bird species richness,count,NA,640.37553825272073,NA,FALSE,NA,NA,NA,NA
Topography_delta_mean_elevation_linear_gaussian,4,allouche_2012,sensitivity,mean_elevation_linear,quadratic,3,4,2.8182733394932793,m,76.226488858974704,breeding-bird species richness,count,NA,640.37553825272073,NA,FALSE,NA,NA,NA,NA
Topography_delta_mean_elevation_linear_gaussian,4,allouche_2012,sensitivity,mean_elevation_linear,quadratic,3,5,3.5441929678408526,m,76.330400277475263,breeding-bird species richness,count,NA,640.37553825272073,NA,FALSE,NA,NA,NA,NA
Topography_delta_mean_elevation_linear_gaussian,4,allouche_2012,sensitivity,mean_elevation_linear,quadratic,3,6,4.2701125961884259,m,76.433726170894133,breeding-bird species richness,count,NA,640.37553825272073,NA,FALSE,NA,NA,NA,NA
Topography_delta_mean_elevation_linear_gaussian,4,allouche_2012,sensitivity,mean_elevation_linear,quadratic,3,7,4.9960322245359992,m,76.536466539231299,breeding-bird species richness,count,NA,640.37553825272073,NA,FALSE,NA,NA,NA,NA
Topography_delta_mean_elevation_linear_gaussian,4,allouche_2012,sensitivity,mean_elevation_linear,quadratic,3,8,5.7219518528835724,m,76.638621382486775,breeding-bird species richness,count,NA,640.37553825272073,NA,FALSE,NA,NA,NA,NA
Topography_delta_mean_elevation_linear_gaussian,4,allouche_2012,sensitivity,mean_elevation_linear,quadratic,3,9,6.4478714812311457,m,76.740190700660548,breeding-bird species richness,count,NA,640.37553825272073,NA,FALSE,NA,NA,NA,NA
Topography_delta_mean_elevation_linear_gaussian,4,allouche_2012,sensitivity,mean_elevation_linear,quadratic,3,10,7.173791109578719,m,76.841174493752632,breeding-bird species richness,count,NA,640.37553825272073,NA,FALSE,NA,NA,NA,NA
Topography_delta_mean_elevation_linear_gaussian,4,allouche_2012,sensitivity,mean_elevation_linear,quadratic,3,11,7.8997107379262923,m,76.941572761763027,breeding-bird species richness,count,NA,640.37553825272073,NA,FALSE,NA,NA,NA,NA
Topography_delta_mean_elevation_linear_gaussian,4,allouche_2012,sensitivity,mean_elevation_linear,quadratic,3,12,8.6256303662738656,m,77.041385504691732,breeding-bird species richness,count,NA,640.37553825272073,NA,FALSE,NA,NA,NA,NA
Topography_delta_mean_elevation_linear_gaussian,4,allouche_2012,sensitivity,mean_elevation_linear,quadratic,3,13,9.3515499946214398,m,77.140612722538734,breeding-bird species richness,count,NA,640.37553825272073,NA,FALSE,NA,NA,NA,NA
Topography_delta_mean_elevation_linear_gaussian,4,allouche_2012,sensitivity,mean_elevation_linear,quadratic,3,14,10.077469622969012,m,77.239254415304046,breeding-bird species richness,count,NA,640.37553825272073,NA,FALSE,NA,NA,NA,NA
Topography_delta_mean_elevation_linear_gaussian,4,allouche_2012,sensitivity,mean_elevation_linear,quadratic,3,15,10.803389251316586,m,77.337310582987669,breeding-bird species richness,count,NA,640.37553825272073,NA,FALSE,NA,NA,NA,NA
Topography_delta_mean_elevation_linear_gaussian,4,allouche_2012,sensitivity,mean_elevation_linear,quadratic,3,16,11.529308879664159,m,77.434781225589589,breeding-bird species richness,count,NA,640.37553825272073,NA,FALSE,NA,NA,NA,NA
Topography_delta_mean_elevation_linear_gaussian,4,allouche_2012,sensitivity,mean_elevation_linear,quadratic,3,17,12.255228508011733,m,77.531666343109819,breeding-bird species richness,count,NA,640.37553825272073,NA,FALSE,NA,NA,NA,NA
Topography_delta_mean_elevation_linear_gaussian,4,allouche_2012,sensitivity,mean_elevation_linear,quadratic,3,18,12.981148136359307,m,77.62796593554836,breeding-bird species richness,count,NA,640.37553825272073,NA,FALSE,NA,NA,NA,NA
Topography_delta_mean_elevation_linear_gaussian,4,allouche_2012,sensitivity,mean_elevation_linear,quadratic,3,19,13.707067764706879,m,77.723680002905198,breeding-bird species richness,count,NA,640.37553825272073,NA,FALSE,NA,NA,NA,NA
Topography_delta_mean_elevation_linear_gaussian,4,allouche_2012,sensitivity,mean_elevation_linear,quadratic,3,20,14.432987393054454,m,77.818808545180346,breeding-bird species richness,count,NA,640.37553825272073,NA,FALSE,NA,NA,NA,NA
Topography_delta_mean_elevation_linear_gaussian,4,allouche_2012,sensitivity,mean_elevation_linear,quadratic,3,21,15.158907021402026,m,77.913351562373791,breeding-bird species richness,count,NA,640.37553825272073,NA,FALSE,NA,NA,NA,NA
Topography_delta_mean_elevation_linear_gaussian,4,allouche_2012,sensitivity,mean_elevation_linear,quadratic,3,22,15.8848266497496,m,78.007309054485575,breeding-bird species richness,count,NA,640.37553825272073,NA,FALSE,NA,NA,NA,NA
Topography_delta_mean_elevation_linear_gaussian,4,allouche_2012,sensitivity,mean_elevation_linear,quadratic,3,23,16.610746278097174,m,78.100681021515641,breeding-bird species richness,count,NA,640.37553825272073,NA,FALSE,NA,NA,NA,NA
Topography_delta_mean_elevation_linear_gaussian,4,allouche_2012,sensitivity,mean_elevation_linear,quadratic,3,24,17.336665906444747,m,78.193467463464017,breeding-bird species richness,count,NA,640.37553825272073,NA,FALSE,NA,NA,NA,NA
Topography_delta_mean_elevation_linear_gaussian,4,allouche_2012,sensitivity,mean_elevation_linear,quadratic,3,25,18.062585534792323,m,78.285668380330691,breeding-bird species richness,count,NA,640.37553825272073,NA,FALSE,NA,NA,NA,NA
Topography_delta_mean_elevation_linear_gaussian,4,allouche_2012,sensitivity,mean_elevation_linear,quadratic,3,26,18.788505163139895,m,78.377283772115675,breeding-bird species richness,count,NA,640.37553825272073,NA,FALSE,NA,NA,NA,NA
Topography_delta_mean_elevation_linear_gaussian,4,allouche_2012,sensitivity,mean_elevation_linear,quadratic,3,27,19.514424791487468,m,78.468313638818969,breeding-bird species richness,count,NA,640.37553825272073,NA,FALSE,NA,NA,NA,NA
Topography_delta_mean_elevation_linear_gaussian,4,allouche_2012,sensitivity,mean_elevation_linear,quadratic,3,28,20.240344419835044,m,78.558757980440561,breeding-bird species richness,count,NA,640.37553825272073,NA,FALSE,NA,NA,NA,NA
Topography_delta_mean_elevation_linear_gaussian,4,allouche_2012,sensitivity,mean_elevation_linear,quadratic,3,29,20.966264048182616,m,78.648616796980463,breeding-bird species richness,count,NA,640.37553825272073,NA,FALSE,NA,NA,NA,NA
Topography_delta_mean_elevation_linear_gaussian,4,allouche_2012,sensitivity,mean_elevation_linear,quadratic,3,30,21.692183676530188,m,78.737890088438675,breeding-bird species richness,count,NA,640.37553825272073,NA,FALSE,NA,NA,NA,NA
Topography_delta_mean_elevation_linear_gaussian,4,allouche_2012,sensitivity,mean_elevation_linear,quadratic,3,31,22.418103304877761,m,78.826577854815184,breeding-bird species richness,count,NA,640.37553825272073,NA,FALSE,NA,NA,NA,NA
Topography_delta_mean_elevation_linear_gaussian,4,allouche_2012,sensitivity,mean_elevation_linear,quadratic,3,32,23.144022933225337,m,78.914680096110004,breeding-bird species richness,count,NA,640.37553825272073,NA,FALSE,NA,NA,NA,NA
Topography_delta_mean_elevation_linear_gaussian,4,allouche_2012,sensitivity,mean_elevation_linear,quadratic,3,33,23.869942561572909,m,79.002196812323135,breeding-bird species richness,count,NA,640.37553825272073,NA,FALSE,NA,NA,NA,NA
Topography_delta_mean_elevation_linear_gaussian,4,allouche_2012,sensitivity,mean_elevation_linear,quadratic,3,34,24.595862189920481,m,79.089128003454576,breeding-bird species richness,count,NA,640.37553825272073,NA,FALSE,NA,NA,NA,NA
Topography_delta_mean_elevation_linear_gaussian,4,allouche_2012,sensitivity,mean_elevation_linear,quadratic,3,35,25.321781818268057,m,79.175473669504314,breeding-bird species richness,count,NA,640.37553825272073,NA,FALSE,NA,NA,NA,NA
Topography_delta_mean_elevation_linear_gaussian,4,allouche_2012,sensitivity,mean_elevation_linear,quadratic,3,36,26.04770144661563,m,79.261233810472362,breeding-bird species richness,count,NA,640.37553825272073,NA,FALSE,NA,NA,NA,NA
Topography_delta_mean_elevation_linear_gaussian,4,allouche_2012,sensitivity,mean_elevation_linear,quadratic,3,37,26.773621074963202,m,79.346408426358707,breeding-bird species richness,count,NA,640.37553825272073,NA,FALSE,NA,NA,NA,NA
Topography_delta_mean_elevation_linear_gaussian,4,allouche_2012,sensitivity,mean_elevation_linear,quadratic,3,38,27.499540703310775,m,79.430997517163362,breeding-bird species richness,count,NA,640.37553825272073,NA,FALSE,NA,NA,NA,NA
Topography_delta_mean_elevation_linear_gaussian,4,allouche_2012,sensitivity,mean_elevation_linear,quadratic,3,39,28.225460331658351,m,79.515001082886329,breeding-bird species richness,count,NA,640.37553825272073,NA,FALSE,NA,NA,NA,NA
Topography_delta_mean_elevation_linear_gaussian,4,allouche_2012,sensitivity,mean_elevation_linear,quadratic,3,40,28.951379960005923,m,79.598419123527606,breeding-bird species richness,count,NA,640.37553825272073,NA,FALSE,NA,NA,NA,NA
Topography_delta_mean_elevation_linear_gaussian,4,allouche_2012,sensitivity,mean_elevation_linear,quadratic,3,41,29.677299588353495,m,79.681251639087179,breeding-bird species richness,count,NA,640.37553825272073,NA,FALSE,NA,NA,NA,NA
Topography_delta_mean_elevation_linear_gaussian,4,allouche_2012,sensitivity,mean_elevation_linear,quadratic,3,42,30.403219216701071,m,79.763498629565063,breeding-bird species richness,count,NA,640.37553825272073,NA,FALSE,NA,NA,NA,NA
Topography_delta_mean_elevation_linear_gaussian,4,allouche_2012,sensitivity,mean_elevation_linear,quadratic,3,43,31.129138845048644,m,79.845160094961244,breeding-bird species richness,count,NA,640.37553825272073,NA,FALSE,NA,NA,NA,NA
Topography_delta_mean_elevation_linear_gaussian,4,allouche_2012,sensitivity,mean_elevation_linear,quadratic,3,44,31.855058473396216,m,79.926236035275736,breeding-bird species richness,count,NA,640.37553825272073,NA,FALSE,NA,NA,NA,NA
Topography_delta_mean_elevation_linear_gaussian,4,allouche_2012,sensitivity,mean_elevation_linear,quadratic,3,45,32.580978101743788,m,80.006726450508538,breeding-bird species richness,count,NA,640.37553825272073,NA,FALSE,NA,NA,NA,NA
Topography_delta_mean_elevation_linear_gaussian,4,allouche_2012,sensitivity,mean_elevation_linear,quadratic,3,46,33.306897730091364,m,80.08663134065965,breeding-bird species richness,count,NA,640.37553825272073,NA,FALSE,NA,NA,NA,NA
Topography_delta_mean_elevation_linear_gaussian,4,allouche_2012,sensitivity,mean_elevation_linear,quadratic,3,47,34.032817358438933,m,80.16595070572906,breeding-bird species richness,count,NA,640.37553825272073,NA,FALSE,NA,NA,NA,NA
Topography_delta_mean_elevation_linear_gaussian,4,allouche_2012,sensitivity,mean_elevation_linear,quadratic,3,48,34.758736986786509,m,80.24468454571678,breeding-bird species richness,count,NA,640.37553825272073,NA,FALSE,NA,NA,NA,NA
Topography_delta_mean_elevation_linear_gaussian,4,allouche_2012,sensitivity,mean_elevation_linear,quadratic,3,49,35.484656615134085,m,80.32283286062281,breeding-bird species richness,count,NA,640.37553825272073,NA,FALSE,NA,NA,NA,NA
Topography_delta_mean_elevation_linear_gaussian,4,allouche_2012,sensitivity,mean_elevation_linear,quadratic,3,50,36.210576243481654,m,80.400395650447138,breeding-bird species richness,count,NA,640.37553825272073,NA,FALSE,NA,NA,NA,NA
Topography_delta_mean_elevation_linear_gaussian,4,allouche_2012,sensitivity,mean_elevation_linear,quadratic,3,51,36.93649587182923,m,80.477372915189775,breeding-bird species richness,count,NA,640.37553825272073,NA,FALSE,NA,NA,NA,NA
Topography_delta_mean_elevation_linear_gaussian,4,allouche_2012,sensitivity,mean_elevation_linear,quadratic,3,52,37.662415500176806,m,80.55376465485071,breeding-bird species richness,count,NA,640.37553825272073,NA,FALSE,NA,NA,NA,NA
Topography_delta_mean_elevation_linear_gaussian,4,allouche_2012,sensitivity,mean_elevation_linear,quadratic,3,53,38.388335128524375,m,80.629570869429969,breeding-bird species richness,count,NA,640.37553825272073,NA,FALSE,NA,NA,NA,NA
Topography_delta_mean_elevation_linear_gaussian,4,allouche_2012,sensitivity,mean_elevation_linear,quadratic,3,54,39.114254756871951,m,80.704791558927525,breeding-bird species richness,count,NA,640.37553825272073,NA,FALSE,NA,NA,NA,NA
Topography_delta_mean_elevation_linear_gaussian,4,allouche_2012,sensitivity,mean_elevation_linear,quadratic,3,55,39.840174385219527,m,80.779426723343377,breeding-bird species richness,count,NA,640.37553825272073,NA,FALSE,NA,NA,NA,NA
Topography_delta_mean_elevation_linear_gaussian,4,allouche_2012,sensitivity,mean_elevation_linear,quadratic,3,56,40.566094013567096,m,80.853476362677554,breeding-bird species richness,count,NA,640.37553825272073,NA,FALSE,NA,NA,NA,NA
Topography_delta_mean_elevation_linear_gaussian,4,allouche_2012,sensitivity,mean_elevation_linear,quadratic,3,57,41.292013641914671,m,80.926940476930028,breeding-bird species richness,count,NA,640.37553825272073,NA,FALSE,NA,NA,NA,NA
Topography_delta_mean_elevation_linear_gaussian,4,allouche_2012,sensitivity,mean_elevation_linear,quadratic,3,58,42.017933270262247,m,80.999819066100798,breeding-bird species richness,count,NA,640.37553825272073,NA,FALSE,NA,NA,NA,NA
Topography_delta_mean_elevation_linear_gaussian,4,allouche_2012,sensitivity,mean_elevation_linear,quadratic,3,59,42.743852898609816,m,81.072112130189893,breeding-bird species richness,count,NA,640.37553825272073,NA,FALSE,NA,NA,NA,NA
Topography_delta_mean_elevation_linear_gaussian,4,allouche_2012,sensitivity,mean_elevation_linear,quadratic,3,60,43.469772526957392,m,81.143819669197285,breeding-bird species richness,count,NA,640.37553825272073,NA,FALSE,NA,NA,NA,NA
Topography_delta_mean_elevation_linear_gaussian,4,allouche_2012,sensitivity,mean_elevation_linear,quadratic,3,61,44.195692155304961,m,81.214941683122973,breeding-bird species richness,count,NA,640.37553825272073,NA,FALSE,NA,NA,NA,NA
Topography_delta_mean_elevation_linear_gaussian,4,allouche_2012,sensitivity,mean_elevation_linear,quadratic,3,62,44.921611783652537,m,81.285478171966986,breeding-bird species richness,count,NA,640.37553825272073,NA,FALSE,NA,NA,NA,NA
Topography_delta_mean_elevation_linear_gaussian,4,allouche_2012,sensitivity,mean_elevation_linear,quadratic,3,63,45.647531412000113,m,81.355429135729295,breeding-bird species richness,count,NA,640.37553825272073,NA,FALSE,NA,NA,NA,NA
Topography_delta_mean_elevation_linear_gaussian,4,allouche_2012,sensitivity,mean_elevation_linear,quadratic,3,64,46.373451040347682,m,81.424794574409916,breeding-bird species richness,count,NA,640.37553825272073,NA,FALSE,NA,NA,NA,NA
Topography_delta_mean_elevation_linear_gaussian,4,allouche_2012,sensitivity,mean_elevation_linear,quadratic,3,65,47.099370668695258,m,81.493574488008846,breeding-bird species richness,count,NA,640.37553825272073,NA,FALSE,NA,NA,NA,NA
Topography_delta_mean_elevation_linear_gaussian,4,allouche_2012,sensitivity,mean_elevation_linear,quadratic,3,66,47.825290297042834,m,81.561768876526074,breeding-bird species richness,count,NA,640.37553825272073,NA,FALSE,NA,NA,NA,NA
Topography_delta_mean_elevation_linear_gaussian,4,allouche_2012,sensitivity,mean_elevation_linear,quadratic,3,67,48.551209925390403,m,81.629377739961612,breeding-bird species richness,count,NA,640.37553825272073,NA,FALSE,NA,NA,NA,NA
Topography_delta_mean_elevation_linear_gaussian,4,allouche_2012,sensitivity,mean_elevation_linear,quadratic,3,68,49.277129553737979,m,81.696401078315446,breeding-bird species richness,count,NA,640.37553825272073,NA,FALSE,NA,NA,NA,NA
Topography_delta_mean_elevation_linear_gaussian,4,allouche_2012,sensitivity,mean_elevation_linear,quadratic,3,69,50.003049182085554,m,81.762838891587592,breeding-bird species richness,count,NA,640.37553825272073,NA,FALSE,NA,NA,NA,NA
Topography_delta_mean_elevation_linear_gaussian,4,allouche_2012,sensitivity,mean_elevation_linear,quadratic,3,70,50.728968810433123,m,81.828691179778048,breeding-bird species richness,count,NA,640.37553825272073,NA,FALSE,NA,NA,NA,NA
Topography_delta_mean_elevation_linear_gaussian,4,allouche_2012,sensitivity,mean_elevation_linear,quadratic,3,71,51.454888438780699,m,81.893957942886814,breeding-bird species richness,count,NA,640.37553825272073,NA,FALSE,NA,NA,NA,NA
Topography_delta_mean_elevation_linear_gaussian,4,allouche_2012,sensitivity,mean_elevation_linear,quadratic,3,72,52.180808067128268,m,81.958639180913877,breeding-bird species richness,count,NA,640.37553825272073,NA,FALSE,NA,NA,NA,NA
Topography_delta_mean_elevation_linear_gaussian,4,allouche_2012,sensitivity,mean_elevation_linear,quadratic,3,73,52.906727695475844,m,82.022734893859251,breeding-bird species richness,count,NA,640.37553825272073,NA,FALSE,NA,NA,NA,NA
Topography_delta_mean_elevation_linear_gaussian,4,allouche_2012,sensitivity,mean_elevation_linear,quadratic,3,74,53.63264732382342,m,82.086245081722922,breeding-bird species richness,count,NA,640.37553825272073,NA,FALSE,NA,NA,NA,NA
Topography_delta_mean_elevation_linear_gaussian,4,allouche_2012,sensitivity,mean_elevation_linear,quadratic,3,75,54.358566952170989,m,82.149169744504903,breeding-bird species richness,count,NA,640.37553825272073,NA,FALSE,NA,NA,NA,NA
Topography_delta_mean_elevation_linear_gaussian,4,allouche_2012,sensitivity,mean_elevation_linear,quadratic,3,76,55.084486580518565,m,82.211508882205194,breeding-bird species richness,count,NA,640.37553825272073,NA,FALSE,NA,NA,NA,NA
Topography_delta_mean_elevation_linear_gaussian,4,allouche_2012,sensitivity,mean_elevation_linear,quadratic,3,77,55.810406208866141,m,82.273262494823797,breeding-bird species richness,count,NA,640.37553825272073,NA,FALSE,NA,NA,NA,NA
Topography_delta_mean_elevation_linear_gaussian,4,allouche_2012,sensitivity,mean_elevation_linear,quadratic,3,78,56.53632583721371,m,82.334430582360696,breeding-bird species richness,count,NA,640.37553825272073,NA,FALSE,NA,NA,NA,NA
Topography_delta_mean_elevation_linear_gaussian,4,allouche_2012,sensitivity,mean_elevation_linear,quadratic,3,79,57.262245465561286,m,82.395013144815906,breeding-bird species richness,count,NA,640.37553825272073,NA,FALSE,NA,NA,NA,NA
Topography_delta_mean_elevation_linear_gaussian,4,allouche_2012,sensitivity,mean_elevation_linear,quadratic,3,80,57.988165093908862,m,82.455010182189412,breeding-bird species richness,count,NA,640.37553825272073,NA,FALSE,NA,NA,NA,NA
Topography_delta_mean_elevation_linear_gaussian,4,allouche_2012,sensitivity,mean_elevation_linear,quadratic,3,81,58.71408472225643,m,82.514421694481243,breeding-bird species richness,count,NA,640.37553825272073,NA,FALSE,NA,NA,NA,NA
Topography_delta_mean_elevation_linear_gaussian,4,allouche_2012,sensitivity,mean_elevation_linear,quadratic,3,82,59.440004350604006,m,82.57324768169137,breeding-bird species richness,count,NA,640.37553825272073,NA,FALSE,NA,NA,NA,NA
Topography_delta_mean_elevation_linear_gaussian,4,allouche_2012,sensitivity,mean_elevation_linear,quadratic,3,83,60.165923978951582,m,82.631488143819794,breeding-bird species richness,count,NA,640.37553825272073,NA,FALSE,NA,NA,NA,NA
Topography_delta_mean_elevation_linear_gaussian,4,allouche_2012,sensitivity,mean_elevation_linear,quadratic,3,84,60.891843607299151,m,82.689143080866529,breeding-bird species richness,count,NA,640.37553825272073,NA,FALSE,NA,NA,NA,NA
Topography_delta_mean_elevation_linear_gaussian,4,allouche_2012,sensitivity,mean_elevation_linear,quadratic,3,85,61.617763235646727,m,82.746212492831575,breeding-bird species richness,count,NA,640.37553825272073,NA,FALSE,NA,NA,NA,NA
Topography_delta_mean_elevation_linear_gaussian,4,allouche_2012,sensitivity,mean_elevation_linear,quadratic,3,86,62.343682863994296,m,82.802696379714931,breeding-bird species richness,count,NA,640.37553825272073,NA,FALSE,NA,NA,NA,NA
Topography_delta_mean_elevation_linear_gaussian,4,allouche_2012,sensitivity,mean_elevation_linear,quadratic,3,87,63.069602492341872,m,82.858594741516583,breeding-bird species richness,count,NA,640.37553825272073,NA,FALSE,NA,NA,NA,NA
Topography_delta_mean_elevation_linear_gaussian,4,allouche_2012,sensitivity,mean_elevation_linear,quadratic,3,88,63.795522120689448,m,82.913907578236547,breeding-bird species richness,count,NA,640.37553825272073,NA,FALSE,NA,NA,NA,NA
Topography_delta_mean_elevation_linear_gaussian,4,allouche_2012,sensitivity,mean_elevation_linear,quadratic,3,89,64.52144174903701,m,82.968634889874821,breeding-bird species richness,count,NA,640.37553825272073,NA,FALSE,NA,NA,NA,NA
Topography_delta_mean_elevation_linear_gaussian,4,allouche_2012,sensitivity,mean_elevation_linear,quadratic,3,90,65.247361377384593,m,83.022776676431391,breeding-bird species richness,count,NA,640.37553825272073,NA,FALSE,NA,NA,NA,NA
Topography_delta_mean_elevation_linear_gaussian,4,allouche_2012,sensitivity,mean_elevation_linear,quadratic,3,91,65.973281005732161,m,83.076332937906272,breeding-bird species richness,count,NA,640.37553825272073,NA,FALSE,NA,NA,NA,NA
Topography_delta_mean_elevation_linear_gaussian,4,allouche_2012,sensitivity,mean_elevation_linear,quadratic,3,92,66.69920063407973,m,83.129303674299464,breeding-bird species richness,count,NA,640.37553825272073,NA,FALSE,NA,NA,NA,NA
Topography_delta_mean_elevation_linear_gaussian,4,allouche_2012,sensitivity,mean_elevation_linear,quadratic,3,93,67.425120262427299,m,83.181688885610953,breeding-bird species richness,count,NA,640.37553825272073,NA,FALSE,NA,NA,NA,NA
Topography_delta_mean_elevation_linear_gaussian,4,allouche_2012,sensitivity,mean_elevation_linear,quadratic,3,94,68.151039890774882,m,83.233488571840752,breeding-bird species richness,count,NA,640.37553825272073,NA,FALSE,NA,NA,NA,NA
Topography_delta_mean_elevation_linear_gaussian,4,allouche_2012,sensitivity,mean_elevation_linear,quadratic,3,95,68.876959519122451,m,83.284702732988862,breeding-bird species richness,count,NA,640.37553825272073,NA,FALSE,NA,NA,NA,NA
Topography_delta_mean_elevation_linear_gaussian,4,allouche_2012,sensitivity,mean_elevation_linear,quadratic,3,96,69.60287914747002,m,83.335331369055268,breeding-bird species richness,count,NA,640.37553825272073,NA,FALSE,NA,NA,NA,NA
Topography_delta_mean_elevation_linear_gaussian,4,allouche_2012,sensitivity,mean_elevation_linear,quadratic,3,97,70.328798775817603,m,83.385374480039985,breeding-bird species richness,count,NA,640.37553825272073,NA,FALSE,NA,NA,NA,NA
Topography_delta_mean_elevation_linear_gaussian,4,allouche_2012,sensitivity,mean_elevation_linear,quadratic,3,98,71.054718404165172,m,83.434832065943013,breeding-bird species richness,count,NA,640.37553825272073,NA,FALSE,NA,NA,NA,NA
Topography_delta_mean_elevation_linear_gaussian,4,allouche_2012,sensitivity,mean_elevation_linear,quadratic,3,99,71.780638032512741,m,83.483704126764351,breeding-bird species richness,count,NA,640.37553825272073,NA,FALSE,NA,NA,NA,NA
Topography_delta_mean_elevation_linear_gaussian,4,allouche_2012,sensitivity,mean_elevation_linear,quadratic,3,100,72.506557660860324,m,83.531990662503986,breeding-bird species richness,count,NA,640.37553825272073,NA,FALSE,NA,NA,NA,NA
Topography_delta_mean_elevation_linear_gaussian,4,allouche_2012,sensitivity,mean_elevation_linear,quadratic,3,101,73.232477289207893,m,83.579691673161918,breeding-bird species richness,count,NA,640.37553825272073,NA,FALSE,NA,NA,NA,NA
Topography_delta_mean_elevation_linear_gaussian,4,allouche_2012,sensitivity,mean_elevation_linear,quadratic,3,102,73.958396917555461,m,83.626807158738174,breeding-bird species richness,count,NA,640.37553825272073,NA,FALSE,NA,NA,NA,NA
Topography_delta_mean_elevation_linear_gaussian,4,allouche_2012,sensitivity,mean_elevation_linear,quadratic,3,103,74.684316545903044,m,83.673337119232727,breeding-bird species richness,count,NA,640.37553825272073,NA,FALSE,NA,NA,NA,NA
Topography_delta_mean_elevation_linear_gaussian,4,allouche_2012,sensitivity,mean_elevation_linear,quadratic,3,104,75.410236174250613,m,83.71928155464559,breeding-bird species richness,count,NA,640.37553825272073,NA,FALSE,NA,NA,NA,NA
Topography_delta_mean_elevation_linear_gaussian,4,allouche_2012,sensitivity,mean_elevation_linear,quadratic,3,105,76.136155802598182,m,83.76464046497675,breeding-bird species richness,count,NA,640.37553825272073,NA,FALSE,NA,NA,NA,NA
Topography_delta_mean_elevation_linear_gaussian,4,allouche_2012,sensitivity,mean_elevation_linear,quadratic,3,106,76.862075430945765,m,83.809413850226221,breeding-bird species richness,count,NA,640.37553825272073,NA,FALSE,NA,NA,NA,NA
Topography_delta_mean_elevation_linear_gaussian,4,allouche_2012,sensitivity,mean_elevation_linear,quadratic,3,107,77.587995059293334,m,83.853601710394003,breeding-bird species richness,count,NA,640.37553825272073,NA,FALSE,NA,NA,NA,NA
Topography_delta_mean_elevation_linear_gaussian,4,allouche_2012,sensitivity,mean_elevation_linear,quadratic,3,108,78.313914687640903,m,83.897204045480095,breeding-bird species richness,count,NA,640.37553825272073,NA,FALSE,NA,NA,NA,NA
Topography_delta_mean_elevation_linear_gaussian,4,allouche_2012,sensitivity,mean_elevation_linear,quadratic,3,109,79.039834315988486,m,83.940220855484483,breeding-bird species richness,count,NA,640.37553825272073,NA,FALSE,NA,NA,NA,NA
Topography_delta_mean_elevation_linear_gaussian,4,allouche_2012,sensitivity,mean_elevation_linear,quadratic,3,110,79.765753944336055,m,83.982652140407183,breeding-bird species richness,count,NA,640.37553825272073,NA,FALSE,NA,NA,NA,NA
Topography_delta_mean_elevation_linear_gaussian,4,allouche_2012,sensitivity,mean_elevation_linear,quadratic,3,111,80.491673572683624,m,84.024497900248178,breeding-bird species richness,count,NA,640.37553825272073,NA,FALSE,NA,NA,NA,NA
Topography_delta_mean_elevation_linear_gaussian,4,allouche_2012,sensitivity,mean_elevation_linear,quadratic,3,112,81.217593201031207,m,84.065758135007499,breeding-bird species richness,count,NA,640.37553825272073,NA,FALSE,NA,NA,NA,NA
Topography_delta_mean_elevation_linear_gaussian,4,allouche_2012,sensitivity,mean_elevation_linear,quadratic,3,113,81.943512829378776,m,84.106432844685116,breeding-bird species richness,count,NA,640.37553825272073,NA,FALSE,NA,NA,NA,NA
Topography_delta_mean_elevation_linear_gaussian,4,allouche_2012,sensitivity,mean_elevation_linear,quadratic,3,114,82.669432457726344,m,84.146522029281044,breeding-bird species richness,count,NA,640.37553825272073,NA,FALSE,NA,NA,NA,NA
Topography_delta_mean_elevation_linear_gaussian,4,allouche_2012,sensitivity,mean_elevation_linear,quadratic,3,115,83.395352086073927,m,84.186025688795269,breeding-bird species richness,count,NA,640.37553825272073,NA,FALSE,NA,NA,NA,NA
Topography_delta_mean_elevation_linear_gaussian,4,allouche_2012,sensitivity,mean_elevation_linear,quadratic,3,116,84.121271714421496,m,84.224943823227804,breeding-bird species richness,count,NA,640.37553825272073,NA,FALSE,NA,NA,NA,NA
Topography_delta_mean_elevation_linear_gaussian,4,allouche_2012,sensitivity,mean_elevation_linear,quadratic,3,117,84.847191342769065,m,84.26327643257865,breeding-bird species richness,count,NA,640.37553825272073,NA,FALSE,NA,NA,NA,NA
Topography_delta_mean_elevation_linear_gaussian,4,allouche_2012,sensitivity,mean_elevation_linear,quadratic,3,118,85.573110971116634,m,84.301023516847792,breeding-bird species richness,count,NA,640.37553825272073,NA,FALSE,NA,NA,NA,NA
Topography_delta_mean_elevation_linear_gaussian,4,allouche_2012,sensitivity,mean_elevation_linear,quadratic,3,119,86.299030599464217,m,84.338185076035245,breeding-bird species richness,count,NA,640.37553825272073,NA,FALSE,NA,NA,NA,NA
Topography_delta_mean_elevation_linear_gaussian,4,allouche_2012,sensitivity,mean_elevation_linear,quadratic,3,120,87.024950227811786,m,84.374761110140994,breeding-bird species richness,count,NA,640.37553825272073,NA,FALSE,NA,NA,NA,NA
Topography_delta_mean_elevation_linear_gaussian,4,allouche_2012,sensitivity,mean_elevation_linear,quadratic,3,121,87.750869856159355,m,84.410751619165069,breeding-bird species richness,count,NA,640.37553825272073,NA,FALSE,NA,NA,NA,NA
Topography_delta_mean_elevation_linear_gaussian,4,allouche_2012,sensitivity,mean_elevation_linear,quadratic,3,122,88.476789484506938,m,84.44615660310744,breeding-bird species richness,count,NA,640.37553825272073,NA,FALSE,NA,NA,NA,NA
Topography_delta_mean_elevation_linear_gaussian,4,allouche_2012,sensitivity,mean_elevation_linear,quadratic,3,123,89.202709112854507,m,84.480976061968107,breeding-bird species richness,count,NA,640.37553825272073,NA,FALSE,NA,NA,NA,NA
Topography_delta_mean_elevation_linear_gaussian,4,allouche_2012,sensitivity,mean_elevation_linear,quadratic,3,124,89.928628741202076,m,84.515209995747099,breeding-bird species richness,count,NA,640.37553825272073,NA,FALSE,NA,NA,NA,NA
Topography_delta_mean_elevation_linear_gaussian,4,allouche_2012,sensitivity,mean_elevation_linear,quadratic,3,125,90.654548369549659,m,84.548858404444388,breeding-bird species richness,count,NA,640.37553825272073,NA,FALSE,NA,NA,NA,NA
Topography_delta_mean_elevation_linear_gaussian,4,allouche_2012,sensitivity,mean_elevation_linear,quadratic,3,126,91.380467997897227,m,84.581921288059974,breeding-bird species richness,count,NA,640.37553825272073,NA,FALSE,NA,NA,NA,NA
Topography_delta_mean_elevation_linear_gaussian,4,allouche_2012,sensitivity,mean_elevation_linear,quadratic,3,127,92.106387626244796,m,84.614398646593884,breeding-bird species richness,count,NA,640.37553825272073,NA,FALSE,NA,NA,NA,NA
Topography_delta_mean_elevation_linear_gaussian,4,allouche_2012,sensitivity,mean_elevation_linear,quadratic,3,128,92.832307254592379,m,84.64629048004609,breeding-bird species richness,count,NA,640.37553825272073,NA,FALSE,NA,NA,NA,NA
Topography_delta_mean_elevation_linear_gaussian,4,allouche_2012,sensitivity,mean_elevation_linear,quadratic,3,129,93.558226882939948,m,84.677596788416594,breeding-bird species richness,count,NA,640.37553825272073,NA,FALSE,NA,NA,NA,NA
Topography_delta_mean_elevation_linear_gaussian,4,allouche_2012,sensitivity,mean_elevation_linear,quadratic,3,130,94.284146511287517,m,84.708317571705422,breeding-bird species richness,count,NA,640.37553825272073,NA,FALSE,NA,NA,NA,NA
Topography_delta_mean_elevation_linear_gaussian,4,allouche_2012,sensitivity,mean_elevation_linear,quadratic,3,131,95.0100661396351,m,84.738452829912546,breeding-bird species richness,count,NA,640.37553825272073,NA,FALSE,NA,NA,NA,NA
Topography_delta_mean_elevation_linear_gaussian,4,allouche_2012,sensitivity,mean_elevation_linear,quadratic,3,132,95.735985767982669,m,84.768002563037982,breeding-bird species richness,count,NA,640.37553825272073,NA,FALSE,NA,NA,NA,NA
Topography_delta_mean_elevation_linear_gaussian,4,allouche_2012,sensitivity,mean_elevation_linear,quadratic,3,133,96.461905396330238,m,84.796966771081713,breeding-bird species richness,count,NA,640.37553825272073,NA,FALSE,NA,NA,NA,NA
Topography_delta_mean_elevation_linear_gaussian,4,allouche_2012,sensitivity,mean_elevation_linear,quadratic,3,134,97.187825024677821,m,84.825345454043756,breeding-bird species richness,count,NA,640.37553825272073,NA,FALSE,NA,NA,NA,NA
Topography_delta_mean_elevation_linear_gaussian,4,allouche_2012,sensitivity,mean_elevation_linear,quadratic,3,135,97.91374465302539,m,84.853138611924109,breeding-bird species richness,count,NA,640.37553825272073,NA,FALSE,NA,NA,NA,NA
Topography_delta_mean_elevation_linear_gaussian,4,allouche_2012,sensitivity,mean_elevation_linear,quadratic,3,136,98.639664281372958,m,84.880346244722759,breeding-bird species richness,count,NA,640.37553825272073,NA,FALSE,NA,NA,NA,NA
Topography_delta_mean_elevation_linear_gaussian,4,allouche_2012,sensitivity,mean_elevation_linear,quadratic,3,137,99.365583909720542,m,84.906968352439719,breeding-bird species richness,count,NA,640.37553825272073,NA,FALSE,NA,NA,NA,NA
Topography_delta_mean_elevation_linear_gaussian,4,allouche_2012,sensitivity,mean_elevation_linear,quadratic,3,138,100.09150353806811,m,84.93300493507499,breeding-bird species richness,count,NA,640.37553825272073,NA,FALSE,NA,NA,NA,NA
Topography_delta_mean_elevation_linear_gaussian,4,allouche_2012,sensitivity,mean_elevation_linear,quadratic,3,139,100.81742316641568,m,84.958455992628572,breeding-bird species richness,count,NA,640.37553825272073,NA,FALSE,NA,NA,NA,NA
Topography_delta_mean_elevation_linear_gaussian,4,allouche_2012,sensitivity,mean_elevation_linear,quadratic,3,140,101.54334279476326,m,84.98332152510045,breeding-bird species richness,count,NA,640.37553825272073,NA,FALSE,NA,NA,NA,NA
Topography_delta_mean_elevation_linear_gaussian,4,allouche_2012,sensitivity,mean_elevation_linear,quadratic,3,141,102.26926242311083,m,85.007601532490625,breeding-bird species richness,count,NA,640.37553825272073,NA,FALSE,NA,NA,NA,NA
Topography_delta_mean_elevation_linear_gaussian,4,allouche_2012,sensitivity,mean_elevation_linear,quadratic,3,142,102.9951820514584,m,85.031296014799125,breeding-bird species richness,count,NA,640.37553825272073,NA,FALSE,NA,NA,NA,NA
Topography_delta_mean_elevation_linear_gaussian,4,allouche_2012,sensitivity,mean_elevation_linear,quadratic,3,143,103.72110167980597,m,85.054404972025921,breeding-bird species richness,count,NA,640.37553825272073,NA,FALSE,NA,NA,NA,NA
Topography_delta_mean_elevation_linear_gaussian,4,allouche_2012,sensitivity,mean_elevation_linear,quadratic,3,144,104.44702130815355,m,85.076928404171028,breeding-bird species richness,count,NA,640.37553825272073,NA,FALSE,NA,NA,NA,NA
Topography_delta_mean_elevation_linear_gaussian,4,allouche_2012,sensitivity,mean_elevation_linear,quadratic,3,145,105.17294093650112,m,85.098866311234445,breeding-bird species richness,count,NA,640.37553825272073,NA,FALSE,NA,NA,NA,NA
Topography_delta_mean_elevation_linear_gaussian,4,allouche_2012,sensitivity,mean_elevation_linear,quadratic,3,146,105.89886056484869,m,85.12021869321616,breeding-bird species richness,count,NA,640.37553825272073,NA,FALSE,NA,NA,NA,NA
Topography_delta_mean_elevation_linear_gaussian,4,allouche_2012,sensitivity,mean_elevation_linear,quadratic,3,147,106.62478019319627,m,85.140985550116184,breeding-bird species richness,count,NA,640.37553825272073,NA,FALSE,NA,NA,NA,NA
Topography_delta_mean_elevation_linear_gaussian,4,allouche_2012,sensitivity,mean_elevation_linear,quadratic,3,148,107.35069982154384,m,85.161166881934506,breeding-bird species richness,count,NA,640.37553825272073,NA,FALSE,NA,NA,NA,NA
Topography_delta_mean_elevation_linear_gaussian,4,allouche_2012,sensitivity,mean_elevation_linear,quadratic,3,149,108.07661944989141,m,85.180762688671138,breeding-bird species richness,count,NA,640.37553825272073,NA,FALSE,NA,NA,NA,NA
Topography_delta_mean_elevation_linear_gaussian,4,allouche_2012,sensitivity,mean_elevation_linear,quadratic,3,150,108.80253907823899,m,85.19977297032608,breeding-bird species richness,count,NA,640.37553825272073,NA,FALSE,NA,NA,NA,NA
Topography_delta_mean_elevation_linear_gaussian,4,allouche_2012,sensitivity,mean_elevation_linear,quadratic,3,151,109.52845870658656,m,85.218197726899334,breeding-bird species richness,count,NA,640.37553825272073,NA,FALSE,NA,NA,NA,NA
Topography_delta_mean_elevation_linear_gaussian,4,allouche_2012,sensitivity,mean_elevation_linear,quadratic,3,152,110.25437833493413,m,85.236036958390883,breeding-bird species richness,count,NA,640.37553825272073,NA,FALSE,NA,NA,NA,NA
Topography_delta_mean_elevation_linear_gaussian,4,allouche_2012,sensitivity,mean_elevation_linear,quadratic,3,153,110.98029796328171,m,85.253290664800744,breeding-bird species richness,count,NA,640.37553825272073,NA,FALSE,NA,NA,NA,NA
Topography_delta_mean_elevation_linear_gaussian,4,allouche_2012,sensitivity,mean_elevation_linear,quadratic,3,154,111.70621759162928,m,85.269958846128915,breeding-bird species richness,count,NA,640.37553825272073,NA,FALSE,NA,NA,NA,NA
Topography_delta_mean_elevation_linear_gaussian,4,allouche_2012,sensitivity,mean_elevation_linear,quadratic,3,155,112.43213721997685,m,85.286041502375383,breeding-bird species richness,count,NA,640.37553825272073,NA,FALSE,NA,NA,NA,NA
Topography_delta_mean_elevation_linear_gaussian,4,allouche_2012,sensitivity,mean_elevation_linear,quadratic,3,156,113.15805684832443,m,85.301538633540176,breeding-bird species richness,count,NA,640.37553825272073,NA,FALSE,NA,NA,NA,NA
Topography_delta_mean_elevation_linear_gaussian,4,allouche_2012,sensitivity,mean_elevation_linear,quadratic,3,157,113.883976476672,m,85.316450239623265,breeding-bird species richness,count,NA,640.37553825272073,NA,FALSE,NA,NA,NA,NA
Topography_delta_mean_elevation_linear_gaussian,4,allouche_2012,sensitivity,mean_elevation_linear,quadratic,3,158,114.60989610501957,m,85.330776320624651,breeding-bird species richness,count,NA,640.37553825272073,NA,FALSE,NA,NA,NA,NA
Topography_delta_mean_elevation_linear_gaussian,4,allouche_2012,sensitivity,mean_elevation_linear,quadratic,3,159,115.33581573336716,m,85.344516876544347,breeding-bird species richness,count,NA,640.37553825272073,NA,FALSE,NA,NA,NA,NA
Topography_delta_mean_elevation_linear_gaussian,4,allouche_2012,sensitivity,mean_elevation_linear,quadratic,3,160,116.06173536171472,m,85.35767190738234,breeding-bird species richness,count,NA,640.37553825272073,NA,FALSE,NA,NA,NA,NA
Topography_delta_mean_elevation_linear_gaussian,4,allouche_2012,sensitivity,mean_elevation_linear,quadratic,3,161,116.78765499006229,m,85.370241413138658,breeding-bird species richness,count,NA,640.37553825272073,NA,FALSE,NA,NA,NA,NA
Topography_delta_mean_elevation_linear_gaussian,4,allouche_2012,sensitivity,mean_elevation_linear,quadratic,3,162,117.51357461840988,m,85.382225393813272,breeding-bird species richness,count,NA,640.37553825272073,NA,FALSE,NA,NA,NA,NA
Topography_delta_mean_elevation_linear_gaussian,4,allouche_2012,sensitivity,mean_elevation_linear,quadratic,3,163,118.23949424675745,m,85.393623849406197,breeding-bird species richness,count,NA,640.37553825272073,NA,FALSE,NA,NA,NA,NA
Topography_delta_mean_elevation_linear_gaussian,4,allouche_2012,sensitivity,mean_elevation_linear,quadratic,3,164,118.96541387510501,m,85.404436779917418,breeding-bird species richness,count,NA,640.37553825272073,NA,FALSE,NA,NA,NA,NA
Topography_delta_mean_elevation_linear_gaussian,4,allouche_2012,sensitivity,mean_elevation_linear,quadratic,3,165,119.6913335034526,m,85.41466418534695,breeding-bird species richness,count,NA,640.37553825272073,NA,FALSE,NA,NA,NA,NA
Topography_delta_mean_elevation_linear_gaussian,4,allouche_2012,sensitivity,mean_elevation_linear,quadratic,3,166,120.41725313180017,m,85.424306065694793,breeding-bird species richness,count,NA,640.37553825272073,NA,FALSE,NA,NA,NA,NA
Topography_delta_mean_elevation_linear_gaussian,4,allouche_2012,sensitivity,mean_elevation_linear,quadratic,3,167,121.14317276014773,m,85.433362420960933,breeding-bird species richness,count,NA,640.37553825272073,NA,FALSE,NA,NA,NA,NA
Topography_delta_mean_elevation_linear_gaussian,4,allouche_2012,sensitivity,mean_elevation_linear,quadratic,3,168,121.8690923884953,m,85.441833251145383,breeding-bird species richness,count,NA,640.37553825272073,NA,FALSE,NA,NA,NA,NA
Topography_delta_mean_elevation_linear_gaussian,4,allouche_2012,sensitivity,mean_elevation_linear,quadratic,3,169,122.59501201684289,m,85.449718556248143,breeding-bird species richness,count,NA,640.37553825272073,NA,FALSE,NA,NA,NA,NA
Topography_delta_mean_elevation_linear_gaussian,4,allouche_2012,sensitivity,mean_elevation_linear,quadratic,3,170,123.32093164519046,m,85.457018336269201,breeding-bird species richness,count,NA,640.37553825272073,NA,FALSE,NA,NA,NA,NA
Topography_delta_mean_elevation_linear_gaussian,4,allouche_2012,sensitivity,mean_elevation_linear,quadratic,3,171,124.04685127353802,m,85.463732591208569,breeding-bird species richness,count,NA,640.37553825272073,NA,FALSE,NA,NA,NA,NA
Topography_delta_mean_elevation_linear_gaussian,4,allouche_2012,sensitivity,mean_elevation_linear,quadratic,3,172,124.77277090188561,m,85.469861321066247,breeding-bird species richness,count,NA,640.37553825272073,NA,FALSE,NA,NA,NA,NA
Topography_delta_mean_elevation_linear_gaussian,4,allouche_2012,sensitivity,mean_elevation_linear,quadratic,3,173,125.49869053023318,m,85.475404525842237,breeding-bird species richness,count,NA,640.37553825272073,NA,FALSE,NA,NA,NA,NA
Topography_delta_mean_elevation_linear_gaussian,4,allouche_2012,sensitivity,mean_elevation_linear,quadratic,3,174,126.22461015858075,m,85.480362205536522,breeding-bird species richness,count,NA,640.37553825272073,NA,FALSE,NA,NA,NA,NA
Topography_delta_mean_elevation_linear_gaussian,4,allouche_2012,sensitivity,mean_elevation_linear,quadratic,3,175,126.95052978692833,m,85.484734360149119,breeding-bird species richness,count,NA,640.37553825272073,NA,FALSE,NA,NA,NA,NA
Topography_delta_mean_elevation_linear_gaussian,4,allouche_2012,sensitivity,mean_elevation_linear,quadratic,3,176,127.6764494152759,m,85.488520989680012,breeding-bird species richness,count,NA,640.37553825272073,NA,FALSE,NA,NA,NA,NA
Topography_delta_mean_elevation_linear_gaussian,4,allouche_2012,sensitivity,mean_elevation_linear,quadratic,3,177,128.40236904362348,m,85.491722094129216,breeding-bird species richness,count,NA,640.37553825272073,NA,FALSE,NA,NA,NA,NA
Topography_delta_mean_elevation_linear_gaussian,4,allouche_2012,sensitivity,mean_elevation_linear,quadratic,3,178,129.12828867197106,m,85.49433767349673,breeding-bird species richness,count,NA,640.37553825272073,NA,FALSE,NA,NA,NA,NA
Topography_delta_mean_elevation_linear_gaussian,4,allouche_2012,sensitivity,mean_elevation_linear,quadratic,3,179,129.85420830031865,m,85.496367727782541,breeding-bird species richness,count,NA,640.37553825272073,NA,FALSE,NA,NA,NA,NA
Topography_delta_mean_elevation_linear_gaussian,4,allouche_2012,sensitivity,mean_elevation_linear,quadratic,3,180,130.5801279286662,m,85.497812256986677,breeding-bird species richness,count,NA,640.37553825272073,NA,FALSE,NA,NA,NA,NA
Topography_delta_mean_elevation_linear_gaussian,4,allouche_2012,sensitivity,mean_elevation_linear,quadratic,3,181,131.30604755701378,m,85.498671261109095,breeding-bird species richness,count,NA,640.37553825272073,NA,FALSE,NA,NA,NA,NA
Topography_delta_mean_elevation_linear_gaussian,4,allouche_2012,sensitivity,mean_elevation_linear,quadratic,3,182,132.03196718536134,m,85.498944740149838,breeding-bird species richness,count,NA,640.37553825272073,NA,FALSE,NA,NA,NA,NA
Topography_delta_mean_elevation_linear_gaussian,4,allouche_2012,sensitivity,mean_elevation_linear,quadratic,3,183,132.75788681370892,m,85.498632694108878,breeding-bird species richness,count,NA,640.37553825272073,NA,FALSE,NA,NA,NA,NA
Topography_delta_mean_elevation_linear_gaussian,4,allouche_2012,sensitivity,mean_elevation_linear,quadratic,3,184,133.4838064420565,m,85.497735122986228,breeding-bird species richness,count,NA,640.37553825272073,NA,FALSE,NA,NA,NA,NA
Topography_delta_mean_elevation_linear_gaussian,4,allouche_2012,sensitivity,mean_elevation_linear,quadratic,3,185,134.20972607040406,m,85.496252026781889,breeding-bird species richness,count,NA,640.37553825272073,NA,FALSE,NA,NA,NA,NA
Topography_delta_mean_elevation_linear_gaussian,4,allouche_2012,sensitivity,mean_elevation_linear,quadratic,3,186,134.93564569875164,m,85.494183405495846,breeding-bird species richness,count,NA,640.37553825272073,NA,FALSE,NA,NA,NA,NA
Topography_delta_mean_elevation_linear_gaussian,4,allouche_2012,sensitivity,mean_elevation_linear,quadratic,3,187,135.66156532709923,m,85.491529259128114,breeding-bird species richness,count,NA,640.37553825272073,NA,FALSE,NA,NA,NA,NA
Topography_delta_mean_elevation_linear_gaussian,4,allouche_2012,sensitivity,mean_elevation_linear,quadratic,3,188,136.38748495544678,m,85.488289587678693,breeding-bird species richness,count,NA,640.37553825272073,NA,FALSE,NA,NA,NA,NA
Topography_delta_mean_elevation_linear_gaussian,4,allouche_2012,sensitivity,mean_elevation_linear,quadratic,3,189,137.11340458379436,m,85.484464391147569,breeding-bird species richness,count,NA,640.37553825272073,NA,FALSE,NA,NA,NA,NA
Topography_delta_mean_elevation_linear_gaussian,4,allouche_2012,sensitivity,mean_elevation_linear,quadratic,3,190,137.83932421214195,m,85.480053669534755,breeding-bird species richness,count,NA,640.37553825272073,NA,FALSE,NA,NA,NA,NA
Topography_delta_mean_elevation_linear_gaussian,4,allouche_2012,sensitivity,mean_elevation_linear,quadratic,3,191,138.5652438404895,m,85.475057422840237,breeding-bird species richness,count,NA,640.37553825272073,NA,FALSE,NA,NA,NA,NA
Topography_delta_mean_elevation_linear_gaussian,4,allouche_2012,sensitivity,mean_elevation_linear,quadratic,3,192,139.29116346883708,m,85.469475651064045,breeding-bird species richness,count,NA,640.37553825272073,NA,FALSE,NA,NA,NA,NA
Topography_delta_mean_elevation_linear_gaussian,4,allouche_2012,sensitivity,mean_elevation_linear,quadratic,3,193,140.01708309718467,m,85.463308354206148,breeding-bird species richness,count,NA,640.37553825272073,NA,FALSE,NA,NA,NA,NA
Topography_delta_mean_elevation_linear_gaussian,4,allouche_2012,sensitivity,mean_elevation_linear,quadratic,3,194,140.74300272553222,m,85.456555532266549,breeding-bird species richness,count,NA,640.37553825272073,NA,FALSE,NA,NA,NA,NA
Topography_delta_mean_elevation_linear_gaussian,4,allouche_2012,sensitivity,mean_elevation_linear,quadratic,3,195,141.4689223538798,m,85.449217185245288,breeding-bird species richness,count,NA,640.37553825272073,NA,FALSE,NA,NA,NA,NA
Topography_delta_mean_elevation_linear_gaussian,4,allouche_2012,sensitivity,mean_elevation_linear,quadratic,3,196,142.19484198222739,m,85.441293313142296,breeding-bird species richness,count,NA,640.37553825272073,NA,FALSE,NA,NA,NA,NA
Topography_delta_mean_elevation_linear_gaussian,4,allouche_2012,sensitivity,mean_elevation_linear,quadratic,3,197,142.92076161057494,m,85.432783915957614,breeding-bird species richness,count,NA,640.37553825272073,NA,FALSE,NA,NA,NA,NA
Topography_delta_mean_elevation_linear_gaussian,4,allouche_2012,sensitivity,mean_elevation_linear,quadratic,3,198,143.64668123892253,m,85.423688993691272,breeding-bird species richness,count,NA,640.37553825272073,NA,FALSE,NA,NA,NA,NA
Topography_delta_mean_elevation_linear_gaussian,4,allouche_2012,sensitivity,mean_elevation_linear,quadratic,3,199,144.37260086727011,m,85.414008546343211,breeding-bird species richness,count,NA,640.37553825272073,NA,FALSE,NA,NA,NA,NA
Topography_delta_mean_elevation_linear_gaussian,4,allouche_2012,sensitivity,mean_elevation_linear,quadratic,3,200,145.09852049561766,m,85.403742573913448,breeding-bird species richness,count,NA,640.37553825272073,NA,FALSE,NA,NA,NA,NA
Topography_delta_mean_elevation_quadratic_gaussian,5,allouche_2012,sensitivity,mean_elevation_quadratic,linear,1,1,0.64051445445055877,m,77.007658809218583,breeding-bird species richness,count,NA,640.37553825272073,657127.88856165914,FALSE,NA,NA,NA,NA
Topography_delta_mean_elevation_quadratic_gaussian,5,allouche_2012,sensitivity,mean_elevation_quadratic,linear,1,2,1.3664340827981323,m,77.066792883211676,breeding-bird species richness,count,NA,640.37553825272073,657127.88856165914,FALSE,NA,NA,NA,NA
Topography_delta_mean_elevation_quadratic_gaussian,5,allouche_2012,sensitivity,mean_elevation_quadratic,linear,1,3,2.0923537111457056,m,77.125926957204754,breeding-bird species richness,count,NA,640.37553825272073,657127.88856165914,FALSE,NA,NA,NA,NA
Topography_delta_mean_elevation_quadratic_gaussian,5,allouche_2012,sensitivity,mean_elevation_quadratic,linear,1,4,2.8182733394932793,m,77.185061031197847,breeding-bird species richness,count,NA,640.37553825272073,657127.88856165914,FALSE,NA,NA,NA,NA
Topography_delta_mean_elevation_quadratic_gaussian,5,allouche_2012,sensitivity,mean_elevation_quadratic,linear,1,5,3.5441929678408526,m,77.244195105190926,breeding-bird species richness,count,NA,640.37553825272073,657127.88856165914,FALSE,NA,NA,NA,NA
Topography_delta_mean_elevation_quadratic_gaussian,5,allouche_2012,sensitivity,mean_elevation_quadratic,linear,1,6,4.2701125961884259,m,77.303329179184018,breeding-bird species richness,count,NA,640.37553825272073,657127.88856165914,FALSE,NA,NA,NA,NA
Topography_delta_mean_elevation_quadratic_gaussian,5,allouche_2012,sensitivity,mean_elevation_quadratic,linear,1,7,4.9960322245359992,m,77.362463253177111,breeding-bird species richness,count,NA,640.37553825272073,657127.88856165914,FALSE,NA,NA,NA,NA
Topography_delta_mean_elevation_quadratic_gaussian,5,allouche_2012,sensitivity,mean_elevation_quadratic,linear,1,8,5.7219518528835724,m,77.42159732717019,breeding-bird species richness,count,NA,640.37553825272073,657127.88856165914,FALSE,NA,NA,NA,NA
Topography_delta_mean_elevation_quadratic_gaussian,5,allouche_2012,sensitivity,mean_elevation_quadratic,linear,1,9,6.4478714812311457,m,77.480731401163283,breeding-bird species richness,count,NA,640.37553825272073,657127.88856165914,FALSE,NA,NA,NA,NA
Topography_delta_mean_elevation_quadratic_gaussian,5,allouche_2012,sensitivity,mean_elevation_quadratic,linear,1,10,7.173791109578719,m,77.539865475156375,breeding-bird species richness,count,NA,640.37553825272073,657127.88856165914,FALSE,NA,NA,NA,NA
Topography_delta_mean_elevation_quadratic_gaussian,5,allouche_2012,sensitivity,mean_elevation_quadratic,linear,1,11,7.8997107379262923,m,77.598999549149454,breeding-bird species richness,count,NA,640.37553825272073,657127.88856165914,FALSE,NA,NA,NA,NA
Topography_delta_mean_elevation_quadratic_gaussian,5,allouche_2012,sensitivity,mean_elevation_quadratic,linear,1,12,8.6256303662738656,m,77.658133623142547,breeding-bird species richness,count,NA,640.37553825272073,657127.88856165914,FALSE,NA,NA,NA,NA
Topography_delta_mean_elevation_quadratic_gaussian,5,allouche_2012,sensitivity,mean_elevation_quadratic,linear,1,13,9.3515499946214398,m,77.717267697135625,breeding-bird species richness,count,NA,640.37553825272073,657127.88856165914,FALSE,NA,NA,NA,NA
Topography_delta_mean_elevation_quadratic_gaussian,5,allouche_2012,sensitivity,mean_elevation_quadratic,linear,1,14,10.077469622969012,m,77.776401771128718,breeding-bird species richness,count,NA,640.37553825272073,657127.88856165914,FALSE,NA,NA,NA,NA
Topography_delta_mean_elevation_quadratic_gaussian,5,allouche_2012,sensitivity,mean_elevation_quadratic,linear,1,15,10.803389251316586,m,77.835535845121811,breeding-bird species richness,count,NA,640.37553825272073,657127.88856165914,FALSE,NA,NA,NA,NA
Topography_delta_mean_elevation_quadratic_gaussian,5,allouche_2012,sensitivity,mean_elevation_quadratic,linear,1,16,11.529308879664159,m,77.894669919114889,breeding-bird species richness,count,NA,640.37553825272073,657127.88856165914,FALSE,NA,NA,NA,NA
Topography_delta_mean_elevation_quadratic_gaussian,5,allouche_2012,sensitivity,mean_elevation_quadratic,linear,1,17,12.255228508011733,m,77.953803993107982,breeding-bird species richness,count,NA,640.37553825272073,657127.88856165914,FALSE,NA,NA,NA,NA
Topography_delta_mean_elevation_quadratic_gaussian,5,allouche_2012,sensitivity,mean_elevation_quadratic,linear,1,18,12.981148136359307,m,78.012938067101075,breeding-bird species richness,count,NA,640.37553825272073,657127.88856165914,FALSE,NA,NA,NA,NA
Topography_delta_mean_elevation_quadratic_gaussian,5,allouche_2012,sensitivity,mean_elevation_quadratic,linear,1,19,13.707067764706879,m,78.072072141094154,breeding-bird species richness,count,NA,640.37553825272073,657127.88856165914,FALSE,NA,NA,NA,NA
Topography_delta_mean_elevation_quadratic_gaussian,5,allouche_2012,sensitivity,mean_elevation_quadratic,linear,1,20,14.432987393054454,m,78.131206215087246,breeding-bird species richness,count,NA,640.37553825272073,657127.88856165914,FALSE,NA,NA,NA,NA
Topography_delta_mean_elevation_quadratic_gaussian,5,allouche_2012,sensitivity,mean_elevation_quadratic,linear,1,21,15.158907021402026,m,78.190340289080325,breeding-bird species richness,count,NA,640.37553825272073,657127.88856165914,FALSE,NA,NA,NA,NA
Topography_delta_mean_elevation_quadratic_gaussian,5,allouche_2012,sensitivity,mean_elevation_quadratic,linear,1,22,15.8848266497496,m,78.249474363073418,breeding-bird species richness,count,NA,640.37553825272073,657127.88856165914,FALSE,NA,NA,NA,NA
Topography_delta_mean_elevation_quadratic_gaussian,5,allouche_2012,sensitivity,mean_elevation_quadratic,linear,1,23,16.610746278097174,m,78.308608437066511,breeding-bird species richness,count,NA,640.37553825272073,657127.88856165914,FALSE,NA,NA,NA,NA
Topography_delta_mean_elevation_quadratic_gaussian,5,allouche_2012,sensitivity,mean_elevation_quadratic,linear,1,24,17.336665906444747,m,78.367742511059589,breeding-bird species richness,count,NA,640.37553825272073,657127.88856165914,FALSE,NA,NA,NA,NA
Topography_delta_mean_elevation_quadratic_gaussian,5,allouche_2012,sensitivity,mean_elevation_quadratic,linear,1,25,18.062585534792323,m,78.426876585052682,breeding-bird species richness,count,NA,640.37553825272073,657127.88856165914,FALSE,NA,NA,NA,NA
Topography_delta_mean_elevation_quadratic_gaussian,5,allouche_2012,sensitivity,mean_elevation_quadratic,linear,1,26,18.788505163139895,m,78.486010659045775,breeding-bird species richness,count,NA,640.37553825272073,657127.88856165914,FALSE,NA,NA,NA,NA
Topography_delta_mean_elevation_quadratic_gaussian,5,allouche_2012,sensitivity,mean_elevation_quadratic,linear,1,27,19.514424791487468,m,78.545144733038853,breeding-bird species richness,count,NA,640.37553825272073,657127.88856165914,FALSE,NA,NA,NA,NA
Topography_delta_mean_elevation_quadratic_gaussian,5,allouche_2012,sensitivity,mean_elevation_quadratic,linear,1,28,20.240344419835044,m,78.604278807031946,breeding-bird species richness,count,NA,640.37553825272073,657127.88856165914,FALSE,NA,NA,NA,NA
Topography_delta_mean_elevation_quadratic_gaussian,5,allouche_2012,sensitivity,mean_elevation_quadratic,linear,1,29,20.966264048182616,m,78.663412881025025,breeding-bird species richness,count,NA,640.37553825272073,657127.88856165914,FALSE,NA,NA,NA,NA
Topography_delta_mean_elevation_quadratic_gaussian,5,allouche_2012,sensitivity,mean_elevation_quadratic,linear,1,30,21.692183676530188,m,78.722546955018117,breeding-bird species richness,count,NA,640.37553825272073,657127.88856165914,FALSE,NA,NA,NA,NA
Topography_delta_mean_elevation_quadratic_gaussian,5,allouche_2012,sensitivity,mean_elevation_quadratic,linear,1,31,22.418103304877761,m,78.78168102901121,breeding-bird species richness,count,NA,640.37553825272073,657127.88856165914,FALSE,NA,NA,NA,NA
Topography_delta_mean_elevation_quadratic_gaussian,5,allouche_2012,sensitivity,mean_elevation_quadratic,linear,1,32,23.144022933225337,m,78.840815103004289,breeding-bird species richness,count,NA,640.37553825272073,657127.88856165914,FALSE,NA,NA,NA,NA
Topography_delta_mean_elevation_quadratic_gaussian,5,allouche_2012,sensitivity,mean_elevation_quadratic,linear,1,33,23.869942561572909,m,78.899949176997382,breeding-bird species richness,count,NA,640.37553825272073,657127.88856165914,FALSE,NA,NA,NA,NA
Topography_delta_mean_elevation_quadratic_gaussian,5,allouche_2012,sensitivity,mean_elevation_quadratic,linear,1,34,24.595862189920481,m,78.959083250990474,breeding-bird species richness,count,NA,640.37553825272073,657127.88856165914,FALSE,NA,NA,NA,NA
Topography_delta_mean_elevation_quadratic_gaussian,5,allouche_2012,sensitivity,mean_elevation_quadratic,linear,1,35,25.321781818268057,m,79.018217324983553,breeding-bird species richness,count,NA,640.37553825272073,657127.88856165914,FALSE,NA,NA,NA,NA
Topography_delta_mean_elevation_quadratic_gaussian,5,allouche_2012,sensitivity,mean_elevation_quadratic,linear,1,36,26.04770144661563,m,79.077351398976646,breeding-bird species richness,count,NA,640.37553825272073,657127.88856165914,FALSE,NA,NA,NA,NA
Topography_delta_mean_elevation_quadratic_gaussian,5,allouche_2012,sensitivity,mean_elevation_quadratic,linear,1,37,26.773621074963202,m,79.136485472969724,breeding-bird species richness,count,NA,640.37553825272073,657127.88856165914,FALSE,NA,NA,NA,NA
Topography_delta_mean_elevation_quadratic_gaussian,5,allouche_2012,sensitivity,mean_elevation_quadratic,linear,1,38,27.499540703310775,m,79.195619546962817,breeding-bird species richness,count,NA,640.37553825272073,657127.88856165914,FALSE,NA,NA,NA,NA
Topography_delta_mean_elevation_quadratic_gaussian,5,allouche_2012,sensitivity,mean_elevation_quadratic,linear,1,39,28.225460331658351,m,79.25475362095591,breeding-bird species richness,count,NA,640.37553825272073,657127.88856165914,FALSE,NA,NA,NA,NA
Topography_delta_mean_elevation_quadratic_gaussian,5,allouche_2012,sensitivity,mean_elevation_quadratic,linear,1,40,28.951379960005923,m,79.313887694948988,breeding-bird species richness,count,NA,640.37553825272073,657127.88856165914,FALSE,NA,NA,NA,NA
Topography_delta_mean_elevation_quadratic_gaussian,5,allouche_2012,sensitivity,mean_elevation_quadratic,linear,1,41,29.677299588353495,m,79.373021768942081,breeding-bird species richness,count,NA,640.37553825272073,657127.88856165914,FALSE,NA,NA,NA,NA
Topography_delta_mean_elevation_quadratic_gaussian,5,allouche_2012,sensitivity,mean_elevation_quadratic,linear,1,42,30.403219216701071,m,79.432155842935174,breeding-bird species richness,count,NA,640.37553825272073,657127.88856165914,FALSE,NA,NA,NA,NA
Topography_delta_mean_elevation_quadratic_gaussian,5,allouche_2012,sensitivity,mean_elevation_quadratic,linear,1,43,31.129138845048644,m,79.491289916928253,breeding-bird species richness,count,NA,640.37553825272073,657127.88856165914,FALSE,NA,NA,NA,NA
Topography_delta_mean_elevation_quadratic_gaussian,5,allouche_2012,sensitivity,mean_elevation_quadratic,linear,1,44,31.855058473396216,m,79.550423990921345,breeding-bird species richness,count,NA,640.37553825272073,657127.88856165914,FALSE,NA,NA,NA,NA
Topography_delta_mean_elevation_quadratic_gaussian,5,allouche_2012,sensitivity,mean_elevation_quadratic,linear,1,45,32.580978101743788,m,79.609558064914424,breeding-bird species richness,count,NA,640.37553825272073,657127.88856165914,FALSE,NA,NA,NA,NA
Topography_delta_mean_elevation_quadratic_gaussian,5,allouche_2012,sensitivity,mean_elevation_quadratic,linear,1,46,33.306897730091364,m,79.668692138907517,breeding-bird species richness,count,NA,640.37553825272073,657127.88856165914,FALSE,NA,NA,NA,NA
Topography_delta_mean_elevation_quadratic_gaussian,5,allouche_2012,sensitivity,mean_elevation_quadratic,linear,1,47,34.032817358438933,m,79.727826212900609,breeding-bird species richness,count,NA,640.37553825272073,657127.88856165914,FALSE,NA,NA,NA,NA
Topography_delta_mean_elevation_quadratic_gaussian,5,allouche_2012,sensitivity,mean_elevation_quadratic,linear,1,48,34.758736986786509,m,79.786960286893688,breeding-bird species richness,count,NA,640.37553825272073,657127.88856165914,FALSE,NA,NA,NA,NA
Topography_delta_mean_elevation_quadratic_gaussian,5,allouche_2012,sensitivity,mean_elevation_quadratic,linear,1,49,35.484656615134085,m,79.846094360886781,breeding-bird species richness,count,NA,640.37553825272073,657127.88856165914,FALSE,NA,NA,NA,NA
Topography_delta_mean_elevation_quadratic_gaussian,5,allouche_2012,sensitivity,mean_elevation_quadratic,linear,1,50,36.210576243481654,m,79.905228434879874,breeding-bird species richness,count,NA,640.37553825272073,657127.88856165914,FALSE,NA,NA,NA,NA
Topography_delta_mean_elevation_quadratic_gaussian,5,allouche_2012,sensitivity,mean_elevation_quadratic,linear,1,51,36.93649587182923,m,79.964362508872952,breeding-bird species richness,count,NA,640.37553825272073,657127.88856165914,FALSE,NA,NA,NA,NA
Topography_delta_mean_elevation_quadratic_gaussian,5,allouche_2012,sensitivity,mean_elevation_quadratic,linear,1,52,37.662415500176806,m,80.023496582866045,breeding-bird species richness,count,NA,640.37553825272073,657127.88856165914,FALSE,NA,NA,NA,NA
Topography_delta_mean_elevation_quadratic_gaussian,5,allouche_2012,sensitivity,mean_elevation_quadratic,linear,1,53,38.388335128524375,m,80.082630656859138,breeding-bird species richness,count,NA,640.37553825272073,657127.88856165914,FALSE,NA,NA,NA,NA
Topography_delta_mean_elevation_quadratic_gaussian,5,allouche_2012,sensitivity,mean_elevation_quadratic,linear,1,54,39.114254756871951,m,80.141764730852216,breeding-bird species richness,count,NA,640.37553825272073,657127.88856165914,FALSE,NA,NA,NA,NA
Topography_delta_mean_elevation_quadratic_gaussian,5,allouche_2012,sensitivity,mean_elevation_quadratic,linear,1,55,39.840174385219527,m,80.200898804845309,breeding-bird species richness,count,NA,640.37553825272073,657127.88856165914,FALSE,NA,NA,NA,NA
Topography_delta_mean_elevation_quadratic_gaussian,5,allouche_2012,sensitivity,mean_elevation_quadratic,linear,1,56,40.566094013567096,m,80.260032878838388,breeding-bird species richness,count,NA,640.37553825272073,657127.88856165914,FALSE,NA,NA,NA,NA
Topography_delta_mean_elevation_quadratic_gaussian,5,allouche_2012,sensitivity,mean_elevation_quadratic,linear,1,57,41.292013641914671,m,80.31916695283148,breeding-bird species richness,count,NA,640.37553825272073,657127.88856165914,FALSE,NA,NA,NA,NA
Topography_delta_mean_elevation_quadratic_gaussian,5,allouche_2012,sensitivity,mean_elevation_quadratic,linear,1,58,42.017933270262247,m,80.378301026824573,breeding-bird species richness,count,NA,640.37553825272073,657127.88856165914,FALSE,NA,NA,NA,NA
Topography_delta_mean_elevation_quadratic_gaussian,5,allouche_2012,sensitivity,mean_elevation_quadratic,linear,1,59,42.743852898609816,m,80.437435100817652,breeding-bird species richness,count,NA,640.37553825272073,657127.88856165914,FALSE,NA,NA,NA,NA
Topography_delta_mean_elevation_quadratic_gaussian,5,allouche_2012,sensitivity,mean_elevation_quadratic,linear,1,60,43.469772526957392,m,80.496569174810745,breeding-bird species richness,count,NA,640.37553825272073,657127.88856165914,FALSE,NA,NA,NA,NA
Topography_delta_mean_elevation_quadratic_gaussian,5,allouche_2012,sensitivity,mean_elevation_quadratic,linear,1,61,44.195692155304961,m,80.555703248803837,breeding-bird species richness,count,NA,640.37553825272073,657127.88856165914,FALSE,NA,NA,NA,NA
Topography_delta_mean_elevation_quadratic_gaussian,5,allouche_2012,sensitivity,mean_elevation_quadratic,linear,1,62,44.921611783652537,m,80.614837322796916,breeding-bird species richness,count,NA,640.37553825272073,657127.88856165914,FALSE,NA,NA,NA,NA
Topography_delta_mean_elevation_quadratic_gaussian,5,allouche_2012,sensitivity,mean_elevation_quadratic,linear,1,63,45.647531412000113,m,80.673971396790009,breeding-bird species richness,count,NA,640.37553825272073,657127.88856165914,FALSE,NA,NA,NA,NA
Topography_delta_mean_elevation_quadratic_gaussian,5,allouche_2012,sensitivity,mean_elevation_quadratic,linear,1,64,46.373451040347682,m,80.733105470783087,breeding-bird species richness,count,NA,640.37553825272073,657127.88856165914,FALSE,NA,NA,NA,NA
Topography_delta_mean_elevation_quadratic_gaussian,5,allouche_2012,sensitivity,mean_elevation_quadratic,linear,1,65,47.099370668695258,m,80.79223954477618,breeding-bird species richness,count,NA,640.37553825272073,657127.88856165914,FALSE,NA,NA,NA,NA
Topography_delta_mean_elevation_quadratic_gaussian,5,allouche_2012,sensitivity,mean_elevation_quadratic,linear,1,66,47.825290297042834,m,80.851373618769273,breeding-bird species richness,count,NA,640.37553825272073,657127.88856165914,FALSE,NA,NA,NA,NA
Topography_delta_mean_elevation_quadratic_gaussian,5,allouche_2012,sensitivity,mean_elevation_quadratic,linear,1,67,48.551209925390403,m,80.910507692762351,breeding-bird species richness,count,NA,640.37553825272073,657127.88856165914,FALSE,NA,NA,NA,NA
Topography_delta_mean_elevation_quadratic_gaussian,5,allouche_2012,sensitivity,mean_elevation_quadratic,linear,1,68,49.277129553737979,m,80.969641766755444,breeding-bird species richness,count,NA,640.37553825272073,657127.88856165914,FALSE,NA,NA,NA,NA
Topography_delta_mean_elevation_quadratic_gaussian,5,allouche_2012,sensitivity,mean_elevation_quadratic,linear,1,69,50.003049182085554,m,81.028775840748537,breeding-bird species richness,count,NA,640.37553825272073,657127.88856165914,FALSE,NA,NA,NA,NA
Topography_delta_mean_elevation_quadratic_gaussian,5,allouche_2012,sensitivity,mean_elevation_quadratic,linear,1,70,50.728968810433123,m,81.087909914741616,breeding-bird species richness,count,NA,640.37553825272073,657127.88856165914,FALSE,NA,NA,NA,NA
Topography_delta_mean_elevation_quadratic_gaussian,5,allouche_2012,sensitivity,mean_elevation_quadratic,linear,1,71,51.454888438780699,m,81.147043988734708,breeding-bird species richness,count,NA,640.37553825272073,657127.88856165914,FALSE,NA,NA,NA,NA
Topography_delta_mean_elevation_quadratic_gaussian,5,allouche_2012,sensitivity,mean_elevation_quadratic,linear,1,72,52.180808067128268,m,81.206178062727787,breeding-bird species richness,count,NA,640.37553825272073,657127.88856165914,FALSE,NA,NA,NA,NA
Topography_delta_mean_elevation_quadratic_gaussian,5,allouche_2012,sensitivity,mean_elevation_quadratic,linear,1,73,52.906727695475844,m,81.26531213672088,breeding-bird species richness,count,NA,640.37553825272073,657127.88856165914,FALSE,NA,NA,NA,NA
Topography_delta_mean_elevation_quadratic_gaussian,5,allouche_2012,sensitivity,mean_elevation_quadratic,linear,1,74,53.63264732382342,m,81.324446210713973,breeding-bird species richness,count,NA,640.37553825272073,657127.88856165914,FALSE,NA,NA,NA,NA
Topography_delta_mean_elevation_quadratic_gaussian,5,allouche_2012,sensitivity,mean_elevation_quadratic,linear,1,75,54.358566952170989,m,81.383580284707051,breeding-bird species richness,count,NA,640.37553825272073,657127.88856165914,FALSE,NA,NA,NA,NA
Topography_delta_mean_elevation_quadratic_gaussian,5,allouche_2012,sensitivity,mean_elevation_quadratic,linear,1,76,55.084486580518565,m,81.442714358700144,breeding-bird species richness,count,NA,640.37553825272073,657127.88856165914,FALSE,NA,NA,NA,NA
Topography_delta_mean_elevation_quadratic_gaussian,5,allouche_2012,sensitivity,mean_elevation_quadratic,linear,1,77,55.810406208866141,m,81.501848432693237,breeding-bird species richness,count,NA,640.37553825272073,657127.88856165914,FALSE,NA,NA,NA,NA
Topography_delta_mean_elevation_quadratic_gaussian,5,allouche_2012,sensitivity,mean_elevation_quadratic,linear,1,78,56.53632583721371,m,81.560982506686315,breeding-bird species richness,count,NA,640.37553825272073,657127.88856165914,FALSE,NA,NA,NA,NA
Topography_delta_mean_elevation_quadratic_gaussian,5,allouche_2012,sensitivity,mean_elevation_quadratic,linear,1,79,57.262245465561286,m,81.620116580679408,breeding-bird species richness,count,NA,640.37553825272073,657127.88856165914,FALSE,NA,NA,NA,NA
Topography_delta_mean_elevation_quadratic_gaussian,5,allouche_2012,sensitivity,mean_elevation_quadratic,linear,1,80,57.988165093908862,m,81.679250654672487,breeding-bird species richness,count,NA,640.37553825272073,657127.88856165914,FALSE,NA,NA,NA,NA
Topography_delta_mean_elevation_quadratic_gaussian,5,allouche_2012,sensitivity,mean_elevation_quadratic,linear,1,81,58.71408472225643,m,81.738384728665579,breeding-bird species richness,count,NA,640.37553825272073,657127.88856165914,FALSE,NA,NA,NA,NA
Topography_delta_mean_elevation_quadratic_gaussian,5,allouche_2012,sensitivity,mean_elevation_quadratic,linear,1,82,59.440004350604006,m,81.797518802658672,breeding-bird species richness,count,NA,640.37553825272073,657127.88856165914,FALSE,NA,NA,NA,NA
Topography_delta_mean_elevation_quadratic_gaussian,5,allouche_2012,sensitivity,mean_elevation_quadratic,linear,1,83,60.165923978951582,m,81.856652876651751,breeding-bird species richness,count,NA,640.37553825272073,657127.88856165914,FALSE,NA,NA,NA,NA
Topography_delta_mean_elevation_quadratic_gaussian,5,allouche_2012,sensitivity,mean_elevation_quadratic,linear,1,84,60.891843607299151,m,81.915786950644844,breeding-bird species richness,count,NA,640.37553825272073,657127.88856165914,FALSE,NA,NA,NA,NA
Topography_delta_mean_elevation_quadratic_gaussian,5,allouche_2012,sensitivity,mean_elevation_quadratic,linear,1,85,61.617763235646727,m,81.974921024637936,breeding-bird species richness,count,NA,640.37553825272073,657127.88856165914,FALSE,NA,NA,NA,NA
Topography_delta_mean_elevation_quadratic_gaussian,5,allouche_2012,sensitivity,mean_elevation_quadratic,linear,1,86,62.343682863994296,m,82.034055098631015,breeding-bird species richness,count,NA,640.37553825272073,657127.88856165914,FALSE,NA,NA,NA,NA
Topography_delta_mean_elevation_quadratic_gaussian,5,allouche_2012,sensitivity,mean_elevation_quadratic,linear,1,87,63.069602492341872,m,82.093189172624108,breeding-bird species richness,count,NA,640.37553825272073,657127.88856165914,FALSE,NA,NA,NA,NA
Topography_delta_mean_elevation_quadratic_gaussian,5,allouche_2012,sensitivity,mean_elevation_quadratic,linear,1,88,63.795522120689448,m,82.152323246617186,breeding-bird species richness,count,NA,640.37553825272073,657127.88856165914,FALSE,NA,NA,NA,NA
Topography_delta_mean_elevation_quadratic_gaussian,5,allouche_2012,sensitivity,mean_elevation_quadratic,linear,1,89,64.52144174903701,m,82.211457320610279,breeding-bird species richness,count,NA,640.37553825272073,657127.88856165914,FALSE,NA,NA,NA,NA
Topography_delta_mean_elevation_quadratic_gaussian,5,allouche_2012,sensitivity,mean_elevation_quadratic,linear,1,90,65.247361377384593,m,82.270591394603372,breeding-bird species richness,count,NA,640.37553825272073,657127.88856165914,FALSE,NA,NA,NA,NA
Topography_delta_mean_elevation_quadratic_gaussian,5,allouche_2012,sensitivity,mean_elevation_quadratic,linear,1,91,65.973281005732161,m,82.32972546859645,breeding-bird species richness,count,NA,640.37553825272073,657127.88856165914,FALSE,NA,NA,NA,NA
Topography_delta_mean_elevation_quadratic_gaussian,5,allouche_2012,sensitivity,mean_elevation_quadratic,linear,1,92,66.69920063407973,m,82.388859542589543,breeding-bird species richness,count,NA,640.37553825272073,657127.88856165914,FALSE,NA,NA,NA,NA
Topography_delta_mean_elevation_quadratic_gaussian,5,allouche_2012,sensitivity,mean_elevation_quadratic,linear,1,93,67.425120262427299,m,82.447993616582636,breeding-bird species richness,count,NA,640.37553825272073,657127.88856165914,FALSE,NA,NA,NA,NA
Topography_delta_mean_elevation_quadratic_gaussian,5,allouche_2012,sensitivity,mean_elevation_quadratic,linear,1,94,68.151039890774882,m,82.507127690575714,breeding-bird species richness,count,NA,640.37553825272073,657127.88856165914,FALSE,NA,NA,NA,NA
Topography_delta_mean_elevation_quadratic_gaussian,5,allouche_2012,sensitivity,mean_elevation_quadratic,linear,1,95,68.876959519122451,m,82.566261764568807,breeding-bird species richness,count,NA,640.37553825272073,657127.88856165914,FALSE,NA,NA,NA,NA
Topography_delta_mean_elevation_quadratic_gaussian,5,allouche_2012,sensitivity,mean_elevation_quadratic,linear,1,96,69.60287914747002,m,82.625395838561886,breeding-bird species richness,count,NA,640.37553825272073,657127.88856165914,FALSE,NA,NA,NA,NA
Topography_delta_mean_elevation_quadratic_gaussian,5,allouche_2012,sensitivity,mean_elevation_quadratic,linear,1,97,70.328798775817603,m,82.684529912554979,breeding-bird species richness,count,NA,640.37553825272073,657127.88856165914,FALSE,NA,NA,NA,NA
Topography_delta_mean_elevation_quadratic_gaussian,5,allouche_2012,sensitivity,mean_elevation_quadratic,linear,1,98,71.054718404165172,m,82.743663986548071,breeding-bird species richness,count,NA,640.37553825272073,657127.88856165914,FALSE,NA,NA,NA,NA
Topography_delta_mean_elevation_quadratic_gaussian,5,allouche_2012,sensitivity,mean_elevation_quadratic,linear,1,99,71.780638032512741,m,82.80279806054115,breeding-bird species richness,count,NA,640.37553825272073,657127.88856165914,FALSE,NA,NA,NA,NA
Topography_delta_mean_elevation_quadratic_gaussian,5,allouche_2012,sensitivity,mean_elevation_quadratic,linear,1,100,72.506557660860324,m,82.861932134534243,breeding-bird species richness,count,NA,640.37553825272073,657127.88856165914,FALSE,NA,NA,NA,NA
Topography_delta_mean_elevation_quadratic_gaussian,5,allouche_2012,sensitivity,mean_elevation_quadratic,linear,1,101,73.232477289207893,m,82.921066208527336,breeding-bird species richness,count,NA,640.37553825272073,657127.88856165914,FALSE,NA,NA,NA,NA
Topography_delta_mean_elevation_quadratic_gaussian,5,allouche_2012,sensitivity,mean_elevation_quadratic,linear,1,102,73.958396917555461,m,82.980200282520414,breeding-bird species richness,count,NA,640.37553825272073,657127.88856165914,FALSE,NA,NA,NA,NA
Topography_delta_mean_elevation_quadratic_gaussian,5,allouche_2012,sensitivity,mean_elevation_quadratic,linear,1,103,74.684316545903044,m,83.039334356513507,breeding-bird species richness,count,NA,640.37553825272073,657127.88856165914,FALSE,NA,NA,NA,NA
Topography_delta_mean_elevation_quadratic_gaussian,5,allouche_2012,sensitivity,mean_elevation_quadratic,linear,1,104,75.410236174250613,m,83.098468430506585,breeding-bird species richness,count,NA,640.37553825272073,657127.88856165914,FALSE,NA,NA,NA,NA
Topography_delta_mean_elevation_quadratic_gaussian,5,allouche_2012,sensitivity,mean_elevation_quadratic,linear,1,105,76.136155802598182,m,83.157602504499678,breeding-bird species richness,count,NA,640.37553825272073,657127.88856165914,FALSE,NA,NA,NA,NA
Topography_delta_mean_elevation_quadratic_gaussian,5,allouche_2012,sensitivity,mean_elevation_quadratic,linear,1,106,76.862075430945765,m,83.216736578492771,breeding-bird species richness,count,NA,640.37553825272073,657127.88856165914,FALSE,NA,NA,NA,NA
Topography_delta_mean_elevation_quadratic_gaussian,5,allouche_2012,sensitivity,mean_elevation_quadratic,linear,1,107,77.587995059293334,m,83.27587065248585,breeding-bird species richness,count,NA,640.37553825272073,657127.88856165914,FALSE,NA,NA,NA,NA
Topography_delta_mean_elevation_quadratic_gaussian,5,allouche_2012,sensitivity,mean_elevation_quadratic,linear,1,108,78.313914687640903,m,83.335004726478942,breeding-bird species richness,count,NA,640.37553825272073,657127.88856165914,FALSE,NA,NA,NA,NA
Topography_delta_mean_elevation_quadratic_gaussian,5,allouche_2012,sensitivity,mean_elevation_quadratic,linear,1,109,79.039834315988486,m,83.394138800472035,breeding-bird species richness,count,NA,640.37553825272073,657127.88856165914,FALSE,NA,NA,NA,NA
Topography_delta_mean_elevation_quadratic_gaussian,5,allouche_2012,sensitivity,mean_elevation_quadratic,linear,1,110,79.765753944336055,m,83.453272874465114,breeding-bird species richness,count,NA,640.37553825272073,657127.88856165914,FALSE,NA,NA,NA,NA
Topography_delta_mean_elevation_quadratic_gaussian,5,allouche_2012,sensitivity,mean_elevation_quadratic,linear,1,111,80.491673572683624,m,83.512406948458207,breeding-bird species richness,count,NA,640.37553825272073,657127.88856165914,FALSE,NA,NA,NA,NA
Topography_delta_mean_elevation_quadratic_gaussian,5,allouche_2012,sensitivity,mean_elevation_quadratic,linear,1,112,81.217593201031207,m,83.571541022451299,breeding-bird species richness,count,NA,640.37553825272073,657127.88856165914,FALSE,NA,NA,NA,NA
Topography_delta_mean_elevation_quadratic_gaussian,5,allouche_2012,sensitivity,mean_elevation_quadratic,linear,1,113,81.943512829378776,m,83.630675096444378,breeding-bird species richness,count,NA,640.37553825272073,657127.88856165914,FALSE,NA,NA,NA,NA
Topography_delta_mean_elevation_quadratic_gaussian,5,allouche_2012,sensitivity,mean_elevation_quadratic,linear,1,114,82.669432457726344,m,83.689809170437471,breeding-bird species richness,count,NA,640.37553825272073,657127.88856165914,FALSE,NA,NA,NA,NA
Topography_delta_mean_elevation_quadratic_gaussian,5,allouche_2012,sensitivity,mean_elevation_quadratic,linear,1,115,83.395352086073927,m,83.748943244430549,breeding-bird species richness,count,NA,640.37553825272073,657127.88856165914,FALSE,NA,NA,NA,NA
Topography_delta_mean_elevation_quadratic_gaussian,5,allouche_2012,sensitivity,mean_elevation_quadratic,linear,1,116,84.121271714421496,m,83.808077318423642,breeding-bird species richness,count,NA,640.37553825272073,657127.88856165914,FALSE,NA,NA,NA,NA
Topography_delta_mean_elevation_quadratic_gaussian,5,allouche_2012,sensitivity,mean_elevation_quadratic,linear,1,117,84.847191342769065,m,83.867211392416735,breeding-bird species richness,count,NA,640.37553825272073,657127.88856165914,FALSE,NA,NA,NA,NA
Topography_delta_mean_elevation_quadratic_gaussian,5,allouche_2012,sensitivity,mean_elevation_quadratic,linear,1,118,85.573110971116634,m,83.926345466409813,breeding-bird species richness,count,NA,640.37553825272073,657127.88856165914,FALSE,NA,NA,NA,NA
Topography_delta_mean_elevation_quadratic_gaussian,5,allouche_2012,sensitivity,mean_elevation_quadratic,linear,1,119,86.299030599464217,m,83.985479540402906,breeding-bird species richness,count,NA,640.37553825272073,657127.88856165914,FALSE,NA,NA,NA,NA
Topography_delta_mean_elevation_quadratic_gaussian,5,allouche_2012,sensitivity,mean_elevation_quadratic,linear,1,120,87.024950227811786,m,84.044613614395999,breeding-bird species richness,count,NA,640.37553825272073,657127.88856165914,FALSE,NA,NA,NA,NA
Topography_delta_mean_elevation_quadratic_gaussian,5,allouche_2012,sensitivity,mean_elevation_quadratic,linear,1,121,87.750869856159355,m,84.103747688389078,breeding-bird species richness,count,NA,640.37553825272073,657127.88856165914,FALSE,NA,NA,NA,NA
Topography_delta_mean_elevation_quadratic_gaussian,5,allouche_2012,sensitivity,mean_elevation_quadratic,linear,1,122,88.476789484506938,m,84.16288176238217,breeding-bird species richness,count,NA,640.37553825272073,657127.88856165914,FALSE,NA,NA,NA,NA
Topography_delta_mean_elevation_quadratic_gaussian,5,allouche_2012,sensitivity,mean_elevation_quadratic,linear,1,123,89.202709112854507,m,84.222015836375249,breeding-bird species richness,count,NA,640.37553825272073,657127.88856165914,FALSE,NA,NA,NA,NA
Topography_delta_mean_elevation_quadratic_gaussian,5,allouche_2012,sensitivity,mean_elevation_quadratic,linear,1,124,89.928628741202076,m,84.281149910368342,breeding-bird species richness,count,NA,640.37553825272073,657127.88856165914,FALSE,NA,NA,NA,NA
Topography_delta_mean_elevation_quadratic_gaussian,5,allouche_2012,sensitivity,mean_elevation_quadratic,linear,1,125,90.654548369549659,m,84.340283984361434,breeding-bird species richness,count,NA,640.37553825272073,657127.88856165914,FALSE,NA,NA,NA,NA
Topography_delta_mean_elevation_quadratic_gaussian,5,allouche_2012,sensitivity,mean_elevation_quadratic,linear,1,126,91.380467997897227,m,84.399418058354513,breeding-bird species richness,count,NA,640.37553825272073,657127.88856165914,FALSE,NA,NA,NA,NA
Topography_delta_mean_elevation_quadratic_gaussian,5,allouche_2012,sensitivity,mean_elevation_quadratic,linear,1,127,92.106387626244796,m,84.458552132347606,breeding-bird species richness,count,NA,640.37553825272073,657127.88856165914,FALSE,NA,NA,NA,NA
Topography_delta_mean_elevation_quadratic_gaussian,5,allouche_2012,sensitivity,mean_elevation_quadratic,linear,1,128,92.832307254592379,m,84.517686206340699,breeding-bird species richness,count,NA,640.37553825272073,657127.88856165914,FALSE,NA,NA,NA,NA
Topography_delta_mean_elevation_quadratic_gaussian,5,allouche_2012,sensitivity,mean_elevation_quadratic,linear,1,129,93.558226882939948,m,84.576820280333777,breeding-bird species richness,count,NA,640.37553825272073,657127.88856165914,FALSE,NA,NA,NA,NA
Topography_delta_mean_elevation_quadratic_gaussian,5,allouche_2012,sensitivity,mean_elevation_quadratic,linear,1,130,94.284146511287517,m,84.63595435432687,breeding-bird species richness,count,NA,640.37553825272073,657127.88856165914,FALSE,NA,NA,NA,NA
Topography_delta_mean_elevation_quadratic_gaussian,5,allouche_2012,sensitivity,mean_elevation_quadratic,linear,1,131,95.0100661396351,m,84.695088428319949,breeding-bird species richness,count,NA,640.37553825272073,657127.88856165914,FALSE,NA,NA,NA,NA
Topography_delta_mean_elevation_quadratic_gaussian,5,allouche_2012,sensitivity,mean_elevation_quadratic,linear,1,132,95.735985767982669,m,84.754222502313041,breeding-bird species richness,count,NA,640.37553825272073,657127.88856165914,FALSE,NA,NA,NA,NA
Topography_delta_mean_elevation_quadratic_gaussian,5,allouche_2012,sensitivity,mean_elevation_quadratic,linear,1,133,96.461905396330238,m,84.813356576306134,breeding-bird species richness,count,NA,640.37553825272073,657127.88856165914,FALSE,NA,NA,NA,NA
Topography_delta_mean_elevation_quadratic_gaussian,5,allouche_2012,sensitivity,mean_elevation_quadratic,linear,1,134,97.187825024677821,m,84.872490650299213,breeding-bird species richness,count,NA,640.37553825272073,657127.88856165914,FALSE,NA,NA,NA,NA
Topography_delta_mean_elevation_quadratic_gaussian,5,allouche_2012,sensitivity,mean_elevation_quadratic,linear,1,135,97.91374465302539,m,84.931624724292305,breeding-bird species richness,count,NA,640.37553825272073,657127.88856165914,FALSE,NA,NA,NA,NA
Topography_delta_mean_elevation_quadratic_gaussian,5,allouche_2012,sensitivity,mean_elevation_quadratic,linear,1,136,98.639664281372958,m,84.990758798285398,breeding-bird species richness,count,NA,640.37553825272073,657127.88856165914,FALSE,NA,NA,NA,NA
Topography_delta_mean_elevation_quadratic_gaussian,5,allouche_2012,sensitivity,mean_elevation_quadratic,linear,1,137,99.365583909720542,m,85.049892872278477,breeding-bird species richness,count,NA,640.37553825272073,657127.88856165914,FALSE,NA,NA,NA,NA
Topography_delta_mean_elevation_quadratic_gaussian,5,allouche_2012,sensitivity,mean_elevation_quadratic,linear,1,138,100.09150353806811,m,85.10902694627157,breeding-bird species richness,count,NA,640.37553825272073,657127.88856165914,FALSE,NA,NA,NA,NA
Topography_delta_mean_elevation_quadratic_gaussian,5,allouche_2012,sensitivity,mean_elevation_quadratic,linear,1,139,100.81742316641568,m,85.168161020264648,breeding-bird species richness,count,NA,640.37553825272073,657127.88856165914,FALSE,NA,NA,NA,NA
Topography_delta_mean_elevation_quadratic_gaussian,5,allouche_2012,sensitivity,mean_elevation_quadratic,linear,1,140,101.54334279476326,m,85.227295094257741,breeding-bird species richness,count,NA,640.37553825272073,657127.88856165914,FALSE,NA,NA,NA,NA
Topography_delta_mean_elevation_quadratic_gaussian,5,allouche_2012,sensitivity,mean_elevation_quadratic,linear,1,141,102.26926242311083,m,85.286429168250834,breeding-bird species richness,count,NA,640.37553825272073,657127.88856165914,FALSE,NA,NA,NA,NA
Topography_delta_mean_elevation_quadratic_gaussian,5,allouche_2012,sensitivity,mean_elevation_quadratic,linear,1,142,102.9951820514584,m,85.345563242243912,breeding-bird species richness,count,NA,640.37553825272073,657127.88856165914,FALSE,NA,NA,NA,NA
Topography_delta_mean_elevation_quadratic_gaussian,5,allouche_2012,sensitivity,mean_elevation_quadratic,linear,1,143,103.72110167980597,m,85.404697316237005,breeding-bird species richness,count,NA,640.37553825272073,657127.88856165914,FALSE,NA,NA,NA,NA
Topography_delta_mean_elevation_quadratic_gaussian,5,allouche_2012,sensitivity,mean_elevation_quadratic,linear,1,144,104.44702130815355,m,85.463831390230098,breeding-bird species richness,count,NA,640.37553825272073,657127.88856165914,FALSE,NA,NA,NA,NA
Topography_delta_mean_elevation_quadratic_gaussian,5,allouche_2012,sensitivity,mean_elevation_quadratic,linear,1,145,105.17294093650112,m,85.522965464223176,breeding-bird species richness,count,NA,640.37553825272073,657127.88856165914,FALSE,NA,NA,NA,NA
Topography_delta_mean_elevation_quadratic_gaussian,5,allouche_2012,sensitivity,mean_elevation_quadratic,linear,1,146,105.89886056484869,m,85.582099538216269,breeding-bird species richness,count,NA,640.37553825272073,657127.88856165914,FALSE,NA,NA,NA,NA
Topography_delta_mean_elevation_quadratic_gaussian,5,allouche_2012,sensitivity,mean_elevation_quadratic,linear,1,147,106.62478019319627,m,85.641233612209348,breeding-bird species richness,count,NA,640.37553825272073,657127.88856165914,FALSE,NA,NA,NA,NA
Topography_delta_mean_elevation_quadratic_gaussian,5,allouche_2012,sensitivity,mean_elevation_quadratic,linear,1,148,107.35069982154384,m,85.700367686202441,breeding-bird species richness,count,NA,640.37553825272073,657127.88856165914,FALSE,NA,NA,NA,NA
Topography_delta_mean_elevation_quadratic_gaussian,5,allouche_2012,sensitivity,mean_elevation_quadratic,linear,1,149,108.07661944989141,m,85.759501760195533,breeding-bird species richness,count,NA,640.37553825272073,657127.88856165914,FALSE,NA,NA,NA,NA
Topography_delta_mean_elevation_quadratic_gaussian,5,allouche_2012,sensitivity,mean_elevation_quadratic,linear,1,150,108.80253907823899,m,85.818635834188612,breeding-bird species richness,count,NA,640.37553825272073,657127.88856165914,FALSE,NA,NA,NA,NA
Topography_delta_mean_elevation_quadratic_gaussian,5,allouche_2012,sensitivity,mean_elevation_quadratic,linear,1,151,109.52845870658656,m,85.877769908181705,breeding-bird species richness,count,NA,640.37553825272073,657127.88856165914,FALSE,NA,NA,NA,NA
Topography_delta_mean_elevation_quadratic_gaussian,5,allouche_2012,sensitivity,mean_elevation_quadratic,linear,1,152,110.25437833493413,m,85.936903982174798,breeding-bird species richness,count,NA,640.37553825272073,657127.88856165914,FALSE,NA,NA,NA,NA
Topography_delta_mean_elevation_quadratic_gaussian,5,allouche_2012,sensitivity,mean_elevation_quadratic,linear,1,153,110.98029796328171,m,85.996038056167876,breeding-bird species richness,count,NA,640.37553825272073,657127.88856165914,FALSE,NA,NA,NA,NA
Topography_delta_mean_elevation_quadratic_gaussian,5,allouche_2012,sensitivity,mean_elevation_quadratic,linear,1,154,111.70621759162928,m,86.055172130160969,breeding-bird species richness,count,NA,640.37553825272073,657127.88856165914,FALSE,NA,NA,NA,NA
Topography_delta_mean_elevation_quadratic_gaussian,5,allouche_2012,sensitivity,mean_elevation_quadratic,linear,1,155,112.43213721997685,m,86.114306204154047,breeding-bird species richness,count,NA,640.37553825272073,657127.88856165914,FALSE,NA,NA,NA,NA
Topography_delta_mean_elevation_quadratic_gaussian,5,allouche_2012,sensitivity,mean_elevation_quadratic,linear,1,156,113.15805684832443,m,86.17344027814714,breeding-bird species richness,count,NA,640.37553825272073,657127.88856165914,FALSE,NA,NA,NA,NA
Topography_delta_mean_elevation_quadratic_gaussian,5,allouche_2012,sensitivity,mean_elevation_quadratic,linear,1,157,113.883976476672,m,86.232574352140233,breeding-bird species richness,count,NA,640.37553825272073,657127.88856165914,FALSE,NA,NA,NA,NA
Topography_delta_mean_elevation_quadratic_gaussian,5,allouche_2012,sensitivity,mean_elevation_quadratic,linear,1,158,114.60989610501957,m,86.291708426133312,breeding-bird species richness,count,NA,640.37553825272073,657127.88856165914,FALSE,NA,NA,NA,NA
Topography_delta_mean_elevation_quadratic_gaussian,5,allouche_2012,sensitivity,mean_elevation_quadratic,linear,1,159,115.33581573336716,m,86.350842500126404,breeding-bird species richness,count,NA,640.37553825272073,657127.88856165914,FALSE,NA,NA,NA,NA
Topography_delta_mean_elevation_quadratic_gaussian,5,allouche_2012,sensitivity,mean_elevation_quadratic,linear,1,160,116.06173536171472,m,86.409976574119497,breeding-bird species richness,count,NA,640.37553825272073,657127.88856165914,FALSE,NA,NA,NA,NA
Topography_delta_mean_elevation_quadratic_gaussian,5,allouche_2012,sensitivity,mean_elevation_quadratic,linear,1,161,116.78765499006229,m,86.469110648112576,breeding-bird species richness,count,NA,640.37553825272073,657127.88856165914,FALSE,NA,NA,NA,NA
Topography_delta_mean_elevation_quadratic_gaussian,5,allouche_2012,sensitivity,mean_elevation_quadratic,linear,1,162,117.51357461840988,m,86.528244722105669,breeding-bird species richness,count,NA,640.37553825272073,657127.88856165914,FALSE,NA,NA,NA,NA
Topography_delta_mean_elevation_quadratic_gaussian,5,allouche_2012,sensitivity,mean_elevation_quadratic,linear,1,163,118.23949424675745,m,86.587378796098761,breeding-bird species richness,count,NA,640.37553825272073,657127.88856165914,FALSE,NA,NA,NA,NA
Topography_delta_mean_elevation_quadratic_gaussian,5,allouche_2012,sensitivity,mean_elevation_quadratic,linear,1,164,118.96541387510501,m,86.64651287009184,breeding-bird species richness,count,NA,640.37553825272073,657127.88856165914,FALSE,NA,NA,NA,NA
Topography_delta_mean_elevation_quadratic_gaussian,5,allouche_2012,sensitivity,mean_elevation_quadratic,linear,1,165,119.6913335034526,m,86.705646944084933,breeding-bird species richness,count,NA,640.37553825272073,657127.88856165914,FALSE,NA,NA,NA,NA
Topography_delta_mean_elevation_quadratic_gaussian,5,allouche_2012,sensitivity,mean_elevation_quadratic,linear,1,166,120.41725313180017,m,86.764781018078011,breeding-bird species richness,count,NA,640.37553825272073,657127.88856165914,FALSE,NA,NA,NA,NA
Topography_delta_mean_elevation_quadratic_gaussian,5,allouche_2012,sensitivity,mean_elevation_quadratic,linear,1,167,121.14317276014773,m,86.823915092071104,breeding-bird species richness,count,NA,640.37553825272073,657127.88856165914,FALSE,NA,NA,NA,NA
Topography_delta_mean_elevation_quadratic_gaussian,5,allouche_2012,sensitivity,mean_elevation_quadratic,linear,1,168,121.8690923884953,m,86.883049166064197,breeding-bird species richness,count,NA,640.37553825272073,657127.88856165914,FALSE,NA,NA,NA,NA
Topography_delta_mean_elevation_quadratic_gaussian,5,allouche_2012,sensitivity,mean_elevation_quadratic,linear,1,169,122.59501201684289,m,86.942183240057275,breeding-bird species richness,count,NA,640.37553825272073,657127.88856165914,FALSE,NA,NA,NA,NA
Topography_delta_mean_elevation_quadratic_gaussian,5,allouche_2012,sensitivity,mean_elevation_quadratic,linear,1,170,123.32093164519046,m,87.001317314050368,breeding-bird species richness,count,NA,640.37553825272073,657127.88856165914,FALSE,NA,NA,NA,NA
Topography_delta_mean_elevation_quadratic_gaussian,5,allouche_2012,sensitivity,mean_elevation_quadratic,linear,1,171,124.04685127353802,m,87.060451388043447,breeding-bird species richness,count,NA,640.37553825272073,657127.88856165914,FALSE,NA,NA,NA,NA
Topography_delta_mean_elevation_quadratic_gaussian,5,allouche_2012,sensitivity,mean_elevation_quadratic,linear,1,172,124.77277090188561,m,87.11958546203654,breeding-bird species richness,count,NA,640.37553825272073,657127.88856165914,FALSE,NA,NA,NA,NA
Topography_delta_mean_elevation_quadratic_gaussian,5,allouche_2012,sensitivity,mean_elevation_quadratic,linear,1,173,125.49869053023318,m,87.178719536029632,breeding-bird species richness,count,NA,640.37553825272073,657127.88856165914,FALSE,NA,NA,NA,NA
Topography_delta_mean_elevation_quadratic_gaussian,5,allouche_2012,sensitivity,mean_elevation_quadratic,linear,1,174,126.22461015858075,m,87.237853610022711,breeding-bird species richness,count,NA,640.37553825272073,657127.88856165914,FALSE,NA,NA,NA,NA
Topography_delta_mean_elevation_quadratic_gaussian,5,allouche_2012,sensitivity,mean_elevation_quadratic,linear,1,175,126.95052978692833,m,87.296987684015804,breeding-bird species richness,count,NA,640.37553825272073,657127.88856165914,FALSE,NA,NA,NA,NA
Topography_delta_mean_elevation_quadratic_gaussian,5,allouche_2012,sensitivity,mean_elevation_quadratic,linear,1,176,127.6764494152759,m,87.356121758008896,breeding-bird species richness,count,NA,640.37553825272073,657127.88856165914,FALSE,NA,NA,NA,NA
Topography_delta_mean_elevation_quadratic_gaussian,5,allouche_2012,sensitivity,mean_elevation_quadratic,linear,1,177,128.40236904362348,m,87.415255832001975,breeding-bird species richness,count,NA,640.37553825272073,657127.88856165914,FALSE,NA,NA,NA,NA
Topography_delta_mean_elevation_quadratic_gaussian,5,allouche_2012,sensitivity,mean_elevation_quadratic,linear,1,178,129.12828867197106,m,87.474389905995068,breeding-bird species richness,count,NA,640.37553825272073,657127.88856165914,FALSE,NA,NA,NA,NA
Topography_delta_mean_elevation_quadratic_gaussian,5,allouche_2012,sensitivity,mean_elevation_quadratic,linear,1,179,129.85420830031865,m,87.533523979988161,breeding-bird species richness,count,NA,640.37553825272073,657127.88856165914,FALSE,NA,NA,NA,NA
Topography_delta_mean_elevation_quadratic_gaussian,5,allouche_2012,sensitivity,mean_elevation_quadratic,linear,1,180,130.5801279286662,m,87.592658053981239,breeding-bird species richness,count,NA,640.37553825272073,657127.88856165914,FALSE,NA,NA,NA,NA
Topography_delta_mean_elevation_quadratic_gaussian,5,allouche_2012,sensitivity,mean_elevation_quadratic,linear,1,181,131.30604755701378,m,87.651792127974332,breeding-bird species richness,count,NA,640.37553825272073,657127.88856165914,FALSE,NA,NA,NA,NA
Topography_delta_mean_elevation_quadratic_gaussian,5,allouche_2012,sensitivity,mean_elevation_quadratic,linear,1,182,132.03196718536134,m,87.710926201967411,breeding-bird species richness,count,NA,640.37553825272073,657127.88856165914,FALSE,NA,NA,NA,NA
Topography_delta_mean_elevation_quadratic_gaussian,5,allouche_2012,sensitivity,mean_elevation_quadratic,linear,1,183,132.75788681370892,m,87.770060275960503,breeding-bird species richness,count,NA,640.37553825272073,657127.88856165914,FALSE,NA,NA,NA,NA
Topography_delta_mean_elevation_quadratic_gaussian,5,allouche_2012,sensitivity,mean_elevation_quadratic,linear,1,184,133.4838064420565,m,87.829194349953596,breeding-bird species richness,count,NA,640.37553825272073,657127.88856165914,FALSE,NA,NA,NA,NA
Topography_delta_mean_elevation_quadratic_gaussian,5,allouche_2012,sensitivity,mean_elevation_quadratic,linear,1,185,134.20972607040406,m,87.888328423946675,breeding-bird species richness,count,NA,640.37553825272073,657127.88856165914,FALSE,NA,NA,NA,NA
Topography_delta_mean_elevation_quadratic_gaussian,5,allouche_2012,sensitivity,mean_elevation_quadratic,linear,1,186,134.93564569875164,m,87.947462497939767,breeding-bird species richness,count,NA,640.37553825272073,657127.88856165914,FALSE,NA,NA,NA,NA
Topography_delta_mean_elevation_quadratic_gaussian,5,allouche_2012,sensitivity,mean_elevation_quadratic,linear,1,187,135.66156532709923,m,88.00659657193286,breeding-bird species richness,count,NA,640.37553825272073,657127.88856165914,FALSE,NA,NA,NA,NA
Topography_delta_mean_elevation_quadratic_gaussian,5,allouche_2012,sensitivity,mean_elevation_quadratic,linear,1,188,136.38748495544678,m,88.065730645925939,breeding-bird species richness,count,NA,640.37553825272073,657127.88856165914,FALSE,NA,NA,NA,NA
Topography_delta_mean_elevation_quadratic_gaussian,5,allouche_2012,sensitivity,mean_elevation_quadratic,linear,1,189,137.11340458379436,m,88.124864719919032,breeding-bird species richness,count,NA,640.37553825272073,657127.88856165914,FALSE,NA,NA,NA,NA
Topography_delta_mean_elevation_quadratic_gaussian,5,allouche_2012,sensitivity,mean_elevation_quadratic,linear,1,190,137.83932421214195,m,88.183998793912124,breeding-bird species richness,count,NA,640.37553825272073,657127.88856165914,FALSE,NA,NA,NA,NA
Topography_delta_mean_elevation_quadratic_gaussian,5,allouche_2012,sensitivity,mean_elevation_quadratic,linear,1,191,138.5652438404895,m,88.243132867905203,breeding-bird species richness,count,NA,640.37553825272073,657127.88856165914,FALSE,NA,NA,NA,NA
Topography_delta_mean_elevation_quadratic_gaussian,5,allouche_2012,sensitivity,mean_elevation_quadratic,linear,1,192,139.29116346883708,m,88.302266941898296,breeding-bird species richness,count,NA,640.37553825272073,657127.88856165914,FALSE,NA,NA,NA,NA
Topography_delta_mean_elevation_quadratic_gaussian,5,allouche_2012,sensitivity,mean_elevation_quadratic,linear,1,193,140.01708309718467,m,88.361401015891374,breeding-bird species richness,count,NA,640.37553825272073,657127.88856165914,FALSE,NA,NA,NA,NA
Topography_delta_mean_elevation_quadratic_gaussian,5,allouche_2012,sensitivity,mean_elevation_quadratic,linear,1,194,140.74300272553222,m,88.420535089884467,breeding-bird species richness,count,NA,640.37553825272073,657127.88856165914,FALSE,NA,NA,NA,NA
Topography_delta_mean_elevation_quadratic_gaussian,5,allouche_2012,sensitivity,mean_elevation_quadratic,linear,1,195,141.4689223538798,m,88.47966916387756,breeding-bird species richness,count,NA,640.37553825272073,657127.88856165914,FALSE,NA,NA,NA,NA
Topography_delta_mean_elevation_quadratic_gaussian,5,allouche_2012,sensitivity,mean_elevation_quadratic,linear,1,196,142.19484198222739,m,88.538803237870638,breeding-bird species richness,count,NA,640.37553825272073,657127.88856165914,FALSE,NA,NA,NA,NA
Topography_delta_mean_elevation_quadratic_gaussian,5,allouche_2012,sensitivity,mean_elevation_quadratic,linear,1,197,142.92076161057494,m,88.597937311863731,breeding-bird species richness,count,NA,640.37553825272073,657127.88856165914,FALSE,NA,NA,NA,NA
Topography_delta_mean_elevation_quadratic_gaussian,5,allouche_2012,sensitivity,mean_elevation_quadratic,linear,1,198,143.64668123892253,m,88.657071385856824,breeding-bird species richness,count,NA,640.37553825272073,657127.88856165914,FALSE,NA,NA,NA,NA
Topography_delta_mean_elevation_quadratic_gaussian,5,allouche_2012,sensitivity,mean_elevation_quadratic,linear,1,199,144.37260086727011,m,88.716205459849903,breeding-bird species richness,count,NA,640.37553825272073,657127.88856165914,FALSE,NA,NA,NA,NA
Topography_delta_mean_elevation_quadratic_gaussian,5,allouche_2012,sensitivity,mean_elevation_quadratic,linear,1,200,145.09852049561766,m,88.775339533842995,breeding-bird species richness,count,NA,640.37553825272073,657127.88856165914,FALSE,NA,NA,NA,NA
Topography_delta_mean_elevation_quadratic_gaussian,5,allouche_2012,sensitivity,mean_elevation_quadratic,logarithmic,2,1,0.64051445445055877,m,69.192047067653377,breeding-bird species richness,count,NA,640.37553825272073,657127.88856165914,FALSE,NA,NA,NA,NA
Topography_delta_mean_elevation_quadratic_gaussian,5,allouche_2012,sensitivity,mean_elevation_quadratic,logarithmic,2,2,1.3664340827981323,m,71.432541166142613,breeding-bird species richness,count,NA,640.37553825272073,657127.88856165914,FALSE,NA,NA,NA,NA
Topography_delta_mean_elevation_quadratic_gaussian,5,allouche_2012,sensitivity,mean_elevation_quadratic,logarithmic,2,3,2.0923537111457056,m,72.692480751928599,breeding-bird species richness,count,NA,640.37553825272073,657127.88856165914,FALSE,NA,NA,NA,NA
Topography_delta_mean_elevation_quadratic_gaussian,5,allouche_2012,sensitivity,mean_elevation_quadratic,logarithmic,2,4,2.8182733394932793,m,73.573182354184311,breeding-bird species richness,count,NA,640.37553825272073,657127.88856165914,FALSE,NA,NA,NA,NA
Topography_delta_mean_elevation_quadratic_gaussian,5,allouche_2012,sensitivity,mean_elevation_quadratic,logarithmic,2,5,3.5441929678408526,m,74.250888736646488,breeding-bird species richness,count,NA,640.37553825272073,657127.88856165914,FALSE,NA,NA,NA,NA
Topography_delta_mean_elevation_quadratic_gaussian,5,allouche_2012,sensitivity,mean_elevation_quadratic,logarithmic,2,6,4.2701125961884259,m,74.801868276197894,breeding-bird species richness,count,NA,640.37553825272073,657127.88856165914,FALSE,NA,NA,NA,NA
Topography_delta_mean_elevation_quadratic_gaussian,5,allouche_2012,sensitivity,mean_elevation_quadratic,logarithmic,2,7,4.9960322245359992,m,75.266130815626227,breeding-bird species richness,count,NA,640.37553825272073,657127.88856165914,FALSE,NA,NA,NA,NA
Topography_delta_mean_elevation_quadratic_gaussian,5,allouche_2012,sensitivity,mean_elevation_quadratic,logarithmic,2,8,5.7219518528835724,m,75.66729686557828,breeding-bird species richness,count,NA,640.37553825272073,657127.88856165914,FALSE,NA,NA,NA,NA
Topography_delta_mean_elevation_quadratic_gaussian,5,allouche_2012,sensitivity,mean_elevation_quadratic,logarithmic,2,9,6.4478714812311457,m,76.020482869000503,breeding-bird species richness,count,NA,640.37553825272073,657127.88856165914,FALSE,NA,NA,NA,NA
Topography_delta_mean_elevation_quadratic_gaussian,5,allouche_2012,sensitivity,mean_elevation_quadratic,logarithmic,2,10,7.173791109578719,m,76.335949483343683,breeding-bird species richness,count,NA,640.37553825272073,657127.88856165914,FALSE,NA,NA,NA,NA
Topography_delta_mean_elevation_quadratic_gaussian,5,allouche_2012,sensitivity,mean_elevation_quadratic,logarithmic,2,11,7.8997107379262923,m,76.620981609293992,breeding-bird species richness,count,NA,640.37553825272073,657127.88856165914,FALSE,NA,NA,NA,NA
Topography_delta_mean_elevation_quadratic_gaussian,5,allouche_2012,sensitivity,mean_elevation_quadratic,logarithmic,2,12,8.6256303662738656,m,76.880938318792104,breeding-bird species richness,count,NA,640.37553825272073,657127.88856165914,FALSE,NA,NA,NA,NA
Topography_delta_mean_elevation_quadratic_gaussian,5,allouche_2012,sensitivity,mean_elevation_quadratic,logarithmic,2,13,9.3515499946214398,m,77.119877033616277,breeding-bird species richness,count,NA,640.37553825272073,657127.88856165914,FALSE,NA,NA,NA,NA
Topography_delta_mean_elevation_quadratic_gaussian,5,allouche_2012,sensitivity,mean_elevation_quadratic,logarithmic,2,14,10.077469622969012,m,77.340943672619076,breeding-bird species richness,count,NA,640.37553825272073,657127.88856165914,FALSE,NA,NA,NA,NA
Topography_delta_mean_elevation_quadratic_gaussian,5,allouche_2012,sensitivity,mean_elevation_quadratic,logarithmic,2,15,10.803389251316586,m,77.546626759396219,breeding-bird species richness,count,NA,640.37553825272073,657127.88856165914,FALSE,NA,NA,NA,NA
Topography_delta_mean_elevation_quadratic_gaussian,5,allouche_2012,sensitivity,mean_elevation_quadratic,logarithmic,2,16,11.529308879664159,m,77.738928720517279,breeding-bird species richness,count,NA,640.37553825272073,657127.88856165914,FALSE,NA,NA,NA,NA
Topography_delta_mean_elevation_quadratic_gaussian,5,allouche_2012,sensitivity,mean_elevation_quadratic,logarithmic,2,17,12.255228508011733,m,77.919484785642808,breeding-bird species richness,count,NA,640.37553825272073,657127.88856165914,FALSE,NA,NA,NA,NA
Topography_delta_mean_elevation_quadratic_gaussian,5,allouche_2012,sensitivity,mean_elevation_quadratic,logarithmic,2,18,12.981148136359307,m,78.089647619226582,breeding-bird species richness,count,NA,640.37553825272073,657127.88856165914,FALSE,NA,NA,NA,NA
Topography_delta_mean_elevation_quadratic_gaussian,5,allouche_2012,sensitivity,mean_elevation_quadratic,logarithmic,2,19,13.707067764706879,m,78.250548892487856,breeding-bird species richness,count,NA,640.37553825272073,657127.88856165914,FALSE,NA,NA,NA,NA
Topography_delta_mean_elevation_quadratic_gaussian,5,allouche_2012,sensitivity,mean_elevation_quadratic,logarithmic,2,20,14.432987393054454,m,78.403144947336415,breeding-bird species richness,count,NA,640.37553825272073,657127.88856165914,FALSE,NA,NA,NA,NA
Topography_delta_mean_elevation_quadratic_gaussian,5,allouche_2012,sensitivity,mean_elevation_quadratic,logarithmic,2,21,15.158907021402026,m,78.548251242953171,breeding-bird species richness,count,NA,640.37553825272073,657127.88856165914,FALSE,NA,NA,NA,NA
Topography_delta_mean_elevation_quadratic_gaussian,5,allouche_2012,sensitivity,mean_elevation_quadratic,logarithmic,2,22,15.8848266497496,m,78.686568737400208,breeding-bird species richness,count,NA,640.37553825272073,657127.88856165914,FALSE,NA,NA,NA,NA
Topography_delta_mean_elevation_quadratic_gaussian,5,allouche_2012,sensitivity,mean_elevation_quadratic,logarithmic,2,23,16.610746278097174,m,78.818704369161665,breeding-bird species richness,count,NA,640.37553825272073,657127.88856165914,FALSE,NA,NA,NA,NA
Topography_delta_mean_elevation_quadratic_gaussian,5,allouche_2012,sensitivity,mean_elevation_quadratic,logarithmic,2,24,17.336665906444747,m,78.945187154467362,breeding-bird species richness,count,NA,640.37553825272073,657127.88856165914,FALSE,NA,NA,NA,NA
Topography_delta_mean_elevation_quadratic_gaussian,5,allouche_2012,sensitivity,mean_elevation_quadratic,logarithmic,2,25,18.062585534792323,m,79.06648098048322,breeding-bird species richness,count,NA,640.37553825272073,657127.88856165914,FALSE,NA,NA,NA,NA
Topography_delta_mean_elevation_quadratic_gaussian,5,allouche_2012,sensitivity,mean_elevation_quadratic,logarithmic,2,26,18.788505163139895,m,79.18299487622383,breeding-bird species richness,count,NA,640.37553825272073,657127.88856165914,FALSE,NA,NA,NA,NA
Topography_delta_mean_elevation_quadratic_gaussian,5,allouche_2012,sensitivity,mean_elevation_quadratic,logarithmic,2,27,19.514424791487468,m,79.295091335362002,breeding-bird species richness,count,NA,640.37553825272073,657127.88856165914,FALSE,NA,NA,NA,NA
Topography_delta_mean_elevation_quadratic_gaussian,5,allouche_2012,sensitivity,mean_elevation_quadratic,logarithmic,2,28,20.240344419835044,m,79.403093118177665,breeding-bird species richness,count,NA,640.37553825272073,657127.88856165914,FALSE,NA,NA,NA,NA
Topography_delta_mean_elevation_quadratic_gaussian,5,allouche_2012,sensitivity,mean_elevation_quadratic,logarithmic,2,29,20.966264048182616,m,79.507288854416501,breeding-bird species richness,count,NA,640.37553825272073,657127.88856165914,FALSE,NA,NA,NA,NA
Topography_delta_mean_elevation_quadratic_gaussian,5,allouche_2012,sensitivity,mean_elevation_quadratic,logarithmic,2,30,21.692183676530188,m,79.607937692103008,breeding-bird species richness,count,NA,640.37553825272073,657127.88856165914,FALSE,NA,NA,NA,NA
Topography_delta_mean_elevation_quadratic_gaussian,5,allouche_2012,sensitivity,mean_elevation_quadratic,logarithmic,2,31,22.418103304877761,m,79.705273180848565,breeding-bird species richness,count,NA,640.37553825272073,657127.88856165914,FALSE,NA,NA,NA,NA
Topography_delta_mean_elevation_quadratic_gaussian,5,allouche_2012,sensitivity,mean_elevation_quadratic,logarithmic,2,32,23.144022933225337,m,79.799506536108026,breeding-bird species richness,count,NA,640.37553825272073,657127.88856165914,FALSE,NA,NA,NA,NA
Topography_delta_mean_elevation_quadratic_gaussian,5,allouche_2012,sensitivity,mean_elevation_quadratic,logarithmic,2,33,23.869942561572909,m,79.890829399157084,breeding-bird species richness,count,NA,640.37553825272073,657127.88856165914,FALSE,NA,NA,NA,NA
Topography_delta_mean_elevation_quadratic_gaussian,5,allouche_2012,sensitivity,mean_elevation_quadratic,logarithmic,2,34,24.595862189920481,m,79.979416183479799,breeding-bird species richness,count,NA,640.37553825272073,657127.88856165914,FALSE,NA,NA,NA,NA
Topography_delta_mean_elevation_quadratic_gaussian,5,allouche_2012,sensitivity,mean_elevation_quadratic,logarithmic,2,35,25.321781818268057,m,80.065426079780238,breeding-bird species richness,count,NA,640.37553825272073,657127.88856165914,FALSE,NA,NA,NA,NA
Topography_delta_mean_elevation_quadratic_gaussian,5,allouche_2012,sensitivity,mean_elevation_quadratic,logarithmic,2,36,26.04770144661563,m,80.149004777536987,breeding-bird species richness,count,NA,640.37553825272073,657127.88856165914,FALSE,NA,NA,NA,NA
Topography_delta_mean_elevation_quadratic_gaussian,5,allouche_2012,sensitivity,mean_elevation_quadratic,logarithmic,2,37,26.773621074963202,m,80.230285949869426,breeding-bird species richness,count,NA,640.37553825272073,657127.88856165914,FALSE,NA,NA,NA,NA
Topography_delta_mean_elevation_quadratic_gaussian,5,allouche_2012,sensitivity,mean_elevation_quadratic,logarithmic,2,38,27.499540703310775,m,80.309392539722452,breeding-bird species richness,count,NA,640.37553825272073,657127.88856165914,FALSE,NA,NA,NA,NA
Topography_delta_mean_elevation_quadratic_gaussian,5,allouche_2012,sensitivity,mean_elevation_quadratic,logarithmic,2,39,28.225460331658351,m,80.386437878441214,breeding-bird species richness,count,NA,640.37553825272073,657127.88856165914,FALSE,NA,NA,NA,NA
Topography_delta_mean_elevation_quadratic_gaussian,5,allouche_2012,sensitivity,mean_elevation_quadratic,logarithmic,2,40,28.951379960005923,m,80.461526662282083,breeding-bird species richness,count,NA,640.37553825272073,657127.88856165914,FALSE,NA,NA,NA,NA
Topography_delta_mean_elevation_quadratic_gaussian,5,allouche_2012,sensitivity,mean_elevation_quadratic,logarithmic,2,41,29.677299588353495,m,80.534755807975927,breeding-bird species richness,count,NA,640.37553825272073,657127.88856165914,FALSE,NA,NA,NA,NA
Topography_delta_mean_elevation_quadratic_gaussian,5,allouche_2012,sensitivity,mean_elevation_quadratic,logarithmic,2,42,30.403219216701071,m,80.60621520488624,breeding-bird species richness,count,NA,640.37553825272073,657127.88856165914,FALSE,NA,NA,NA,NA
Topography_delta_mean_elevation_quadratic_gaussian,5,allouche_2012,sensitivity,mean_elevation_quadratic,logarithmic,2,43,31.129138845048644,m,80.675988378406103,breeding-bird species richness,count,NA,640.37553825272073,657127.88856165914,FALSE,NA,NA,NA,NA
Topography_delta_mean_elevation_quadratic_gaussian,5,allouche_2012,sensitivity,mean_elevation_quadratic,logarithmic,2,44,31.855058473396216,m,80.744153076874227,breeding-bird species richness,count,NA,640.37553825272073,657127.88856165914,FALSE,NA,NA,NA,NA
Topography_delta_mean_elevation_quadratic_gaussian,5,allouche_2012,sensitivity,mean_elevation_quadratic,logarithmic,2,45,32.580978101743788,m,80.810781792352785,breeding-bird species richness,count,NA,640.37553825272073,657127.88856165914,FALSE,NA,NA,NA,NA
Topography_delta_mean_elevation_quadratic_gaussian,5,allouche_2012,sensitivity,mean_elevation_quadratic,logarithmic,2,46,33.306897730091364,m,80.875942224013741,breeding-bird species richness,count,NA,640.37553825272073,657127.88856165914,FALSE,NA,NA,NA,NA
Topography_delta_mean_elevation_quadratic_gaussian,5,allouche_2012,sensitivity,mean_elevation_quadratic,logarithmic,2,47,34.032817358438933,m,80.939697691560056,breeding-bird species richness,count,NA,640.37553825272073,657127.88856165914,FALSE,NA,NA,NA,NA
Topography_delta_mean_elevation_quadratic_gaussian,5,allouche_2012,sensitivity,mean_elevation_quadratic,logarithmic,2,48,34.758736986786509,m,81.002107505010486,breeding-bird species richness,count,NA,640.37553825272073,657127.88856165914,FALSE,NA,NA,NA,NA
Topography_delta_mean_elevation_quadratic_gaussian,5,allouche_2012,sensitivity,mean_elevation_quadratic,logarithmic,2,49,35.484656615134085,m,81.06322729626099,breeding-bird species richness,count,NA,640.37553825272073,657127.88856165914,FALSE,NA,NA,NA,NA
Topography_delta_mean_elevation_quadratic_gaussian,5,allouche_2012,sensitivity,mean_elevation_quadratic,logarithmic,2,50,36.210576243481654,m,81.123109317067986,breeding-bird species richness,count,NA,640.37553825272073,657127.88856165914,FALSE,NA,NA,NA,NA
Topography_delta_mean_elevation_quadratic_gaussian,5,allouche_2012,sensitivity,mean_elevation_quadratic,logarithmic,2,51,36.93649587182923,m,81.181802707453286,breeding-bird species richness,count,NA,640.37553825272073,657127.88856165914,FALSE,NA,NA,NA,NA
Topography_delta_mean_elevation_quadratic_gaussian,5,allouche_2012,sensitivity,mean_elevation_quadratic,logarithmic,2,52,37.662415500176806,m,81.239353737985411,breeding-bird species richness,count,NA,640.37553825272073,657127.88856165914,FALSE,NA,NA,NA,NA
Topography_delta_mean_elevation_quadratic_gaussian,5,allouche_2012,sensitivity,mean_elevation_quadratic,logarithmic,2,53,38.388335128524375,m,81.295806028930315,breeding-bird species richness,count,NA,640.37553825272073,657127.88856165914,FALSE,NA,NA,NA,NA
Topography_delta_mean_elevation_quadratic_gaussian,5,allouche_2012,sensitivity,mean_elevation_quadratic,logarithmic,2,54,39.114254756871951,m,81.351200748871719,breeding-bird species richness,count,NA,640.37553825272073,657127.88856165914,FALSE,NA,NA,NA,NA
Topography_delta_mean_elevation_quadratic_gaussian,5,allouche_2012,sensitivity,mean_elevation_quadratic,logarithmic,2,55,39.840174385219527,m,81.405576795066736,breeding-bird species richness,count,NA,640.37553825272073,657127.88856165914,FALSE,NA,NA,NA,NA
Topography_delta_mean_elevation_quadratic_gaussian,5,allouche_2012,sensitivity,mean_elevation_quadratic,logarithmic,2,56,40.566094013567096,m,81.458970957516087,breeding-bird species richness,count,NA,640.37553825272073,657127.88856165914,FALSE,NA,NA,NA,NA
Topography_delta_mean_elevation_quadratic_gaussian,5,allouche_2012,sensitivity,mean_elevation_quadratic,logarithmic,2,57,41.292013641914671,m,81.511418068481902,breeding-bird species richness,count,NA,640.37553825272073,657127.88856165914,FALSE,NA,NA,NA,NA
Topography_delta_mean_elevation_quadratic_gaussian,5,allouche_2012,sensitivity,mean_elevation_quadratic,logarithmic,2,58,42.017933270262247,m,81.56295113897545,breeding-bird species richness,count,NA,640.37553825272073,657127.88856165914,FALSE,NA,NA,NA,NA
Topography_delta_mean_elevation_quadratic_gaussian,5,allouche_2012,sensitivity,mean_elevation_quadratic,logarithmic,2,59,42.743852898609816,m,81.61360148355385,breeding-bird species richness,count,NA,640.37553825272073,657127.88856165914,FALSE,NA,NA,NA,NA
Topography_delta_mean_elevation_quadratic_gaussian,5,allouche_2012,sensitivity,mean_elevation_quadratic,logarithmic,2,60,43.469772526957392,m,81.663398834607307,breeding-bird species richness,count,NA,640.37553825272073,657127.88856165914,FALSE,NA,NA,NA,NA
Topography_delta_mean_elevation_quadratic_gaussian,5,allouche_2012,sensitivity,mean_elevation_quadratic,logarithmic,2,61,44.195692155304961,m,81.712371447181454,breeding-bird species richness,count,NA,640.37553825272073,657127.88856165914,FALSE,NA,NA,NA,NA
Topography_delta_mean_elevation_quadratic_gaussian,5,allouche_2012,sensitivity,mean_elevation_quadratic,logarithmic,2,62,44.921611783652537,m,81.760546195259977,breeding-bird species richness,count,NA,640.37553825272073,657127.88856165914,FALSE,NA,NA,NA,NA
Topography_delta_mean_elevation_quadratic_gaussian,5,allouche_2012,sensitivity,mean_elevation_quadratic,logarithmic,2,63,45.647531412000113,m,81.80794866032906,breeding-bird species richness,count,NA,640.37553825272073,657127.88856165914,FALSE,NA,NA,NA,NA
Topography_delta_mean_elevation_quadratic_gaussian,5,allouche_2012,sensitivity,mean_elevation_quadratic,logarithmic,2,64,46.373451040347682,m,81.854603212954416,breeding-bird species richness,count,NA,640.37553825272073,657127.88856165914,FALSE,NA,NA,NA,NA
Topography_delta_mean_elevation_quadratic_gaussian,5,allouche_2012,sensitivity,mean_elevation_quadratic,logarithmic,2,65,47.099370668695258,m,81.9005330880222,breeding-bird species richness,count,NA,640.37553825272073,657127.88856165914,FALSE,NA,NA,NA,NA
Topography_delta_mean_elevation_quadratic_gaussian,5,allouche_2012,sensitivity,mean_elevation_quadratic,logarithmic,2,66,47.825290297042834,m,81.945760454225208,breeding-bird species richness,count,NA,640.37553825272073,657127.88856165914,FALSE,NA,NA,NA,NA
Topography_delta_mean_elevation_quadratic_gaussian,5,allouche_2012,sensitivity,mean_elevation_quadratic,logarithmic,2,67,48.551209925390403,m,81.990306478314849,breeding-bird species richness,count,NA,640.37553825272073,657127.88856165914,FALSE,NA,NA,NA,NA
Topography_delta_mean_elevation_quadratic_gaussian,5,allouche_2012,sensitivity,mean_elevation_quadratic,logarithmic,2,68,49.277129553737979,m,82.034191384584616,breeding-bird species richness,count,NA,640.37553825272073,657127.88856165914,FALSE,NA,NA,NA,NA
Topography_delta_mean_elevation_quadratic_gaussian,5,allouche_2012,sensitivity,mean_elevation_quadratic,logarithmic,2,69,50.003049182085554,m,82.077434510003982,breeding-bird species richness,count,NA,640.37553825272073,657127.88856165914,FALSE,NA,NA,NA,NA
Topography_delta_mean_elevation_quadratic_gaussian,5,allouche_2012,sensitivity,mean_elevation_quadratic,logarithmic,2,70,50.728968810433123,m,82.1200543553785,breeding-bird species richness,count,NA,640.37553825272073,657127.88856165914,FALSE,NA,NA,NA,NA
Topography_delta_mean_elevation_quadratic_gaussian,5,allouche_2012,sensitivity,mean_elevation_quadratic,logarithmic,2,71,51.454888438780699,m,82.162068632875162,breeding-bird species richness,count,NA,640.37553825272073,657127.88856165914,FALSE,NA,NA,NA,NA
Topography_delta_mean_elevation_quadratic_gaussian,5,allouche_2012,sensitivity,mean_elevation_quadratic,logarithmic,2,72,52.180808067128268,m,82.203494310218488,breeding-bird species richness,count,NA,640.37553825272073,657127.88856165914,FALSE,NA,NA,NA,NA
Topography_delta_mean_elevation_quadratic_gaussian,5,allouche_2012,sensitivity,mean_elevation_quadratic,logarithmic,2,73,52.906727695475844,m,82.244347651833365,breeding-bird species richness,count,NA,640.37553825272073,657127.88856165914,FALSE,NA,NA,NA,NA
Topography_delta_mean_elevation_quadratic_gaussian,5,allouche_2012,sensitivity,mean_elevation_quadratic,logarithmic,2,74,53.63264732382342,m,82.284644257184183,breeding-bird species richness,count,NA,640.37553825272073,657127.88856165914,FALSE,NA,NA,NA,NA
Topography_delta_mean_elevation_quadratic_gaussian,5,allouche_2012,sensitivity,mean_elevation_quadratic,logarithmic,2,75,54.358566952170989,m,82.32439909653678,breeding-bird species richness,count,NA,640.37553825272073,657127.88856165914,FALSE,NA,NA,NA,NA
Topography_delta_mean_elevation_quadratic_gaussian,5,allouche_2012,sensitivity,mean_elevation_quadratic,logarithmic,2,76,55.084486580518565,m,82.363626544347866,breeding-bird species richness,count,NA,640.37553825272073,657127.88856165914,FALSE,NA,NA,NA,NA
Topography_delta_mean_elevation_quadratic_gaussian,5,allouche_2012,sensitivity,mean_elevation_quadratic,logarithmic,2,77,55.810406208866141,m,82.402340410468852,breeding-bird species richness,count,NA,640.37553825272073,657127.88856165914,FALSE,NA,NA,NA,NA
Topography_delta_mean_elevation_quadratic_gaussian,5,allouche_2012,sensitivity,mean_elevation_quadratic,logarithmic,2,78,56.53632583721371,m,82.440553969333038,breeding-bird species richness,count,NA,640.37553825272073,657127.88856165914,FALSE,NA,NA,NA,NA
Topography_delta_mean_elevation_quadratic_gaussian,5,allouche_2012,sensitivity,mean_elevation_quadratic,logarithmic,2,79,57.262245465561286,m,82.478279987281013,breeding-bird species richness,count,NA,640.37553825272073,657127.88856165914,FALSE,NA,NA,NA,NA
Topography_delta_mean_elevation_quadratic_gaussian,5,allouche_2012,sensitivity,mean_elevation_quadratic,logarithmic,2,80,57.988165093908862,m,82.515530748164664,breeding-bird species richness,count,NA,640.37553825272073,657127.88856165914,FALSE,NA,NA,NA,NA
Topography_delta_mean_elevation_quadratic_gaussian,5,allouche_2012,sensitivity,mean_elevation_quadratic,logarithmic,2,81,58.71408472225643,m,82.552318077358393,breeding-bird species richness,count,NA,640.37553825272073,657127.88856165914,FALSE,NA,NA,NA,NA
Topography_delta_mean_elevation_quadratic_gaussian,5,allouche_2012,sensitivity,mean_elevation_quadratic,logarithmic,2,82,59.440004350604006,m,82.588653364295141,breeding-bird species richness,count,NA,640.37553825272073,657127.88856165914,FALSE,NA,NA,NA,NA
Topography_delta_mean_elevation_quadratic_gaussian,5,allouche_2012,sensitivity,mean_elevation_quadratic,logarithmic,2,83,60.165923978951582,m,82.624547583634438,breeding-bird species richness,count,NA,640.37553825272073,657127.88856165914,FALSE,NA,NA,NA,NA
Topography_delta_mean_elevation_quadratic_gaussian,5,allouche_2012,sensitivity,mean_elevation_quadratic,logarithmic,2,84,60.891843607299151,m,82.660011315161029,breeding-bird species richness,count,NA,640.37553825272073,657127.88856165914,FALSE,NA,NA,NA,NA
Topography_delta_mean_elevation_quadratic_gaussian,5,allouche_2012,sensitivity,mean_elevation_quadratic,logarithmic,2,85,61.617763235646727,m,82.695054762504355,breeding-bird species richness,count,NA,640.37553825272073,657127.88856165914,FALSE,NA,NA,NA,NA
Topography_delta_mean_elevation_quadratic_gaussian,5,allouche_2012,sensitivity,mean_elevation_quadratic,logarithmic,2,86,62.343682863994296,m,82.729687770761771,breeding-bird species richness,count,NA,640.37553825272073,657127.88856165914,FALSE,NA,NA,NA,NA
Topography_delta_mean_elevation_quadratic_gaussian,5,allouche_2012,sensitivity,mean_elevation_quadratic,logarithmic,2,87,63.069602492341872,m,82.763919843101561,breeding-bird species richness,count,NA,640.37553825272073,657127.88856165914,FALSE,NA,NA,NA,NA
Topography_delta_mean_elevation_quadratic_gaussian,5,allouche_2012,sensitivity,mean_elevation_quadratic,logarithmic,2,88,63.795522120689448,m,82.797760156415904,breeding-bird species richness,count,NA,640.37553825272073,657127.88856165914,FALSE,NA,NA,NA,NA
Topography_delta_mean_elevation_quadratic_gaussian,5,allouche_2012,sensitivity,mean_elevation_quadratic,logarithmic,2,89,64.52144174903701,m,82.831217576088306,breeding-bird species richness,count,NA,640.37553825272073,657127.88856165914,FALSE,NA,NA,NA,NA
Topography_delta_mean_elevation_quadratic_gaussian,5,allouche_2012,sensitivity,mean_elevation_quadratic,logarithmic,2,90,65.247361377384593,m,82.864300669934778,breeding-bird species richness,count,NA,640.37553825272073,657127.88856165914,FALSE,NA,NA,NA,NA
Topography_delta_mean_elevation_quadratic_gaussian,5,allouche_2012,sensitivity,mean_elevation_quadratic,logarithmic,2,91,65.973281005732161,m,82.897017721373814,breeding-bird species richness,count,NA,640.37553825272073,657127.88856165914,FALSE,NA,NA,NA,NA
Topography_delta_mean_elevation_quadratic_gaussian,5,allouche_2012,sensitivity,mean_elevation_quadratic,logarithmic,2,92,66.69920063407973,m,82.929376741875743,breeding-bird species richness,count,NA,640.37553825272073,657127.88856165914,FALSE,NA,NA,NA,NA
Topography_delta_mean_elevation_quadratic_gaussian,5,allouche_2012,sensitivity,mean_elevation_quadratic,logarithmic,2,93,67.425120262427299,m,82.961385482738166,breeding-bird species richness,count,NA,640.37553825272073,657127.88856165914,FALSE,NA,NA,NA,NA
Topography_delta_mean_elevation_quadratic_gaussian,5,allouche_2012,sensitivity,mean_elevation_quadratic,logarithmic,2,94,68.151039890774882,m,82.993051446230979,breeding-bird species richness,count,NA,640.37553825272073,657127.88856165914,FALSE,NA,NA,NA,NA
Topography_delta_mean_elevation_quadratic_gaussian,5,allouche_2012,sensitivity,mean_elevation_quadratic,logarithmic,2,95,68.876959519122451,m,83.024381896150757,breeding-bird species richness,count,NA,640.37553825272073,657127.88856165914,FALSE,NA,NA,NA,NA
Topography_delta_mean_elevation_quadratic_gaussian,5,allouche_2012,sensitivity,mean_elevation_quadratic,logarithmic,2,96,69.60287914747002,m,83.055383867822087,breeding-bird species richness,count,NA,640.37553825272073,657127.88856165914,FALSE,NA,NA,NA,NA
Topography_delta_mean_elevation_quadratic_gaussian,5,allouche_2012,sensitivity,mean_elevation_quadratic,logarithmic,2,97,70.328798775817603,m,83.086064177579814,breeding-bird species richness,count,NA,640.37553825272073,657127.88856165914,FALSE,NA,NA,NA,NA
Topography_delta_mean_elevation_quadratic_gaussian,5,allouche_2012,sensitivity,mean_elevation_quadratic,logarithmic,2,98,71.054718404165172,m,83.116429431764516,breeding-bird species richness,count,NA,640.37553825272073,657127.88856165914,FALSE,NA,NA,NA,NA
Topography_delta_mean_elevation_quadratic_gaussian,5,allouche_2012,sensitivity,mean_elevation_quadratic,logarithmic,2,99,71.780638032512741,m,83.146486035260779,breeding-bird species richness,count,NA,640.37553825272073,657127.88856165914,FALSE,NA,NA,NA,NA
Topography_delta_mean_elevation_quadratic_gaussian,5,allouche_2012,sensitivity,mean_elevation_quadratic,logarithmic,2,100,72.506557660860324,m,83.176240199605829,breeding-bird species richness,count,NA,640.37553825272073,657127.88856165914,FALSE,NA,NA,NA,NA
Topography_delta_mean_elevation_quadratic_gaussian,5,allouche_2012,sensitivity,mean_elevation_quadratic,logarithmic,2,101,73.232477289207893,m,83.205697950694358,breeding-bird species richness,count,NA,640.37553825272073,657127.88856165914,FALSE,NA,NA,NA,NA
Topography_delta_mean_elevation_quadratic_gaussian,5,allouche_2012,sensitivity,mean_elevation_quadratic,logarithmic,2,102,73.958396917555461,m,83.234865136103195,breeding-bird species richness,count,NA,640.37553825272073,657127.88856165914,FALSE,NA,NA,NA,NA
Topography_delta_mean_elevation_quadratic_gaussian,5,allouche_2012,sensitivity,mean_elevation_quadratic,logarithmic,2,103,74.684316545903044,m,83.263747432058409,breeding-bird species richness,count,NA,640.37553825272073,657127.88856165914,FALSE,NA,NA,NA,NA
Topography_delta_mean_elevation_quadratic_gaussian,5,allouche_2012,sensitivity,mean_elevation_quadratic,logarithmic,2,104,75.410236174250613,m,83.292350350065334,breeding-bird species richness,count,NA,640.37553825272073,657127.88856165914,FALSE,NA,NA,NA,NA
Topography_delta_mean_elevation_quadratic_gaussian,5,allouche_2012,sensitivity,mean_elevation_quadratic,logarithmic,2,105,76.136155802598182,m,83.32067924322098,breeding-bird species richness,count,NA,640.37553825272073,657127.88856165914,FALSE,NA,NA,NA,NA
Topography_delta_mean_elevation_quadratic_gaussian,5,allouche_2012,sensitivity,mean_elevation_quadratic,logarithmic,2,106,76.862075430945765,m,83.348739312227039,breeding-bird species richness,count,NA,640.37553825272073,657127.88856165914,FALSE,NA,NA,NA,NA
Topography_delta_mean_elevation_quadratic_gaussian,5,allouche_2012,sensitivity,mean_elevation_quadratic,logarithmic,2,107,77.587995059293334,m,83.376535611120133,breeding-bird species richness,count,NA,640.37553825272073,657127.88856165914,FALSE,NA,NA,NA,NA
Topography_delta_mean_elevation_quadratic_gaussian,5,allouche_2012,sensitivity,mean_elevation_quadratic,logarithmic,2,108,78.313914687640903,m,83.404073052735356,breeding-bird species richness,count,NA,640.37553825272073,657127.88856165914,FALSE,NA,NA,NA,NA
Topography_delta_mean_elevation_quadratic_gaussian,5,allouche_2012,sensitivity,mean_elevation_quadratic,logarithmic,2,109,79.039834315988486,m,83.431356413917669,breeding-bird species richness,count,NA,640.37553825272073,657127.88856165914,FALSE,NA,NA,NA,NA
Topography_delta_mean_elevation_quadratic_gaussian,5,allouche_2012,sensitivity,mean_elevation_quadratic,logarithmic,2,110,79.765753944336055,m,83.4583903404951,breeding-bird species richness,count,NA,640.37553825272073,657127.88856165914,FALSE,NA,NA,NA,NA
Topography_delta_mean_elevation_quadratic_gaussian,5,allouche_2012,sensitivity,mean_elevation_quadratic,logarithmic,2,111,80.491673572683624,m,83.485179352026677,breeding-bird species richness,count,NA,640.37553825272073,657127.88856165914,FALSE,NA,NA,NA,NA
Topography_delta_mean_elevation_quadratic_gaussian,5,allouche_2012,sensitivity,mean_elevation_quadratic,logarithmic,2,112,81.217593201031207,m,83.511727846337124,breeding-bird species richness,count,NA,640.37553825272073,657127.88856165914,FALSE,NA,NA,NA,NA
Topography_delta_mean_elevation_quadratic_gaussian,5,allouche_2012,sensitivity,mean_elevation_quadratic,logarithmic,2,113,81.943512829378776,m,83.538040103850008,breeding-bird species richness,count,NA,640.37553825272073,657127.88856165914,FALSE,NA,NA,NA,NA
Topography_delta_mean_elevation_quadratic_gaussian,5,allouche_2012,sensitivity,mean_elevation_quadratic,logarithmic,2,114,82.669432457726344,m,83.564120291729495,breeding-bird species richness,count,NA,640.37553825272073,657127.88856165914,FALSE,NA,NA,NA,NA
Topography_delta_mean_elevation_quadratic_gaussian,5,allouche_2012,sensitivity,mean_elevation_quadratic,logarithmic,2,115,83.395352086073927,m,83.589972467841335,breeding-bird species richness,count,NA,640.37553825272073,657127.88856165914,FALSE,NA,NA,NA,NA
Topography_delta_mean_elevation_quadratic_gaussian,5,allouche_2012,sensitivity,mean_elevation_quadratic,logarithmic,2,116,84.121271714421496,m,83.615600584542008,breeding-bird species richness,count,NA,640.37553825272073,657127.88856165914,FALSE,NA,NA,NA,NA
Topography_delta_mean_elevation_quadratic_gaussian,5,allouche_2012,sensitivity,mean_elevation_quadratic,logarithmic,2,117,84.847191342769065,m,83.641008492305133,breeding-bird species richness,count,NA,640.37553825272073,657127.88856165914,FALSE,NA,NA,NA,NA
Topography_delta_mean_elevation_quadratic_gaussian,5,allouche_2012,sensitivity,mean_elevation_quadratic,logarithmic,2,118,85.573110971116634,m,83.666199943193433,breeding-bird species richness,count,NA,640.37553825272073,657127.88856165914,FALSE,NA,NA,NA,NA
Topography_delta_mean_elevation_quadratic_gaussian,5,allouche_2012,sensitivity,mean_elevation_quadratic,logarithmic,2,119,86.299030599464217,m,83.691178594183995,breeding-bird species richness,count,NA,640.37553825272073,657127.88856165914,FALSE,NA,NA,NA,NA
Topography_delta_mean_elevation_quadratic_gaussian,5,allouche_2012,sensitivity,mean_elevation_quadratic,logarithmic,2,120,87.024950227811786,m,83.71594801035431,breeding-bird species richness,count,NA,640.37553825272073,657127.88856165914,FALSE,NA,NA,NA,NA
Topography_delta_mean_elevation_quadratic_gaussian,5,allouche_2012,sensitivity,mean_elevation_quadratic,logarithmic,2,121,87.750869856159355,m,83.740511667935934,breeding-bird species richness,count,NA,640.37553825272073,657127.88856165914,FALSE,NA,NA,NA,NA
Topography_delta_mean_elevation_quadratic_gaussian,5,allouche_2012,sensitivity,mean_elevation_quadratic,logarithmic,2,122,88.476789484506938,m,83.764872957242389,breeding-bird species richness,count,NA,640.37553825272073,657127.88856165914,FALSE,NA,NA,NA,NA
Topography_delta_mean_elevation_quadratic_gaussian,5,allouche_2012,sensitivity,mean_elevation_quadratic,logarithmic,2,123,89.202709112854507,m,83.789035185477402,breeding-bird species richness,count,NA,640.37553825272073,657127.88856165914,FALSE,NA,NA,NA,NA
Topography_delta_mean_elevation_quadratic_gaussian,5,allouche_2012,sensitivity,mean_elevation_quadratic,logarithmic,2,124,89.928628741202076,m,83.813001579429397,breeding-bird species richness,count,NA,640.37553825272073,657127.88856165914,FALSE,NA,NA,NA,NA
Topography_delta_mean_elevation_quadratic_gaussian,5,allouche_2012,sensitivity,mean_elevation_quadratic,logarithmic,2,125,90.654548369549659,m,83.836775288057609,breeding-bird species richness,count,NA,640.37553825272073,657127.88856165914,FALSE,NA,NA,NA,NA
Topography_delta_mean_elevation_quadratic_gaussian,5,allouche_2012,sensitivity,mean_elevation_quadratic,logarithmic,2,126,91.380467997897227,m,83.860359384975112,breeding-bird species richness,count,NA,640.37553825272073,657127.88856165914,FALSE,NA,NA,NA,NA
Topography_delta_mean_elevation_quadratic_gaussian,5,allouche_2012,sensitivity,mean_elevation_quadratic,logarithmic,2,127,92.106387626244796,m,83.883756870833537,breeding-bird species richness,count,NA,640.37553825272073,657127.88856165914,FALSE,NA,NA,NA,NA
Topography_delta_mean_elevation_quadratic_gaussian,5,allouche_2012,sensitivity,mean_elevation_quadratic,logarithmic,2,128,92.832307254592379,m,83.906970675614318,breeding-bird species richness,count,NA,640.37553825272073,657127.88856165914,FALSE,NA,NA,NA,NA
Topography_delta_mean_elevation_quadratic_gaussian,5,allouche_2012,sensitivity,mean_elevation_quadratic,logarithmic,2,129,93.558226882939948,m,83.930003660830522,breeding-bird species richness,count,NA,640.37553825272073,657127.88856165914,FALSE,NA,NA,NA,NA
Topography_delta_mean_elevation_quadratic_gaussian,5,allouche_2012,sensitivity,mean_elevation_quadratic,logarithmic,2,130,94.284146511287517,m,83.952858621643742,breeding-bird species richness,count,NA,640.37553825272073,657127.88856165914,FALSE,NA,NA,NA,NA
Topography_delta_mean_elevation_quadratic_gaussian,5,allouche_2012,sensitivity,mean_elevation_quadratic,logarithmic,2,131,95.0100661396351,m,83.975538288899727,breeding-bird species richness,count,NA,640.37553825272073,657127.88856165914,FALSE,NA,NA,NA,NA
Topography_delta_mean_elevation_quadratic_gaussian,5,allouche_2012,sensitivity,mean_elevation_quadratic,logarithmic,2,132,95.735985767982669,m,83.998045331086558,breeding-bird species richness,count,NA,640.37553825272073,657127.88856165914,FALSE,NA,NA,NA,NA
Topography_delta_mean_elevation_quadratic_gaussian,5,allouche_2012,sensitivity,mean_elevation_quadratic,logarithmic,2,133,96.461905396330238,m,84.020382356218846,breeding-bird species richness,count,NA,640.37553825272073,657127.88856165914,FALSE,NA,NA,NA,NA
Topography_delta_mean_elevation_quadratic_gaussian,5,allouche_2012,sensitivity,mean_elevation_quadratic,logarithmic,2,134,97.187825024677821,m,84.042551913651309,breeding-bird species richness,count,NA,640.37553825272073,657127.88856165914,FALSE,NA,NA,NA,NA
Topography_delta_mean_elevation_quadratic_gaussian,5,allouche_2012,sensitivity,mean_elevation_quadratic,logarithmic,2,135,97.91374465302539,m,84.064556495824945,breeding-bird species richness,count,NA,640.37553825272073,657127.88856165914,FALSE,NA,NA,NA,NA
Topography_delta_mean_elevation_quadratic_gaussian,5,allouche_2012,sensitivity,mean_elevation_quadratic,logarithmic,2,136,98.639664281372958,m,84.086398539948533,breeding-bird species richness,count,NA,640.37553825272073,657127.88856165914,FALSE,NA,NA,NA,NA
Topography_delta_mean_elevation_quadratic_gaussian,5,allouche_2012,sensitivity,mean_elevation_quadratic,logarithmic,2,137,99.365583909720542,m,84.108080429618653,breeding-bird species richness,count,NA,640.37553825272073,657127.88856165914,FALSE,NA,NA,NA,NA
Topography_delta_mean_elevation_quadratic_gaussian,5,allouche_2012,sensitivity,mean_elevation_quadratic,logarithmic,2,138,100.09150353806811,m,84.129604496380708,breeding-bird species richness,count,NA,640.37553825272073,657127.88856165914,FALSE,NA,NA,NA,NA
Topography_delta_mean_elevation_quadratic_gaussian,5,allouche_2012,sensitivity,mean_elevation_quadratic,logarithmic,2,139,100.81742316641568,m,84.15097302123344,breeding-bird species richness,count,NA,640.37553825272073,657127.88856165914,FALSE,NA,NA,NA,NA
Topography_delta_mean_elevation_quadratic_gaussian,5,allouche_2012,sensitivity,mean_elevation_quadratic,logarithmic,2,140,101.54334279476326,m,84.172188236079634,breeding-bird species richness,count,NA,640.37553825272073,657127.88856165914,FALSE,NA,NA,NA,NA
Topography_delta_mean_elevation_quadratic_gaussian,5,allouche_2012,sensitivity,mean_elevation_quadratic,logarithmic,2,141,102.26926242311083,m,84.193252325125016,breeding-bird species richness,count,NA,640.37553825272073,657127.88856165914,FALSE,NA,NA,NA,NA
Topography_delta_mean_elevation_quadratic_gaussian,5,allouche_2012,sensitivity,mean_elevation_quadratic,logarithmic,2,142,102.9951820514584,m,84.21416742622776,breeding-bird species richness,count,NA,640.37553825272073,657127.88856165914,FALSE,NA,NA,NA,NA
Topography_delta_mean_elevation_quadratic_gaussian,5,allouche_2012,sensitivity,mean_elevation_quadratic,logarithmic,2,143,103.72110167980597,m,84.234935632200518,breeding-bird species richness,count,NA,640.37553825272073,657127.88856165914,FALSE,NA,NA,NA,NA
Topography_delta_mean_elevation_quadratic_gaussian,5,allouche_2012,sensitivity,mean_elevation_quadratic,logarithmic,2,144,104.44702130815355,m,84.255558992067208,breeding-bird species richness,count,NA,640.37553825272073,657127.88856165914,FALSE,NA,NA,NA,NA
Topography_delta_mean_elevation_quadratic_gaussian,5,allouche_2012,sensitivity,mean_elevation_quadratic,logarithmic,2,145,105.17294093650112,m,84.276039512276057,breeding-bird species richness,count,NA,640.37553825272073,657127.88856165914,FALSE,NA,NA,NA,NA
Topography_delta_mean_elevation_quadratic_gaussian,5,allouche_2012,sensitivity,mean_elevation_quadratic,logarithmic,2,146,105.89886056484869,m,84.296379157871115,breeding-bird species richness,count,NA,640.37553825272073,657127.88856165914,FALSE,NA,NA,NA,NA
Topography_delta_mean_elevation_quadratic_gaussian,5,allouche_2012,sensitivity,mean_elevation_quadratic,logarithmic,2,147,106.62478019319627,m,84.316579853623622,breeding-bird species richness,count,NA,640.37553825272073,657127.88856165914,FALSE,NA,NA,NA,NA
Topography_delta_mean_elevation_quadratic_gaussian,5,allouche_2012,sensitivity,mean_elevation_quadratic,logarithmic,2,148,107.35069982154384,m,84.336643485125094,breeding-bird species richness,count,NA,640.37553825272073,657127.88856165914,FALSE,NA,NA,NA,NA
Topography_delta_mean_elevation_quadratic_gaussian,5,allouche_2012,sensitivity,mean_elevation_quadratic,logarithmic,2,149,108.07661944989141,m,84.356571899843502,breeding-bird species richness,count,NA,640.37553825272073,657127.88856165914,FALSE,NA,NA,NA,NA
Topography_delta_mean_elevation_quadratic_gaussian,5,allouche_2012,sensitivity,mean_elevation_quadratic,logarithmic,2,150,108.80253907823899,m,84.376366908144107,breeding-bird species richness,count,NA,640.37553825272073,657127.88856165914,FALSE,NA,NA,NA,NA
Topography_delta_mean_elevation_quadratic_gaussian,5,allouche_2012,sensitivity,mean_elevation_quadratic,logarithmic,2,151,109.52845870658656,m,84.396030284276392,breeding-bird species richness,count,NA,640.37553825272073,657127.88856165914,FALSE,NA,NA,NA,NA
Topography_delta_mean_elevation_quadratic_gaussian,5,allouche_2012,sensitivity,mean_elevation_quadratic,logarithmic,2,152,110.25437833493413,m,84.415563767328351,breeding-bird species richness,count,NA,640.37553825272073,657127.88856165914,FALSE,NA,NA,NA,NA
Topography_delta_mean_elevation_quadratic_gaussian,5,allouche_2012,sensitivity,mean_elevation_quadratic,logarithmic,2,153,110.98029796328171,m,84.434969062149534,breeding-bird species richness,count,NA,640.37553825272073,657127.88856165914,FALSE,NA,NA,NA,NA
Topography_delta_mean_elevation_quadratic_gaussian,5,allouche_2012,sensitivity,mean_elevation_quadratic,logarithmic,2,154,111.70621759162928,m,84.454247840243909,breeding-bird species richness,count,NA,640.37553825272073,657127.88856165914,FALSE,NA,NA,NA,NA
Topography_delta_mean_elevation_quadratic_gaussian,5,allouche_2012,sensitivity,mean_elevation_quadratic,logarithmic,2,155,112.43213721997685,m,84.473401740633832,breeding-bird species richness,count,NA,640.37553825272073,657127.88856165914,FALSE,NA,NA,NA,NA
Topography_delta_mean_elevation_quadratic_gaussian,5,allouche_2012,sensitivity,mean_elevation_quadratic,logarithmic,2,156,113.15805684832443,m,84.492432370696307,breeding-bird species richness,count,NA,640.37553825272073,657127.88856165914,FALSE,NA,NA,NA,NA
Topography_delta_mean_elevation_quadratic_gaussian,5,allouche_2012,sensitivity,mean_elevation_quadratic,logarithmic,2,157,113.883976476672,m,84.511341306972369,breeding-bird species richness,count,NA,640.37553825272073,657127.88856165914,FALSE,NA,NA,NA,NA
Topography_delta_mean_elevation_quadratic_gaussian,5,allouche_2012,sensitivity,mean_elevation_quadratic,logarithmic,2,158,114.60989610501957,m,84.530130095950852,breeding-bird species richness,count,NA,640.37553825272073,657127.88856165914,FALSE,NA,NA,NA,NA
Topography_delta_mean_elevation_quadratic_gaussian,5,allouche_2012,sensitivity,mean_elevation_quadratic,logarithmic,2,159,115.33581573336716,m,84.548800254827384,breeding-bird species richness,count,NA,640.37553825272073,657127.88856165914,FALSE,NA,NA,NA,NA
Topography_delta_mean_elevation_quadratic_gaussian,5,allouche_2012,sensitivity,mean_elevation_quadratic,logarithmic,2,160,116.06173536171472,m,84.567353272239515,breeding-bird species richness,count,NA,640.37553825272073,657127.88856165914,FALSE,NA,NA,NA,NA
Topography_delta_mean_elevation_quadratic_gaussian,5,allouche_2012,sensitivity,mean_elevation_quadratic,logarithmic,2,161,116.78765499006229,m,84.585790608979067,breeding-bird species richness,count,NA,640.37553825272073,657127.88856165914,FALSE,NA,NA,NA,NA
Topography_delta_mean_elevation_quadratic_gaussian,5,allouche_2012,sensitivity,mean_elevation_quadratic,logarithmic,2,162,117.51357461840988,m,84.604113698682241,breeding-bird species richness,count,NA,640.37553825272073,657127.88856165914,FALSE,NA,NA,NA,NA
Topography_delta_mean_elevation_quadratic_gaussian,5,allouche_2012,sensitivity,mean_elevation_quadratic,logarithmic,2,163,118.23949424675745,m,84.622323948498618,breeding-bird species richness,count,NA,640.37553825272073,657127.88856165914,FALSE,NA,NA,NA,NA
Topography_delta_mean_elevation_quadratic_gaussian,5,allouche_2012,sensitivity,mean_elevation_quadratic,logarithmic,2,164,118.96541387510501,m,84.640422739739577,breeding-bird species richness,count,NA,640.37553825272073,657127.88856165914,FALSE,NA,NA,NA,NA
Topography_delta_mean_elevation_quadratic_gaussian,5,allouche_2012,sensitivity,mean_elevation_quadratic,logarithmic,2,165,119.6913335034526,m,84.658411428507094,breeding-bird species richness,count,NA,640.37553825272073,657127.88856165914,FALSE,NA,NA,NA,NA
Topography_delta_mean_elevation_quadratic_gaussian,5,allouche_2012,sensitivity,mean_elevation_quadratic,logarithmic,2,166,120.41725313180017,m,84.676291346303429,breeding-bird species richness,count,NA,640.37553825272073,657127.88856165914,FALSE,NA,NA,NA,NA
Topography_delta_mean_elevation_quadratic_gaussian,5,allouche_2012,sensitivity,mean_elevation_quadratic,logarithmic,2,167,121.14317276014773,m,84.694063800622558,breeding-bird species richness,count,NA,640.37553825272073,657127.88856165914,FALSE,NA,NA,NA,NA
Topography_delta_mean_elevation_quadratic_gaussian,5,allouche_2012,sensitivity,mean_elevation_quadratic,logarithmic,2,168,121.8690923884953,m,84.711730075523903,breeding-bird species richness,count,NA,640.37553825272073,657127.88856165914,FALSE,NA,NA,NA,NA
Topography_delta_mean_elevation_quadratic_gaussian,5,allouche_2012,sensitivity,mean_elevation_quadratic,logarithmic,2,169,122.59501201684289,m,84.729291432189072,breeding-bird species richness,count,NA,640.37553825272073,657127.88856165914,FALSE,NA,NA,NA,NA
Topography_delta_mean_elevation_quadratic_gaussian,5,allouche_2012,sensitivity,mean_elevation_quadratic,logarithmic,2,170,123.32093164519046,m,84.746749109462073,breeding-bird species richness,count,NA,640.37553825272073,657127.88856165914,FALSE,NA,NA,NA,NA
Topography_delta_mean_elevation_quadratic_gaussian,5,allouche_2012,sensitivity,mean_elevation_quadratic,logarithmic,2,171,124.04685127353802,m,84.764104324373818,breeding-bird species richness,count,NA,640.37553825272073,657127.88856165914,FALSE,NA,NA,NA,NA
Topography_delta_mean_elevation_quadratic_gaussian,5,allouche_2012,sensitivity,mean_elevation_quadratic,logarithmic,2,172,124.77277090188561,m,84.781358272651147,breeding-bird species richness,count,NA,640.37553825272073,657127.88856165914,FALSE,NA,NA,NA,NA
Topography_delta_mean_elevation_quadratic_gaussian,5,allouche_2012,sensitivity,mean_elevation_quadratic,logarithmic,2,173,125.49869053023318,m,84.798512129211232,breeding-bird species richness,count,NA,640.37553825272073,657127.88856165914,FALSE,NA,NA,NA,NA
Topography_delta_mean_elevation_quadratic_gaussian,5,allouche_2012,sensitivity,mean_elevation_quadratic,logarithmic,2,174,126.22461015858075,m,84.815567048641668,breeding-bird species richness,count,NA,640.37553825272073,657127.88856165914,FALSE,NA,NA,NA,NA
Topography_delta_mean_elevation_quadratic_gaussian,5,allouche_2012,sensitivity,mean_elevation_quadratic,logarithmic,2,175,126.95052978692833,m,84.832524165666797,breeding-bird species richness,count,NA,640.37553825272073,657127.88856165914,FALSE,NA,NA,NA,NA
Topography_delta_mean_elevation_quadratic_gaussian,5,allouche_2012,sensitivity,mean_elevation_quadratic,logarithmic,2,176,127.6764494152759,m,84.849384595600725,breeding-bird species richness,count,NA,640.37553825272073,657127.88856165914,FALSE,NA,NA,NA,NA
Topography_delta_mean_elevation_quadratic_gaussian,5,allouche_2012,sensitivity,mean_elevation_quadratic,logarithmic,2,177,128.40236904362348,m,84.866149434787559,breeding-bird species richness,count,NA,640.37553825272073,657127.88856165914,FALSE,NA,NA,NA,NA
Topography_delta_mean_elevation_quadratic_gaussian,5,allouche_2012,sensitivity,mean_elevation_quadratic,logarithmic,2,178,129.12828867197106,m,84.882819761029111,breeding-bird species richness,count,NA,640.37553825272073,657127.88856165914,FALSE,NA,NA,NA,NA
Topography_delta_mean_elevation_quadratic_gaussian,5,allouche_2012,sensitivity,mean_elevation_quadratic,logarithmic,2,179,129.85420830031865,m,84.89939663400078,breeding-bird species richness,count,NA,640.37553825272073,657127.88856165914,FALSE,NA,NA,NA,NA
Topography_delta_mean_elevation_quadratic_gaussian,5,allouche_2012,sensitivity,mean_elevation_quadratic,logarithmic,2,180,130.5801279286662,m,84.915881095655706,breeding-bird species richness,count,NA,640.37553825272073,657127.88856165914,FALSE,NA,NA,NA,NA
Topography_delta_mean_elevation_quadratic_gaussian,5,allouche_2012,sensitivity,mean_elevation_quadratic,logarithmic,2,181,131.30604755701378,m,84.932274170617745,breeding-bird species richness,count,NA,640.37553825272073,657127.88856165914,FALSE,NA,NA,NA,NA
Topography_delta_mean_elevation_quadratic_gaussian,5,allouche_2012,sensitivity,mean_elevation_quadratic,logarithmic,2,182,132.03196718536134,m,84.948576866563698,breeding-bird species richness,count,NA,640.37553825272073,657127.88856165914,FALSE,NA,NA,NA,NA
Topography_delta_mean_elevation_quadratic_gaussian,5,allouche_2012,sensitivity,mean_elevation_quadratic,logarithmic,2,183,132.75788681370892,m,84.964790174594924,breeding-bird species richness,count,NA,640.37553825272073,657127.88856165914,FALSE,NA,NA,NA,NA
Topography_delta_mean_elevation_quadratic_gaussian,5,allouche_2012,sensitivity,mean_elevation_quadratic,logarithmic,2,184,133.4838064420565,m,84.980915069598993,breeding-bird species richness,count,NA,640.37553825272073,657127.88856165914,FALSE,NA,NA,NA,NA
Topography_delta_mean_elevation_quadratic_gaussian,5,allouche_2012,sensitivity,mean_elevation_quadratic,logarithmic,2,185,134.20972607040406,m,84.996952510601304,breeding-bird species richness,count,NA,640.37553825272073,657127.88856165914,FALSE,NA,NA,NA,NA
Topography_delta_mean_elevation_quadratic_gaussian,5,allouche_2012,sensitivity,mean_elevation_quadratic,logarithmic,2,186,134.93564569875164,m,85.012903441107454,breeding-bird species richness,count,NA,640.37553825272073,657127.88856165914,FALSE,NA,NA,NA,NA
Topography_delta_mean_elevation_quadratic_gaussian,5,allouche_2012,sensitivity,mean_elevation_quadratic,logarithmic,2,187,135.66156532709923,m,85.028768789436285,breeding-bird species richness,count,NA,640.37553825272073,657127.88856165914,FALSE,NA,NA,NA,NA
Topography_delta_mean_elevation_quadratic_gaussian,5,allouche_2012,sensitivity,mean_elevation_quadratic,logarithmic,2,188,136.38748495544678,m,85.044549469044057,breeding-bird species richness,count,NA,640.37553825272073,657127.88856165914,FALSE,NA,NA,NA,NA
Topography_delta_mean_elevation_quadratic_gaussian,5,allouche_2012,sensitivity,mean_elevation_quadratic,logarithmic,2,189,137.11340458379436,m,85.060246378840034,breeding-bird species richness,count,NA,640.37553825272073,657127.88856165914,FALSE,NA,NA,NA,NA
Topography_delta_mean_elevation_quadratic_gaussian,5,allouche_2012,sensitivity,mean_elevation_quadratic,logarithmic,2,190,137.83932421214195,m,85.075860403493792,breeding-bird species richness,count,NA,640.37553825272073,657127.88856165914,FALSE,NA,NA,NA,NA
Topography_delta_mean_elevation_quadratic_gaussian,5,allouche_2012,sensitivity,mean_elevation_quadratic,logarithmic,2,191,138.5652438404895,m,85.091392413734312,breeding-bird species richness,count,NA,640.37553825272073,657127.88856165914,FALSE,NA,NA,NA,NA
Topography_delta_mean_elevation_quadratic_gaussian,5,allouche_2012,sensitivity,mean_elevation_quadratic,logarithmic,2,192,139.29116346883708,m,85.106843266641448,breeding-bird species richness,count,NA,640.37553825272073,657127.88856165914,FALSE,NA,NA,NA,NA
Topography_delta_mean_elevation_quadratic_gaussian,5,allouche_2012,sensitivity,mean_elevation_quadratic,logarithmic,2,193,140.01708309718467,m,85.122213805929633,breeding-bird species richness,count,NA,640.37553825272073,657127.88856165914,FALSE,NA,NA,NA,NA
Topography_delta_mean_elevation_quadratic_gaussian,5,allouche_2012,sensitivity,mean_elevation_quadratic,logarithmic,2,194,140.74300272553222,m,85.137504862224432,breeding-bird species richness,count,NA,640.37553825272073,657127.88856165914,FALSE,NA,NA,NA,NA
Topography_delta_mean_elevation_quadratic_gaussian,5,allouche_2012,sensitivity,mean_elevation_quadratic,logarithmic,2,195,141.4689223538798,m,85.152717253331787,breeding-bird species richness,count,NA,640.37553825272073,657127.88856165914,FALSE,NA,NA,NA,NA
Topography_delta_mean_elevation_quadratic_gaussian,5,allouche_2012,sensitivity,mean_elevation_quadratic,logarithmic,2,196,142.19484198222739,m,85.167851784500556,breeding-bird species richness,count,NA,640.37553825272073,657127.88856165914,FALSE,NA,NA,NA,NA
Topography_delta_mean_elevation_quadratic_gaussian,5,allouche_2012,sensitivity,mean_elevation_quadratic,logarithmic,2,197,142.92076161057494,m,85.182909248678229,breeding-bird species richness,count,NA,640.37553825272073,657127.88856165914,FALSE,NA,NA,NA,NA
Topography_delta_mean_elevation_quadratic_gaussian,5,allouche_2012,sensitivity,mean_elevation_quadratic,logarithmic,2,198,143.64668123892253,m,85.197890426760239,breeding-bird species richness,count,NA,640.37553825272073,657127.88856165914,FALSE,NA,NA,NA,NA
Topography_delta_mean_elevation_quadratic_gaussian,5,allouche_2012,sensitivity,mean_elevation_quadratic,logarithmic,2,199,144.37260086727011,m,85.212796087832984,breeding-bird species richness,count,NA,640.37553825272073,657127.88856165914,FALSE,NA,NA,NA,NA
Topography_delta_mean_elevation_quadratic_gaussian,5,allouche_2012,sensitivity,mean_elevation_quadratic,logarithmic,2,200,145.09852049561766,m,85.227626989410723,breeding-bird species richness,count,NA,640.37553825272073,657127.88856165914,FALSE,NA,NA,NA,NA
Topography_delta_mean_elevation_quadratic_gaussian,5,allouche_2012,sensitivity,mean_elevation_quadratic,quadratic,3,1,0.64051445445055877,m,75.579098189934371,breeding-bird species richness,count,NA,640.37553825272073,657127.88856165914,FALSE,NA,NA,NA,NA
Topography_delta_mean_elevation_quadratic_gaussian,5,allouche_2012,sensitivity,mean_elevation_quadratic,quadratic,3,2,1.3664340827981323,m,75.698443760405638,breeding-bird species richness,count,NA,640.37553825272073,657127.88856165914,FALSE,NA,NA,NA,NA
Topography_delta_mean_elevation_quadratic_gaussian,5,allouche_2012,sensitivity,mean_elevation_quadratic,quadratic,3,3,2.0923537111457056,m,75.817035591874188,breeding-bird species richness,count,NA,640.37553825272073,657127.88856165914,FALSE,NA,NA,NA,NA
Topography_delta_mean_elevation_quadratic_gaussian,5,allouche_2012,sensitivity,mean_elevation_quadratic,quadratic,3,4,2.8182733394932793,m,75.934873684340033,breeding-bird species richness,count,NA,640.37553825272073,657127.88856165914,FALSE,NA,NA,NA,NA
Topography_delta_mean_elevation_quadratic_gaussian,5,allouche_2012,sensitivity,mean_elevation_quadratic,quadratic,3,5,3.5441929678408526,m,76.051958037803175,breeding-bird species richness,count,NA,640.37553825272073,657127.88856165914,FALSE,NA,NA,NA,NA
Topography_delta_mean_elevation_quadratic_gaussian,5,allouche_2012,sensitivity,mean_elevation_quadratic,quadratic,3,6,4.2701125961884259,m,76.168288652263598,breeding-bird species richness,count,NA,640.37553825272073,657127.88856165914,FALSE,NA,NA,NA,NA
Topography_delta_mean_elevation_quadratic_gaussian,5,allouche_2012,sensitivity,mean_elevation_quadratic,quadratic,3,7,4.9960322245359992,m,76.283865527721304,breeding-bird species richness,count,NA,640.37553825272073,657127.88856165914,FALSE,NA,NA,NA,NA
Topography_delta_mean_elevation_quadratic_gaussian,5,allouche_2012,sensitivity,mean_elevation_quadratic,quadratic,3,8,5.7219518528835724,m,76.398688664176319,breeding-bird species richness,count,NA,640.37553825272073,657127.88856165914,FALSE,NA,NA,NA,NA
Topography_delta_mean_elevation_quadratic_gaussian,5,allouche_2012,sensitivity,mean_elevation_quadratic,quadratic,3,9,6.4478714812311457,m,76.512758061628588,breeding-bird species richness,count,NA,640.37553825272073,657127.88856165914,FALSE,NA,NA,NA,NA
Topography_delta_mean_elevation_quadratic_gaussian,5,allouche_2012,sensitivity,mean_elevation_quadratic,quadratic,3,10,7.173791109578719,m,76.626073720078168,breeding-bird species richness,count,NA,640.37553825272073,657127.88856165914,FALSE,NA,NA,NA,NA
Topography_delta_mean_elevation_quadratic_gaussian,5,allouche_2012,sensitivity,mean_elevation_quadratic,quadratic,3,11,7.8997107379262923,m,76.738635639525043,breeding-bird species richness,count,NA,640.37553825272073,657127.88856165914,FALSE,NA,NA,NA,NA
Topography_delta_mean_elevation_quadratic_gaussian,5,allouche_2012,sensitivity,mean_elevation_quadratic,quadratic,3,12,8.6256303662738656,m,76.850443819969215,breeding-bird species richness,count,NA,640.37553825272073,657127.88856165914,FALSE,NA,NA,NA,NA
Topography_delta_mean_elevation_quadratic_gaussian,5,allouche_2012,sensitivity,mean_elevation_quadratic,quadratic,3,13,9.3515499946214398,m,76.961498261410654,breeding-bird species richness,count,NA,640.37553825272073,657127.88856165914,FALSE,NA,NA,NA,NA
Topography_delta_mean_elevation_quadratic_gaussian,5,allouche_2012,sensitivity,mean_elevation_quadratic,quadratic,3,14,10.077469622969012,m,77.071798963849403,breeding-bird species richness,count,NA,640.37553825272073,657127.88856165914,FALSE,NA,NA,NA,NA
Topography_delta_mean_elevation_quadratic_gaussian,5,allouche_2012,sensitivity,mean_elevation_quadratic,quadratic,3,15,10.803389251316586,m,77.181345927285435,breeding-bird species richness,count,NA,640.37553825272073,657127.88856165914,FALSE,NA,NA,NA,NA
Topography_delta_mean_elevation_quadratic_gaussian,5,allouche_2012,sensitivity,mean_elevation_quadratic,quadratic,3,16,11.529308879664159,m,77.290139151718748,breeding-bird species richness,count,NA,640.37553825272073,657127.88856165914,FALSE,NA,NA,NA,NA
Topography_delta_mean_elevation_quadratic_gaussian,5,allouche_2012,sensitivity,mean_elevation_quadratic,quadratic,3,17,12.255228508011733,m,77.398178637149357,breeding-bird species richness,count,NA,640.37553825272073,657127.88856165914,FALSE,NA,NA,NA,NA
Topography_delta_mean_elevation_quadratic_gaussian,5,allouche_2012,sensitivity,mean_elevation_quadratic,quadratic,3,18,12.981148136359307,m,77.505464383577248,breeding-bird species richness,count,NA,640.37553825272073,657127.88856165914,FALSE,NA,NA,NA,NA
Topography_delta_mean_elevation_quadratic_gaussian,5,allouche_2012,sensitivity,mean_elevation_quadratic,quadratic,3,19,13.707067764706879,m,77.611996391002435,breeding-bird species richness,count,NA,640.37553825272073,657127.88856165914,FALSE,NA,NA,NA,NA
Topography_delta_mean_elevation_quadratic_gaussian,5,allouche_2012,sensitivity,mean_elevation_quadratic,quadratic,3,20,14.432987393054454,m,77.717774659424904,breeding-bird species richness,count,NA,640.37553825272073,657127.88856165914,FALSE,NA,NA,NA,NA
Topography_delta_mean_elevation_quadratic_gaussian,5,allouche_2012,sensitivity,mean_elevation_quadratic,quadratic,3,21,15.158907021402026,m,77.82279918884467,breeding-bird species richness,count,NA,640.37553825272073,657127.88856165914,FALSE,NA,NA,NA,NA
Topography_delta_mean_elevation_quadratic_gaussian,5,allouche_2012,sensitivity,mean_elevation_quadratic,quadratic,3,22,15.8848266497496,m,77.927069979261731,breeding-bird species richness,count,NA,640.37553825272073,657127.88856165914,FALSE,NA,NA,NA,NA
Topography_delta_mean_elevation_quadratic_gaussian,5,allouche_2012,sensitivity,mean_elevation_quadratic,quadratic,3,23,16.610746278097174,m,78.030587030676074,breeding-bird species richness,count,NA,640.37553825272073,657127.88856165914,FALSE,NA,NA,NA,NA
Topography_delta_mean_elevation_quadratic_gaussian,5,allouche_2012,sensitivity,mean_elevation_quadratic,quadratic,3,24,17.336665906444747,m,78.133350343087713,breeding-bird species richness,count,NA,640.37553825272073,657127.88856165914,FALSE,NA,NA,NA,NA
Topography_delta_mean_elevation_quadratic_gaussian,5,allouche_2012,sensitivity,mean_elevation_quadratic,quadratic,3,25,18.062585534792323,m,78.235359916496634,breeding-bird species richness,count,NA,640.37553825272073,657127.88856165914,FALSE,NA,NA,NA,NA
Topography_delta_mean_elevation_quadratic_gaussian,5,allouche_2012,sensitivity,mean_elevation_quadratic,quadratic,3,26,18.788505163139895,m,78.336615750902837,breeding-bird species richness,count,NA,640.37553825272073,657127.88856165914,FALSE,NA,NA,NA,NA
Topography_delta_mean_elevation_quadratic_gaussian,5,allouche_2012,sensitivity,mean_elevation_quadratic,quadratic,3,27,19.514424791487468,m,78.437117846306336,breeding-bird species richness,count,NA,640.37553825272073,657127.88856165914,FALSE,NA,NA,NA,NA
Topography_delta_mean_elevation_quadratic_gaussian,5,allouche_2012,sensitivity,mean_elevation_quadratic,quadratic,3,28,20.240344419835044,m,78.536866202707131,breeding-bird species richness,count,NA,640.37553825272073,657127.88856165914,FALSE,NA,NA,NA,NA
Topography_delta_mean_elevation_quadratic_gaussian,5,allouche_2012,sensitivity,mean_elevation_quadratic,quadratic,3,29,20.966264048182616,m,78.635860820105222,breeding-bird species richness,count,NA,640.37553825272073,657127.88856165914,FALSE,NA,NA,NA,NA
Topography_delta_mean_elevation_quadratic_gaussian,5,allouche_2012,sensitivity,mean_elevation_quadratic,quadratic,3,30,21.692183676530188,m,78.734101698500595,breeding-bird species richness,count,NA,640.37553825272073,657127.88856165914,FALSE,NA,NA,NA,NA
Topography_delta_mean_elevation_quadratic_gaussian,5,allouche_2012,sensitivity,mean_elevation_quadratic,quadratic,3,31,22.418103304877761,m,78.83158883789325,breeding-bird species richness,count,NA,640.37553825272073,657127.88856165914,FALSE,NA,NA,NA,NA
Topography_delta_mean_elevation_quadratic_gaussian,5,allouche_2012,sensitivity,mean_elevation_quadratic,quadratic,3,32,23.144022933225337,m,78.928322238283201,breeding-bird species richness,count,NA,640.37553825272073,657127.88856165914,FALSE,NA,NA,NA,NA
Topography_delta_mean_elevation_quadratic_gaussian,5,allouche_2012,sensitivity,mean_elevation_quadratic,quadratic,3,33,23.869942561572909,m,79.024301899670448,breeding-bird species richness,count,NA,640.37553825272073,657127.88856165914,FALSE,NA,NA,NA,NA
Topography_delta_mean_elevation_quadratic_gaussian,5,allouche_2012,sensitivity,mean_elevation_quadratic,quadratic,3,34,24.595862189920481,m,79.119527822054977,breeding-bird species richness,count,NA,640.37553825272073,657127.88856165914,FALSE,NA,NA,NA,NA
Topography_delta_mean_elevation_quadratic_gaussian,5,allouche_2012,sensitivity,mean_elevation_quadratic,quadratic,3,35,25.321781818268057,m,79.214000005436787,breeding-bird species richness,count,NA,640.37553825272073,657127.88856165914,FALSE,NA,NA,NA,NA
Topography_delta_mean_elevation_quadratic_gaussian,5,allouche_2012,sensitivity,mean_elevation_quadratic,quadratic,3,36,26.04770144661563,m,79.307718449815894,breeding-bird species richness,count,NA,640.37553825272073,657127.88856165914,FALSE,NA,NA,NA,NA
Topography_delta_mean_elevation_quadratic_gaussian,5,allouche_2012,sensitivity,mean_elevation_quadratic,quadratic,3,37,26.773621074963202,m,79.400683155192297,breeding-bird species richness,count,NA,640.37553825272073,657127.88856165914,FALSE,NA,NA,NA,NA
Topography_delta_mean_elevation_quadratic_gaussian,5,allouche_2012,sensitivity,mean_elevation_quadratic,quadratic,3,38,27.499540703310775,m,79.492894121565982,breeding-bird species richness,count,NA,640.37553825272073,657127.88856165914,FALSE,NA,NA,NA,NA
Topography_delta_mean_elevation_quadratic_gaussian,5,allouche_2012,sensitivity,mean_elevation_quadratic,quadratic,3,39,28.225460331658351,m,79.584351348936963,breeding-bird species richness,count,NA,640.37553825272073,657127.88856165914,FALSE,NA,NA,NA,NA
Topography_delta_mean_elevation_quadratic_gaussian,5,allouche_2012,sensitivity,mean_elevation_quadratic,quadratic,3,40,28.951379960005923,m,79.675054837305225,breeding-bird species richness,count,NA,640.37553825272073,657127.88856165914,FALSE,NA,NA,NA,NA
Topography_delta_mean_elevation_quadratic_gaussian,5,allouche_2012,sensitivity,mean_elevation_quadratic,quadratic,3,41,29.677299588353495,m,79.765004586670784,breeding-bird species richness,count,NA,640.37553825272073,657127.88856165914,FALSE,NA,NA,NA,NA
Topography_delta_mean_elevation_quadratic_gaussian,5,allouche_2012,sensitivity,mean_elevation_quadratic,quadratic,3,42,30.403219216701071,m,79.854200597033625,breeding-bird species richness,count,NA,640.37553825272073,657127.88856165914,FALSE,NA,NA,NA,NA
Topography_delta_mean_elevation_quadratic_gaussian,5,allouche_2012,sensitivity,mean_elevation_quadratic,quadratic,3,43,31.129138845048644,m,79.942642868393747,breeding-bird species richness,count,NA,640.37553825272073,657127.88856165914,FALSE,NA,NA,NA,NA
Topography_delta_mean_elevation_quadratic_gaussian,5,allouche_2012,sensitivity,mean_elevation_quadratic,quadratic,3,44,31.855058473396216,m,80.03033140075118,breeding-bird species richness,count,NA,640.37553825272073,657127.88856165914,FALSE,NA,NA,NA,NA
Topography_delta_mean_elevation_quadratic_gaussian,5,allouche_2012,sensitivity,mean_elevation_quadratic,quadratic,3,45,32.580978101743788,m,80.117266194105895,breeding-bird species richness,count,NA,640.37553825272073,657127.88856165914,FALSE,NA,NA,NA,NA
Topography_delta_mean_elevation_quadratic_gaussian,5,allouche_2012,sensitivity,mean_elevation_quadratic,quadratic,3,46,33.306897730091364,m,80.203447248457906,breeding-bird species richness,count,NA,640.37553825272073,657127.88856165914,FALSE,NA,NA,NA,NA
Topography_delta_mean_elevation_quadratic_gaussian,5,allouche_2012,sensitivity,mean_elevation_quadratic,quadratic,3,47,34.032817358438933,m,80.288874563807198,breeding-bird species richness,count,NA,640.37553825272073,657127.88856165914,FALSE,NA,NA,NA,NA
Topography_delta_mean_elevation_quadratic_gaussian,5,allouche_2012,sensitivity,mean_elevation_quadratic,quadratic,3,48,34.758736986786509,m,80.373548140153773,breeding-bird species richness,count,NA,640.37553825272073,657127.88856165914,FALSE,NA,NA,NA,NA
Topography_delta_mean_elevation_quadratic_gaussian,5,allouche_2012,sensitivity,mean_elevation_quadratic,quadratic,3,49,35.484656615134085,m,80.457467977497657,breeding-bird species richness,count,NA,640.37553825272073,657127.88856165914,FALSE,NA,NA,NA,NA
Topography_delta_mean_elevation_quadratic_gaussian,5,allouche_2012,sensitivity,mean_elevation_quadratic,quadratic,3,50,36.210576243481654,m,80.54063407583881,breeding-bird species richness,count,NA,640.37553825272073,657127.88856165914,FALSE,NA,NA,NA,NA
Topography_delta_mean_elevation_quadratic_gaussian,5,allouche_2012,sensitivity,mean_elevation_quadratic,quadratic,3,51,36.93649587182923,m,80.623046435177272,breeding-bird species richness,count,NA,640.37553825272073,657127.88856165914,FALSE,NA,NA,NA,NA
Topography_delta_mean_elevation_quadratic_gaussian,5,allouche_2012,sensitivity,mean_elevation_quadratic,quadratic,3,52,37.662415500176806,m,80.704705055512989,breeding-bird species richness,count,NA,640.37553825272073,657127.88856165914,FALSE,NA,NA,NA,NA
Topography_delta_mean_elevation_quadratic_gaussian,5,allouche_2012,sensitivity,mean_elevation_quadratic,quadratic,3,53,38.388335128524375,m,80.785609936846029,breeding-bird species richness,count,NA,640.37553825272073,657127.88856165914,FALSE,NA,NA,NA,NA
Topography_delta_mean_elevation_quadratic_gaussian,5,allouche_2012,sensitivity,mean_elevation_quadratic,quadratic,3,54,39.114254756871951,m,80.865761079176352,breeding-bird species richness,count,NA,640.37553825272073,657127.88856165914,FALSE,NA,NA,NA,NA
Topography_delta_mean_elevation_quadratic_gaussian,5,allouche_2012,sensitivity,mean_elevation_quadratic,quadratic,3,55,39.840174385219527,m,80.945158482503956,breeding-bird species richness,count,NA,640.37553825272073,657127.88856165914,FALSE,NA,NA,NA,NA
Topography_delta_mean_elevation_quadratic_gaussian,5,allouche_2012,sensitivity,mean_elevation_quadratic,quadratic,3,56,40.566094013567096,m,81.023802146828857,breeding-bird species richness,count,NA,640.37553825272073,657127.88856165914,FALSE,NA,NA,NA,NA
Topography_delta_mean_elevation_quadratic_gaussian,5,allouche_2012,sensitivity,mean_elevation_quadratic,quadratic,3,57,41.292013641914671,m,81.101692072151039,breeding-bird species richness,count,NA,640.37553825272073,657127.88856165914,FALSE,NA,NA,NA,NA
Topography_delta_mean_elevation_quadratic_gaussian,5,allouche_2012,sensitivity,mean_elevation_quadratic,quadratic,3,58,42.017933270262247,m,81.178828258470517,breeding-bird species richness,count,NA,640.37553825272073,657127.88856165914,FALSE,NA,NA,NA,NA
Topography_delta_mean_elevation_quadratic_gaussian,5,allouche_2012,sensitivity,mean_elevation_quadratic,quadratic,3,59,42.743852898609816,m,81.255210705787292,breeding-bird species richness,count,NA,640.37553825272073,657127.88856165914,FALSE,NA,NA,NA,NA
Topography_delta_mean_elevation_quadratic_gaussian,5,allouche_2012,sensitivity,mean_elevation_quadratic,quadratic,3,60,43.469772526957392,m,81.330839414101348,breeding-bird species richness,count,NA,640.37553825272073,657127.88856165914,FALSE,NA,NA,NA,NA
Topography_delta_mean_elevation_quadratic_gaussian,5,allouche_2012,sensitivity,mean_elevation_quadratic,quadratic,3,61,44.195692155304961,m,81.405714383412686,breeding-bird species richness,count,NA,640.37553825272073,657127.88856165914,FALSE,NA,NA,NA,NA
Topography_delta_mean_elevation_quadratic_gaussian,5,allouche_2012,sensitivity,mean_elevation_quadratic,quadratic,3,62,44.921611783652537,m,81.47983561372132,breeding-bird species richness,count,NA,640.37553825272073,657127.88856165914,FALSE,NA,NA,NA,NA
Topography_delta_mean_elevation_quadratic_gaussian,5,allouche_2012,sensitivity,mean_elevation_quadratic,quadratic,3,63,45.647531412000113,m,81.553203105027251,breeding-bird species richness,count,NA,640.37553825272073,657127.88856165914,FALSE,NA,NA,NA,NA
Topography_delta_mean_elevation_quadratic_gaussian,5,allouche_2012,sensitivity,mean_elevation_quadratic,quadratic,3,64,46.373451040347682,m,81.625816857330463,breeding-bird species richness,count,NA,640.37553825272073,657127.88856165914,FALSE,NA,NA,NA,NA
Topography_delta_mean_elevation_quadratic_gaussian,5,allouche_2012,sensitivity,mean_elevation_quadratic,quadratic,3,65,47.099370668695258,m,81.697676870630971,breeding-bird species richness,count,NA,640.37553825272073,657127.88856165914,FALSE,NA,NA,NA,NA
Topography_delta_mean_elevation_quadratic_gaussian,5,allouche_2012,sensitivity,mean_elevation_quadratic,quadratic,3,66,47.825290297042834,m,81.768783144928761,breeding-bird species richness,count,NA,640.37553825272073,657127.88856165914,FALSE,NA,NA,NA,NA
Topography_delta_mean_elevation_quadratic_gaussian,5,allouche_2012,sensitivity,mean_elevation_quadratic,quadratic,3,67,48.551209925390403,m,81.839135680223848,breeding-bird species richness,count,NA,640.37553825272073,657127.88856165914,FALSE,NA,NA,NA,NA
Topography_delta_mean_elevation_quadratic_gaussian,5,allouche_2012,sensitivity,mean_elevation_quadratic,quadratic,3,68,49.277129553737979,m,81.908734476516216,breeding-bird species richness,count,NA,640.37553825272073,657127.88856165914,FALSE,NA,NA,NA,NA
Topography_delta_mean_elevation_quadratic_gaussian,5,allouche_2012,sensitivity,mean_elevation_quadratic,quadratic,3,69,50.003049182085554,m,81.977579533805866,breeding-bird species richness,count,NA,640.37553825272073,657127.88856165914,FALSE,NA,NA,NA,NA
Topography_delta_mean_elevation_quadratic_gaussian,5,allouche_2012,sensitivity,mean_elevation_quadratic,quadratic,3,70,50.728968810433123,m,82.045670852092826,breeding-bird species richness,count,NA,640.37553825272073,657127.88856165914,FALSE,NA,NA,NA,NA
Topography_delta_mean_elevation_quadratic_gaussian,5,allouche_2012,sensitivity,mean_elevation_quadratic,quadratic,3,71,51.454888438780699,m,82.113008431377068,breeding-bird species richness,count,NA,640.37553825272073,657127.88856165914,FALSE,NA,NA,NA,NA
Topography_delta_mean_elevation_quadratic_gaussian,5,allouche_2012,sensitivity,mean_elevation_quadratic,quadratic,3,72,52.180808067128268,m,82.179592271658606,breeding-bird species richness,count,NA,640.37553825272073,657127.88856165914,FALSE,NA,NA,NA,NA
Topography_delta_mean_elevation_quadratic_gaussian,5,allouche_2012,sensitivity,mean_elevation_quadratic,quadratic,3,73,52.906727695475844,m,82.245422372937426,breeding-bird species richness,count,NA,640.37553825272073,657127.88856165914,FALSE,NA,NA,NA,NA
Topography_delta_mean_elevation_quadratic_gaussian,5,allouche_2012,sensitivity,mean_elevation_quadratic,quadratic,3,74,53.63264732382342,m,82.310498735213528,breeding-bird species richness,count,NA,640.37553825272073,657127.88856165914,FALSE,NA,NA,NA,NA
Topography_delta_mean_elevation_quadratic_gaussian,5,allouche_2012,sensitivity,mean_elevation_quadratic,quadratic,3,75,54.358566952170989,m,82.374821358486926,breeding-bird species richness,count,NA,640.37553825272073,657127.88856165914,FALSE,NA,NA,NA,NA
Topography_delta_mean_elevation_quadratic_gaussian,5,allouche_2012,sensitivity,mean_elevation_quadratic,quadratic,3,76,55.084486580518565,m,82.43839024275762,breeding-bird species richness,count,NA,640.37553825272073,657127.88856165914,FALSE,NA,NA,NA,NA
Topography_delta_mean_elevation_quadratic_gaussian,5,allouche_2012,sensitivity,mean_elevation_quadratic,quadratic,3,77,55.810406208866141,m,82.501205388025596,breeding-bird species richness,count,NA,640.37553825272073,657127.88856165914,FALSE,NA,NA,NA,NA
Topography_delta_mean_elevation_quadratic_gaussian,5,allouche_2012,sensitivity,mean_elevation_quadratic,quadratic,3,78,56.53632583721371,m,82.563266794290854,breeding-bird species richness,count,NA,640.37553825272073,657127.88856165914,FALSE,NA,NA,NA,NA
Topography_delta_mean_elevation_quadratic_gaussian,5,allouche_2012,sensitivity,mean_elevation_quadratic,quadratic,3,79,57.262245465561286,m,82.624574461553422,breeding-bird species richness,count,NA,640.37553825272073,657127.88856165914,FALSE,NA,NA,NA,NA
Topography_delta_mean_elevation_quadratic_gaussian,5,allouche_2012,sensitivity,mean_elevation_quadratic,quadratic,3,80,57.988165093908862,m,82.685128389813258,breeding-bird species richness,count,NA,640.37553825272073,657127.88856165914,FALSE,NA,NA,NA,NA
Topography_delta_mean_elevation_quadratic_gaussian,5,allouche_2012,sensitivity,mean_elevation_quadratic,quadratic,3,81,58.71408472225643,m,82.744928579070404,breeding-bird species richness,count,NA,640.37553825272073,657127.88856165914,FALSE,NA,NA,NA,NA
Topography_delta_mean_elevation_quadratic_gaussian,5,allouche_2012,sensitivity,mean_elevation_quadratic,quadratic,3,82,59.440004350604006,m,82.803975029324832,breeding-bird species richness,count,NA,640.37553825272073,657127.88856165914,FALSE,NA,NA,NA,NA
Topography_delta_mean_elevation_quadratic_gaussian,5,allouche_2012,sensitivity,mean_elevation_quadratic,quadratic,3,83,60.165923978951582,m,82.862267740576542,breeding-bird species richness,count,NA,640.37553825272073,657127.88856165914,FALSE,NA,NA,NA,NA
Topography_delta_mean_elevation_quadratic_gaussian,5,allouche_2012,sensitivity,mean_elevation_quadratic,quadratic,3,84,60.891843607299151,m,82.919806712825547,breeding-bird species richness,count,NA,640.37553825272073,657127.88856165914,FALSE,NA,NA,NA,NA
Topography_delta_mean_elevation_quadratic_gaussian,5,allouche_2012,sensitivity,mean_elevation_quadratic,quadratic,3,85,61.617763235646727,m,82.976591946071849,breeding-bird species richness,count,NA,640.37553825272073,657127.88856165914,FALSE,NA,NA,NA,NA
Topography_delta_mean_elevation_quadratic_gaussian,5,allouche_2012,sensitivity,mean_elevation_quadratic,quadratic,3,86,62.343682863994296,m,83.032623440315419,breeding-bird species richness,count,NA,640.37553825272073,657127.88856165914,FALSE,NA,NA,NA,NA
Topography_delta_mean_elevation_quadratic_gaussian,5,allouche_2012,sensitivity,mean_elevation_quadratic,quadratic,3,87,63.069602492341872,m,83.087901195556299,breeding-bird species richness,count,NA,640.37553825272073,657127.88856165914,FALSE,NA,NA,NA,NA
Topography_delta_mean_elevation_quadratic_gaussian,5,allouche_2012,sensitivity,mean_elevation_quadratic,quadratic,3,88,63.795522120689448,m,83.14242521179446,breeding-bird species richness,count,NA,640.37553825272073,657127.88856165914,FALSE,NA,NA,NA,NA
Topography_delta_mean_elevation_quadratic_gaussian,5,allouche_2012,sensitivity,mean_elevation_quadratic,quadratic,3,89,64.52144174903701,m,83.196195489029918,breeding-bird species richness,count,NA,640.37553825272073,657127.88856165914,FALSE,NA,NA,NA,NA
Topography_delta_mean_elevation_quadratic_gaussian,5,allouche_2012,sensitivity,mean_elevation_quadratic,quadratic,3,90,65.247361377384593,m,83.249212027262658,breeding-bird species richness,count,NA,640.37553825272073,657127.88856165914,FALSE,NA,NA,NA,NA
Topography_delta_mean_elevation_quadratic_gaussian,5,allouche_2012,sensitivity,mean_elevation_quadratic,quadratic,3,91,65.973281005732161,m,83.301474826492694,breeding-bird species richness,count,NA,640.37553825272073,657127.88856165914,FALSE,NA,NA,NA,NA
Topography_delta_mean_elevation_quadratic_gaussian,5,allouche_2012,sensitivity,mean_elevation_quadratic,quadratic,3,92,66.69920063407973,m,83.352983886720011,breeding-bird species richness,count,NA,640.37553825272073,657127.88856165914,FALSE,NA,NA,NA,NA
Topography_delta_mean_elevation_quadratic_gaussian,5,allouche_2012,sensitivity,mean_elevation_quadratic,quadratic,3,93,67.425120262427299,m,83.403739207944611,breeding-bird species richness,count,NA,640.37553825272073,657127.88856165914,FALSE,NA,NA,NA,NA
Topography_delta_mean_elevation_quadratic_gaussian,5,allouche_2012,sensitivity,mean_elevation_quadratic,quadratic,3,94,68.151039890774882,m,83.453740790166506,breeding-bird species richness,count,NA,640.37553825272073,657127.88856165914,FALSE,NA,NA,NA,NA
Topography_delta_mean_elevation_quadratic_gaussian,5,allouche_2012,sensitivity,mean_elevation_quadratic,quadratic,3,95,68.876959519122451,m,83.502988633385698,breeding-bird species richness,count,NA,640.37553825272073,657127.88856165914,FALSE,NA,NA,NA,NA
Topography_delta_mean_elevation_quadratic_gaussian,5,allouche_2012,sensitivity,mean_elevation_quadratic,quadratic,3,96,69.60287914747002,m,83.551482737602186,breeding-bird species richness,count,NA,640.37553825272073,657127.88856165914,FALSE,NA,NA,NA,NA
Topography_delta_mean_elevation_quadratic_gaussian,5,allouche_2012,sensitivity,mean_elevation_quadratic,quadratic,3,97,70.328798775817603,m,83.599223102815955,breeding-bird species richness,count,NA,640.37553825272073,657127.88856165914,FALSE,NA,NA,NA,NA
Topography_delta_mean_elevation_quadratic_gaussian,5,allouche_2012,sensitivity,mean_elevation_quadratic,quadratic,3,98,71.054718404165172,m,83.646209729027007,breeding-bird species richness,count,NA,640.37553825272073,657127.88856165914,FALSE,NA,NA,NA,NA
Topography_delta_mean_elevation_quadratic_gaussian,5,allouche_2012,sensitivity,mean_elevation_quadratic,quadratic,3,99,71.780638032512741,m,83.692442616235354,breeding-bird species richness,count,NA,640.37553825272073,657127.88856165914,FALSE,NA,NA,NA,NA
Topography_delta_mean_elevation_quadratic_gaussian,5,allouche_2012,sensitivity,mean_elevation_quadratic,quadratic,3,100,72.506557660860324,m,83.737921764440998,breeding-bird species richness,count,NA,640.37553825272073,657127.88856165914,FALSE,NA,NA,NA,NA
Topography_delta_mean_elevation_quadratic_gaussian,5,allouche_2012,sensitivity,mean_elevation_quadratic,quadratic,3,101,73.232477289207893,m,83.782647173643923,breeding-bird species richness,count,NA,640.37553825272073,657127.88856165914,FALSE,NA,NA,NA,NA
Topography_delta_mean_elevation_quadratic_gaussian,5,allouche_2012,sensitivity,mean_elevation_quadratic,quadratic,3,102,73.958396917555461,m,83.82661884384413,breeding-bird species richness,count,NA,640.37553825272073,657127.88856165914,FALSE,NA,NA,NA,NA
Topography_delta_mean_elevation_quadratic_gaussian,5,allouche_2012,sensitivity,mean_elevation_quadratic,quadratic,3,103,74.684316545903044,m,83.869836775041634,breeding-bird species richness,count,NA,640.37553825272073,657127.88856165914,FALSE,NA,NA,NA,NA
Topography_delta_mean_elevation_quadratic_gaussian,5,allouche_2012,sensitivity,mean_elevation_quadratic,quadratic,3,104,75.410236174250613,m,83.912300967236433,breeding-bird species richness,count,NA,640.37553825272073,657127.88856165914,FALSE,NA,NA,NA,NA
Topography_delta_mean_elevation_quadratic_gaussian,5,allouche_2012,sensitivity,mean_elevation_quadratic,quadratic,3,105,76.136155802598182,m,83.954011420428515,breeding-bird species richness,count,NA,640.37553825272073,657127.88856165914,FALSE,NA,NA,NA,NA
Topography_delta_mean_elevation_quadratic_gaussian,5,allouche_2012,sensitivity,mean_elevation_quadratic,quadratic,3,106,76.862075430945765,m,83.994968134617892,breeding-bird species richness,count,NA,640.37553825272073,657127.88856165914,FALSE,NA,NA,NA,NA
Topography_delta_mean_elevation_quadratic_gaussian,5,allouche_2012,sensitivity,mean_elevation_quadratic,quadratic,3,107,77.587995059293334,m,84.035171109804551,breeding-bird species richness,count,NA,640.37553825272073,657127.88856165914,FALSE,NA,NA,NA,NA
Topography_delta_mean_elevation_quadratic_gaussian,5,allouche_2012,sensitivity,mean_elevation_quadratic,quadratic,3,108,78.313914687640903,m,84.074620345988507,breeding-bird species richness,count,NA,640.37553825272073,657127.88856165914,FALSE,NA,NA,NA,NA
Topography_delta_mean_elevation_quadratic_gaussian,5,allouche_2012,sensitivity,mean_elevation_quadratic,quadratic,3,109,79.039834315988486,m,84.113315843169758,breeding-bird species richness,count,NA,640.37553825272073,657127.88856165914,FALSE,NA,NA,NA,NA
Topography_delta_mean_elevation_quadratic_gaussian,5,allouche_2012,sensitivity,mean_elevation_quadratic,quadratic,3,110,79.765753944336055,m,84.151257601348291,breeding-bird species richness,count,NA,640.37553825272073,657127.88856165914,FALSE,NA,NA,NA,NA
Topography_delta_mean_elevation_quadratic_gaussian,5,allouche_2012,sensitivity,mean_elevation_quadratic,quadratic,3,111,80.491673572683624,m,84.188445620524092,breeding-bird species richness,count,NA,640.37553825272073,657127.88856165914,FALSE,NA,NA,NA,NA
Topography_delta_mean_elevation_quadratic_gaussian,5,allouche_2012,sensitivity,mean_elevation_quadratic,quadratic,3,112,81.217593201031207,m,84.224879900697204,breeding-bird species richness,count,NA,640.37553825272073,657127.88856165914,FALSE,NA,NA,NA,NA
Topography_delta_mean_elevation_quadratic_gaussian,5,allouche_2012,sensitivity,mean_elevation_quadratic,quadratic,3,113,81.943512829378776,m,84.260560441867611,breeding-bird species richness,count,NA,640.37553825272073,657127.88856165914,FALSE,NA,NA,NA,NA
Topography_delta_mean_elevation_quadratic_gaussian,5,allouche_2012,sensitivity,mean_elevation_quadratic,quadratic,3,114,82.669432457726344,m,84.2954872440353,breeding-bird species richness,count,NA,640.37553825272073,657127.88856165914,FALSE,NA,NA,NA,NA
Topography_delta_mean_elevation_quadratic_gaussian,5,allouche_2012,sensitivity,mean_elevation_quadratic,quadratic,3,115,83.395352086073927,m,84.329660307200285,breeding-bird species richness,count,NA,640.37553825272073,657127.88856165914,FALSE,NA,NA,NA,NA
Topography_delta_mean_elevation_quadratic_gaussian,5,allouche_2012,sensitivity,mean_elevation_quadratic,quadratic,3,116,84.121271714421496,m,84.363079631362552,breeding-bird species richness,count,NA,640.37553825272073,657127.88856165914,FALSE,NA,NA,NA,NA
Topography_delta_mean_elevation_quadratic_gaussian,5,allouche_2012,sensitivity,mean_elevation_quadratic,quadratic,3,117,84.847191342769065,m,84.395745216522116,breeding-bird species richness,count,NA,640.37553825272073,657127.88856165914,FALSE,NA,NA,NA,NA
Topography_delta_mean_elevation_quadratic_gaussian,5,allouche_2012,sensitivity,mean_elevation_quadratic,quadratic,3,118,85.573110971116634,m,84.427657062678961,breeding-bird species richness,count,NA,640.37553825272073,657127.88856165914,FALSE,NA,NA,NA,NA
Topography_delta_mean_elevation_quadratic_gaussian,5,allouche_2012,sensitivity,mean_elevation_quadratic,quadratic,3,119,86.299030599464217,m,84.458815169833102,breeding-bird species richness,count,NA,640.37553825272073,657127.88856165914,FALSE,NA,NA,NA,NA
Topography_delta_mean_elevation_quadratic_gaussian,5,allouche_2012,sensitivity,mean_elevation_quadratic,quadratic,3,120,87.024950227811786,m,84.489219537984525,breeding-bird species richness,count,NA,640.37553825272073,657127.88856165914,FALSE,NA,NA,NA,NA
Topography_delta_mean_elevation_quadratic_gaussian,5,allouche_2012,sensitivity,mean_elevation_quadratic,quadratic,3,121,87.750869856159355,m,84.518870167133244,breeding-bird species richness,count,NA,640.37553825272073,657127.88856165914,FALSE,NA,NA,NA,NA
Topography_delta_mean_elevation_quadratic_gaussian,5,allouche_2012,sensitivity,mean_elevation_quadratic,quadratic,3,122,88.476789484506938,m,84.547767057279245,breeding-bird species richness,count,NA,640.37553825272073,657127.88856165914,FALSE,NA,NA,NA,NA
Topography_delta_mean_elevation_quadratic_gaussian,5,allouche_2012,sensitivity,mean_elevation_quadratic,quadratic,3,123,89.202709112854507,m,84.575910208422542,breeding-bird species richness,count,NA,640.37553825272073,657127.88856165914,FALSE,NA,NA,NA,NA
Topography_delta_mean_elevation_quadratic_gaussian,5,allouche_2012,sensitivity,mean_elevation_quadratic,quadratic,3,124,89.928628741202076,m,84.603299620563135,breeding-bird species richness,count,NA,640.37553825272073,657127.88856165914,FALSE,NA,NA,NA,NA
Topography_delta_mean_elevation_quadratic_gaussian,5,allouche_2012,sensitivity,mean_elevation_quadratic,quadratic,3,125,90.654548369549659,m,84.62993529370101,breeding-bird species richness,count,NA,640.37553825272073,657127.88856165914,FALSE,NA,NA,NA,NA
Topography_delta_mean_elevation_quadratic_gaussian,5,allouche_2012,sensitivity,mean_elevation_quadratic,quadratic,3,126,91.380467997897227,m,84.655817227836167,breeding-bird species richness,count,NA,640.37553825272073,657127.88856165914,FALSE,NA,NA,NA,NA
Topography_delta_mean_elevation_quadratic_gaussian,5,allouche_2012,sensitivity,mean_elevation_quadratic,quadratic,3,127,92.106387626244796,m,84.68094542296862,breeding-bird species richness,count,NA,640.37553825272073,657127.88856165914,FALSE,NA,NA,NA,NA
Topography_delta_mean_elevation_quadratic_gaussian,5,allouche_2012,sensitivity,mean_elevation_quadratic,quadratic,3,128,92.832307254592379,m,84.705319879098369,breeding-bird species richness,count,NA,640.37553825272073,657127.88856165914,FALSE,NA,NA,NA,NA
Topography_delta_mean_elevation_quadratic_gaussian,5,allouche_2012,sensitivity,mean_elevation_quadratic,quadratic,3,129,93.558226882939948,m,84.728940596225385,breeding-bird species richness,count,NA,640.37553825272073,657127.88856165914,FALSE,NA,NA,NA,NA
Topography_delta_mean_elevation_quadratic_gaussian,5,allouche_2012,sensitivity,mean_elevation_quadratic,quadratic,3,130,94.284146511287517,m,84.751807574349712,breeding-bird species richness,count,NA,640.37553825272073,657127.88856165914,FALSE,NA,NA,NA,NA
Topography_delta_mean_elevation_quadratic_gaussian,5,allouche_2012,sensitivity,mean_elevation_quadratic,quadratic,3,131,95.0100661396351,m,84.773920813471321,breeding-bird species richness,count,NA,640.37553825272073,657127.88856165914,FALSE,NA,NA,NA,NA
Topography_delta_mean_elevation_quadratic_gaussian,5,allouche_2012,sensitivity,mean_elevation_quadratic,quadratic,3,132,95.735985767982669,m,84.795280313590226,breeding-bird species richness,count,NA,640.37553825272073,657127.88856165914,FALSE,NA,NA,NA,NA
Topography_delta_mean_elevation_quadratic_gaussian,5,allouche_2012,sensitivity,mean_elevation_quadratic,quadratic,3,133,96.461905396330238,m,84.815886074706427,breeding-bird species richness,count,NA,640.37553825272073,657127.88856165914,FALSE,NA,NA,NA,NA
Topography_delta_mean_elevation_quadratic_gaussian,5,allouche_2012,sensitivity,mean_elevation_quadratic,quadratic,3,134,97.187825024677821,m,84.83573809681991,breeding-bird species richness,count,NA,640.37553825272073,657127.88856165914,FALSE,NA,NA,NA,NA
Topography_delta_mean_elevation_quadratic_gaussian,5,allouche_2012,sensitivity,mean_elevation_quadratic,quadratic,3,135,97.91374465302539,m,84.854836379930674,breeding-bird species richness,count,NA,640.37553825272073,657127.88856165914,FALSE,NA,NA,NA,NA
Topography_delta_mean_elevation_quadratic_gaussian,5,allouche_2012,sensitivity,mean_elevation_quadratic,quadratic,3,136,98.639664281372958,m,84.873180924038721,breeding-bird species richness,count,NA,640.37553825272073,657127.88856165914,FALSE,NA,NA,NA,NA
Topography_delta_mean_elevation_quadratic_gaussian,5,allouche_2012,sensitivity,mean_elevation_quadratic,quadratic,3,137,99.365583909720542,m,84.890771729144078,breeding-bird species richness,count,NA,640.37553825272073,657127.88856165914,FALSE,NA,NA,NA,NA
Topography_delta_mean_elevation_quadratic_gaussian,5,allouche_2012,sensitivity,mean_elevation_quadratic,quadratic,3,138,100.09150353806811,m,84.907608795246716,breeding-bird species richness,count,NA,640.37553825272073,657127.88856165914,FALSE,NA,NA,NA,NA
Topography_delta_mean_elevation_quadratic_gaussian,5,allouche_2012,sensitivity,mean_elevation_quadratic,quadratic,3,139,100.81742316641568,m,84.923692122346637,breeding-bird species richness,count,NA,640.37553825272073,657127.88856165914,FALSE,NA,NA,NA,NA
Topography_delta_mean_elevation_quadratic_gaussian,5,allouche_2012,sensitivity,mean_elevation_quadratic,quadratic,3,140,101.54334279476326,m,84.939021710443853,breeding-bird species richness,count,NA,640.37553825272073,657127.88856165914,FALSE,NA,NA,NA,NA
Topography_delta_mean_elevation_quadratic_gaussian,5,allouche_2012,sensitivity,mean_elevation_quadratic,quadratic,3,141,102.26926242311083,m,84.953597559538366,breeding-bird species richness,count,NA,640.37553825272073,657127.88856165914,FALSE,NA,NA,NA,NA
Topography_delta_mean_elevation_quadratic_gaussian,5,allouche_2012,sensitivity,mean_elevation_quadratic,quadratic,3,142,102.9951820514584,m,84.967419669630161,breeding-bird species richness,count,NA,640.37553825272073,657127.88856165914,FALSE,NA,NA,NA,NA
Topography_delta_mean_elevation_quadratic_gaussian,5,allouche_2012,sensitivity,mean_elevation_quadratic,quadratic,3,143,103.72110167980597,m,84.980488040719251,breeding-bird species richness,count,NA,640.37553825272073,657127.88856165914,FALSE,NA,NA,NA,NA
Topography_delta_mean_elevation_quadratic_gaussian,5,allouche_2012,sensitivity,mean_elevation_quadratic,quadratic,3,144,104.44702130815355,m,84.992802672805624,breeding-bird species richness,count,NA,640.37553825272073,657127.88856165914,FALSE,NA,NA,NA,NA
Topography_delta_mean_elevation_quadratic_gaussian,5,allouche_2012,sensitivity,mean_elevation_quadratic,quadratic,3,145,105.17294093650112,m,85.004363565889278,breeding-bird species richness,count,NA,640.37553825272073,657127.88856165914,FALSE,NA,NA,NA,NA
Topography_delta_mean_elevation_quadratic_gaussian,5,allouche_2012,sensitivity,mean_elevation_quadratic,quadratic,3,146,105.89886056484869,m,85.015170719970243,breeding-bird species richness,count,NA,640.37553825272073,657127.88856165914,FALSE,NA,NA,NA,NA
Topography_delta_mean_elevation_quadratic_gaussian,5,allouche_2012,sensitivity,mean_elevation_quadratic,quadratic,3,147,106.62478019319627,m,85.025224135048489,breeding-bird species richness,count,NA,640.37553825272073,657127.88856165914,FALSE,NA,NA,NA,NA
Topography_delta_mean_elevation_quadratic_gaussian,5,allouche_2012,sensitivity,mean_elevation_quadratic,quadratic,3,148,107.35069982154384,m,85.034523811124018,breeding-bird species richness,count,NA,640.37553825272073,657127.88856165914,FALSE,NA,NA,NA,NA
Topography_delta_mean_elevation_quadratic_gaussian,5,allouche_2012,sensitivity,mean_elevation_quadratic,quadratic,3,149,108.07661944989141,m,85.043069748196842,breeding-bird species richness,count,NA,640.37553825272073,657127.88856165914,FALSE,NA,NA,NA,NA
Topography_delta_mean_elevation_quadratic_gaussian,5,allouche_2012,sensitivity,mean_elevation_quadratic,quadratic,3,150,108.80253907823899,m,85.050861946266949,breeding-bird species richness,count,NA,640.37553825272073,657127.88856165914,FALSE,NA,NA,NA,NA
Topography_delta_mean_elevation_quadratic_gaussian,5,allouche_2012,sensitivity,mean_elevation_quadratic,quadratic,3,151,109.52845870658656,m,85.057900405334365,breeding-bird species richness,count,NA,640.37553825272073,657127.88856165914,FALSE,NA,NA,NA,NA
Topography_delta_mean_elevation_quadratic_gaussian,5,allouche_2012,sensitivity,mean_elevation_quadratic,quadratic,3,152,110.25437833493413,m,85.06418512539905,breeding-bird species richness,count,NA,640.37553825272073,657127.88856165914,FALSE,NA,NA,NA,NA
Topography_delta_mean_elevation_quadratic_gaussian,5,allouche_2012,sensitivity,mean_elevation_quadratic,quadratic,3,153,110.98029796328171,m,85.06971610646103,breeding-bird species richness,count,NA,640.37553825272073,657127.88856165914,FALSE,NA,NA,NA,NA
Topography_delta_mean_elevation_quadratic_gaussian,5,allouche_2012,sensitivity,mean_elevation_quadratic,quadratic,3,154,111.70621759162928,m,85.074493348520292,breeding-bird species richness,count,NA,640.37553825272073,657127.88856165914,FALSE,NA,NA,NA,NA
Topography_delta_mean_elevation_quadratic_gaussian,5,allouche_2012,sensitivity,mean_elevation_quadratic,quadratic,3,155,112.43213721997685,m,85.07851685157685,breeding-bird species richness,count,NA,640.37553825272073,657127.88856165914,FALSE,NA,NA,NA,NA
Topography_delta_mean_elevation_quadratic_gaussian,5,allouche_2012,sensitivity,mean_elevation_quadratic,quadratic,3,156,113.15805684832443,m,85.081786615630705,breeding-bird species richness,count,NA,640.37553825272073,657127.88856165914,FALSE,NA,NA,NA,NA
Topography_delta_mean_elevation_quadratic_gaussian,5,allouche_2012,sensitivity,mean_elevation_quadratic,quadratic,3,157,113.883976476672,m,85.084302640681841,breeding-bird species richness,count,NA,640.37553825272073,657127.88856165914,FALSE,NA,NA,NA,NA
Topography_delta_mean_elevation_quadratic_gaussian,5,allouche_2012,sensitivity,mean_elevation_quadratic,quadratic,3,158,114.60989610501957,m,85.086064926730273,breeding-bird species richness,count,NA,640.37553825272073,657127.88856165914,FALSE,NA,NA,NA,NA
Topography_delta_mean_elevation_quadratic_gaussian,5,allouche_2012,sensitivity,mean_elevation_quadratic,quadratic,3,159,115.33581573336716,m,85.087073473775988,breeding-bird species richness,count,NA,640.37553825272073,657127.88856165914,FALSE,NA,NA,NA,NA
Topography_delta_mean_elevation_quadratic_gaussian,5,allouche_2012,sensitivity,mean_elevation_quadratic,quadratic,3,160,116.06173536171472,m,85.087328281818998,breeding-bird species richness,count,NA,640.37553825272073,657127.88856165914,FALSE,NA,NA,NA,NA
Topography_delta_mean_elevation_quadratic_gaussian,5,allouche_2012,sensitivity,mean_elevation_quadratic,quadratic,3,161,116.78765499006229,m,85.086829350859304,breeding-bird species richness,count,NA,640.37553825272073,657127.88856165914,FALSE,NA,NA,NA,NA
Topography_delta_mean_elevation_quadratic_gaussian,5,allouche_2012,sensitivity,mean_elevation_quadratic,quadratic,3,162,117.51357461840988,m,85.085576680896892,breeding-bird species richness,count,NA,640.37553825272073,657127.88856165914,FALSE,NA,NA,NA,NA
Topography_delta_mean_elevation_quadratic_gaussian,5,allouche_2012,sensitivity,mean_elevation_quadratic,quadratic,3,163,118.23949424675745,m,85.083570271931748,breeding-bird species richness,count,NA,640.37553825272073,657127.88856165914,FALSE,NA,NA,NA,NA
Topography_delta_mean_elevation_quadratic_gaussian,5,allouche_2012,sensitivity,mean_elevation_quadratic,quadratic,3,164,118.96541387510501,m,85.080810123963914,breeding-bird species richness,count,NA,640.37553825272073,657127.88856165914,FALSE,NA,NA,NA,NA
Topography_delta_mean_elevation_quadratic_gaussian,5,allouche_2012,sensitivity,mean_elevation_quadratic,quadratic,3,165,119.6913335034526,m,85.077296236993377,breeding-bird species richness,count,NA,640.37553825272073,657127.88856165914,FALSE,NA,NA,NA,NA
Topography_delta_mean_elevation_quadratic_gaussian,5,allouche_2012,sensitivity,mean_elevation_quadratic,quadratic,3,166,120.41725313180017,m,85.073028611020121,breeding-bird species richness,count,NA,640.37553825272073,657127.88856165914,FALSE,NA,NA,NA,NA
Topography_delta_mean_elevation_quadratic_gaussian,5,allouche_2012,sensitivity,mean_elevation_quadratic,quadratic,3,167,121.14317276014773,m,85.068007246044161,breeding-bird species richness,count,NA,640.37553825272073,657127.88856165914,FALSE,NA,NA,NA,NA
Topography_delta_mean_elevation_quadratic_gaussian,5,allouche_2012,sensitivity,mean_elevation_quadratic,quadratic,3,168,121.8690923884953,m,85.062232142065483,breeding-bird species richness,count,NA,640.37553825272073,657127.88856165914,FALSE,NA,NA,NA,NA
Topography_delta_mean_elevation_quadratic_gaussian,5,allouche_2012,sensitivity,mean_elevation_quadratic,quadratic,3,169,122.59501201684289,m,85.055703299084101,breeding-bird species richness,count,NA,640.37553825272073,657127.88856165914,FALSE,NA,NA,NA,NA
Topography_delta_mean_elevation_quadratic_gaussian,5,allouche_2012,sensitivity,mean_elevation_quadratic,quadratic,3,170,123.32093164519046,m,85.048420717100001,breeding-bird species richness,count,NA,640.37553825272073,657127.88856165914,FALSE,NA,NA,NA,NA
Topography_delta_mean_elevation_quadratic_gaussian,5,allouche_2012,sensitivity,mean_elevation_quadratic,quadratic,3,171,124.04685127353802,m,85.040384396113183,breeding-bird species richness,count,NA,640.37553825272073,657127.88856165914,FALSE,NA,NA,NA,NA
Topography_delta_mean_elevation_quadratic_gaussian,5,allouche_2012,sensitivity,mean_elevation_quadratic,quadratic,3,172,124.77277090188561,m,85.031594336123661,breeding-bird species richness,count,NA,640.37553825272073,657127.88856165914,FALSE,NA,NA,NA,NA
Topography_delta_mean_elevation_quadratic_gaussian,5,allouche_2012,sensitivity,mean_elevation_quadratic,quadratic,3,173,125.49869053023318,m,85.022050537131435,breeding-bird species richness,count,NA,640.37553825272073,657127.88856165914,FALSE,NA,NA,NA,NA
Topography_delta_mean_elevation_quadratic_gaussian,5,allouche_2012,sensitivity,mean_elevation_quadratic,quadratic,3,174,126.22461015858075,m,85.011752999136505,breeding-bird species richness,count,NA,640.37553825272073,657127.88856165914,FALSE,NA,NA,NA,NA
Topography_delta_mean_elevation_quadratic_gaussian,5,allouche_2012,sensitivity,mean_elevation_quadratic,quadratic,3,175,126.95052978692833,m,85.000701722138857,breeding-bird species richness,count,NA,640.37553825272073,657127.88856165914,FALSE,NA,NA,NA,NA
Topography_delta_mean_elevation_quadratic_gaussian,5,allouche_2012,sensitivity,mean_elevation_quadratic,quadratic,3,176,127.6764494152759,m,84.98889670613849,breeding-bird species richness,count,NA,640.37553825272073,657127.88856165914,FALSE,NA,NA,NA,NA
Topography_delta_mean_elevation_quadratic_gaussian,5,allouche_2012,sensitivity,mean_elevation_quadratic,quadratic,3,177,128.40236904362348,m,84.97633795113542,breeding-bird species richness,count,NA,640.37553825272073,657127.88856165914,FALSE,NA,NA,NA,NA
Topography_delta_mean_elevation_quadratic_gaussian,5,allouche_2012,sensitivity,mean_elevation_quadratic,quadratic,3,178,129.12828867197106,m,84.963025457129632,breeding-bird species richness,count,NA,640.37553825272073,657127.88856165914,FALSE,NA,NA,NA,NA
Topography_delta_mean_elevation_quadratic_gaussian,5,allouche_2012,sensitivity,mean_elevation_quadratic,quadratic,3,179,129.85420830031865,m,84.948959224121154,breeding-bird species richness,count,NA,640.37553825272073,657127.88856165914,FALSE,NA,NA,NA,NA
Topography_delta_mean_elevation_quadratic_gaussian,5,allouche_2012,sensitivity,mean_elevation_quadratic,quadratic,3,180,130.5801279286662,m,84.934139252109944,breeding-bird species richness,count,NA,640.37553825272073,657127.88856165914,FALSE,NA,NA,NA,NA
Topography_delta_mean_elevation_quadratic_gaussian,5,allouche_2012,sensitivity,mean_elevation_quadratic,quadratic,3,181,131.30604755701378,m,84.918565541096029,breeding-bird species richness,count,NA,640.37553825272073,657127.88856165914,FALSE,NA,NA,NA,NA
Topography_delta_mean_elevation_quadratic_gaussian,5,allouche_2012,sensitivity,mean_elevation_quadratic,quadratic,3,182,132.03196718536134,m,84.902238091079397,breeding-bird species richness,count,NA,640.37553825272073,657127.88856165914,FALSE,NA,NA,NA,NA
Topography_delta_mean_elevation_quadratic_gaussian,5,allouche_2012,sensitivity,mean_elevation_quadratic,quadratic,3,183,132.75788681370892,m,84.885156902060075,breeding-bird species richness,count,NA,640.37553825272073,657127.88856165914,FALSE,NA,NA,NA,NA
Topography_delta_mean_elevation_quadratic_gaussian,5,allouche_2012,sensitivity,mean_elevation_quadratic,quadratic,3,184,133.4838064420565,m,84.86732197403802,breeding-bird species richness,count,NA,640.37553825272073,657127.88856165914,FALSE,NA,NA,NA,NA
Topography_delta_mean_elevation_quadratic_gaussian,5,allouche_2012,sensitivity,mean_elevation_quadratic,quadratic,3,185,134.20972607040406,m,84.848733307013276,breeding-bird species richness,count,NA,640.37553825272073,657127.88856165914,FALSE,NA,NA,NA,NA
Topography_delta_mean_elevation_quadratic_gaussian,5,allouche_2012,sensitivity,mean_elevation_quadratic,quadratic,3,186,134.93564569875164,m,84.829390900985814,breeding-bird species richness,count,NA,640.37553825272073,657127.88856165914,FALSE,NA,NA,NA,NA
Topography_delta_mean_elevation_quadratic_gaussian,5,allouche_2012,sensitivity,mean_elevation_quadratic,quadratic,3,187,135.66156532709923,m,84.809294755955634,breeding-bird species richness,count,NA,640.37553825272073,657127.88856165914,FALSE,NA,NA,NA,NA
Topography_delta_mean_elevation_quadratic_gaussian,5,allouche_2012,sensitivity,mean_elevation_quadratic,quadratic,3,188,136.38748495544678,m,84.788444871922735,breeding-bird species richness,count,NA,640.37553825272073,657127.88856165914,FALSE,NA,NA,NA,NA
Topography_delta_mean_elevation_quadratic_gaussian,5,allouche_2012,sensitivity,mean_elevation_quadratic,quadratic,3,189,137.11340458379436,m,84.766841248887147,breeding-bird species richness,count,NA,640.37553825272073,657127.88856165914,FALSE,NA,NA,NA,NA
Topography_delta_mean_elevation_quadratic_gaussian,5,allouche_2012,sensitivity,mean_elevation_quadratic,quadratic,3,190,137.83932421214195,m,84.74448388684884,breeding-bird species richness,count,NA,640.37553825272073,657127.88856165914,FALSE,NA,NA,NA,NA
Topography_delta_mean_elevation_quadratic_gaussian,5,allouche_2012,sensitivity,mean_elevation_quadratic,quadratic,3,191,138.5652438404895,m,84.72137278580783,breeding-bird species richness,count,NA,640.37553825272073,657127.88856165914,FALSE,NA,NA,NA,NA
Topography_delta_mean_elevation_quadratic_gaussian,5,allouche_2012,sensitivity,mean_elevation_quadratic,quadratic,3,192,139.29116346883708,m,84.697507945764087,breeding-bird species richness,count,NA,640.37553825272073,657127.88856165914,FALSE,NA,NA,NA,NA
Topography_delta_mean_elevation_quadratic_gaussian,5,allouche_2012,sensitivity,mean_elevation_quadratic,quadratic,3,193,140.01708309718467,m,84.672889366717655,breeding-bird species richness,count,NA,640.37553825272073,657127.88856165914,FALSE,NA,NA,NA,NA
Topography_delta_mean_elevation_quadratic_gaussian,5,allouche_2012,sensitivity,mean_elevation_quadratic,quadratic,3,194,140.74300272553222,m,84.647517048668519,breeding-bird species richness,count,NA,640.37553825272073,657127.88856165914,FALSE,NA,NA,NA,NA
Topography_delta_mean_elevation_quadratic_gaussian,5,allouche_2012,sensitivity,mean_elevation_quadratic,quadratic,3,195,141.4689223538798,m,84.62139099161665,breeding-bird species richness,count,NA,640.37553825272073,657127.88856165914,FALSE,NA,NA,NA,NA
Topography_delta_mean_elevation_quadratic_gaussian,5,allouche_2012,sensitivity,mean_elevation_quadratic,quadratic,3,196,142.19484198222739,m,84.594511195562077,breeding-bird species richness,count,NA,640.37553825272073,657127.88856165914,FALSE,NA,NA,NA,NA
Topography_delta_mean_elevation_quadratic_gaussian,5,allouche_2012,sensitivity,mean_elevation_quadratic,quadratic,3,197,142.92076161057494,m,84.566877660504787,breeding-bird species richness,count,NA,640.37553825272073,657127.88856165914,FALSE,NA,NA,NA,NA
Topography_delta_mean_elevation_quadratic_gaussian,5,allouche_2012,sensitivity,mean_elevation_quadratic,quadratic,3,198,143.64668123892253,m,84.538490386444806,breeding-bird species richness,count,NA,640.37553825272073,657127.88856165914,FALSE,NA,NA,NA,NA
Topography_delta_mean_elevation_quadratic_gaussian,5,allouche_2012,sensitivity,mean_elevation_quadratic,quadratic,3,199,144.37260086727011,m,84.509349373382094,breeding-bird species richness,count,NA,640.37553825272073,657127.88856165914,FALSE,NA,NA,NA,NA
Topography_delta_mean_elevation_quadratic_gaussian,5,allouche_2012,sensitivity,mean_elevation_quadratic,quadratic,3,200,145.09852049561766,m,84.479454621316691,breeding-bird species richness,count,NA,640.37553825272073,657127.88856165914,FALSE,NA,NA,NA,NA
