path,deposit_member_path,workflow_scope,attribution_key,file_type,size_bytes,sha256,zenodo_v5_doi,zenodo_v6_doi,deposit_record_declared_license,redistribution_status
data/external/pellett_valbuena_2025/03_corrected_HDR/empirical/01_carnicer/data/bird/birds.csv,MI-HDR_NatComm/03_corrected_HDR/empirical/01_carnicer/data/bird/birds.csv,canonical_and_optional,catalonia_bird_atlas,CSV,301992,4378008716a1c5ef4acd91e11810f748063d7b393ff50058744296d34f60f886,10.5281/zenodo.15438378,10.5281/zenodo.17207705,CC-BY-4.0,unchanged
data/external/pellett_valbuena_2025/03_corrected_HDR/empirical/01_carnicer/data/bird/coordinates.csv,MI-HDR_NatComm/03_corrected_HDR/empirical/01_carnicer/data/bird/coordinates.csv,canonical_and_optional,catalonia_bird_atlas,CSV,8129,537d96ebee3473b27cd423840a6d94c7c9e75532e680e483073c4ee7864215be,10.5281/zenodo.15438378,10.5281/zenodo.17207705,CC-BY-4.0,unchanged
data/external/pellett_valbuena_2025/03_corrected_HDR/empirical/01_carnicer/data/elevation/elevgrid/0.tif,MI-HDR_NatComm/03_corrected_HDR/empirical/01_carnicer/data/elevation/elevgrid/0.tif,canonical_and_optional,srtm_elevation,TIFF,31653,73983b3d4656659031dba5aa31be6423d76bc681108ac0639ddeb052affb1af6,10.5281/zenodo.15438378,10.5281/zenodo.17207705,CC-BY-4.0,unchanged
data/external/pellett_valbuena_2025/03_corrected_HDR/empirical/01_carnicer/data/elevation/elevgrid/1.tif,MI-HDR_NatComm/03_corrected_HDR/empirical/01_carnicer/data/elevation/elevgrid/1.tif,canonical_and_optional,srtm_elevation,TIFF,31653,2aa34904bc64d0342e74cf5a1051f0da061ca7b712ed4fb53471a7146a2f0414,10.5281/zenodo.15438378,10.5281/zenodo.17207705,CC-BY-4.0,unchanged
data/external/pellett_valbuena_2025/03_corrected_HDR/empirical/01_carnicer/data/elevation/elevgrid/10.tif,MI-HDR_NatComm/03_corrected_HDR/empirical/01_carnicer/data/elevation/elevgrid/10.tif,canonical_and_optional,srtm_elevation,TIFF,31903,723561b16c24cad65d7afa21d109970f3a466aacde91d8b4be88fad0038ebc75,10.5281/zenodo.15438378,10.5281/zenodo.17207705,CC-BY-4.0,unchanged
data/external/pellett_valbuena_2025/03_corrected_HDR/empirical/01_carnicer/data/elevation/elevgrid/100.tif,MI-HDR_NatComm/03_corrected_HDR/empirical/01_carnicer/data/elevation/elevgrid/100.tif,canonical_and_optional,srtm_elevation,TIFF,31653,d40b1436b6b12fe2afd4726bc10507e11919b3f6d0353ec544789027b304f4eb,10.5281/zenodo.15438378,10.5281/zenodo.17207705,CC-BY-4.0,unchanged
data/external/pellett_valbuena_2025/03_corrected_HDR/empirical/01_carnicer/data/elevation/elevgrid/101.tif,MI-HDR_NatComm/03_corrected_HDR/empirical/01_carnicer/data/elevation/elevgrid/101.tif,canonical_and_optional,srtm_elevation,TIFF,31903,49b274db82807fd6772903528d90e2afdbd706c6b1ac862223d59adcaf4b7b6e,10.5281/zenodo.15438378,10.5281/zenodo.17207705,CC-BY-4.0,unchanged
data/external/pellett_valbuena_2025/03_corrected_HDR/empirical/01_carnicer/data/elevation/elevgrid/102.tif,MI-HDR_NatComm/03_corrected_HDR/empirical/01_carnicer/data/elevation/elevgrid/102.tif,canonical_and_optional,srtm_elevation,TIFF,31653,1c9aa4a9fa0c5e36900af2cf95c2f7961faa60482c714baabf6249d5b522322f,10.5281/zenodo.15438378,10.5281/zenodo.17207705,CC-BY-4.0,unchanged
data/external/pellett_valbuena_2025/03_corrected_HDR/empirical/01_carnicer/data/elevation/elevgrid/103.tif,MI-HDR_NatComm/03_corrected_HDR/empirical/01_carnicer/data/elevation/elevgrid/103.tif,canonical_and_optional,srtm_elevation,TIFF,31653,4d377b13146e60bf6d0565b6ad4acf3dfbc01dedd90e90615c6553fa672bfb8f,10.5281/zenodo.15438378,10.5281/zenodo.17207705,CC-BY-4.0,unchanged
data/external/pellett_valbuena_2025/03_corrected_HDR/empirical/01_carnicer/data/elevation/elevgrid/104.tif,MI-HDR_NatComm/03_corrected_HDR/empirical/01_carnicer/data/elevation/elevgrid/104.tif,canonical_and_optional,srtm_elevation,TIFF,31653,4b83796c9a43c0463bdc9473134ca838304baa9400707d031729687601db9285,10.5281/zenodo.15438378,10.5281/zenodo.17207705,CC-BY-4.0,unchanged
data/external/pellett_valbuena_2025/03_corrected_HDR/empirical/01_carnicer/data/elevation/elevgrid/105.tif,MI-HDR_NatComm/03_corrected_HDR/empirical/01_carnicer/data/elevation/elevgrid/105.tif,canonical_and_optional,srtm_elevation,TIFF,31653,0f682ba3ce087b8ac4dec20ad74e108e7fc3f5e99e0144b0f81eb492433661a7,10.5281/zenodo.15438378,10.5281/zenodo.17207705,CC-BY-4.0,unchanged
data/external/pellett_valbuena_2025/03_corrected_HDR/empirical/01_carnicer/data/elevation/elevgrid/106.tif,MI-HDR_NatComm/03_corrected_HDR/empirical/01_carnicer/data/elevation/elevgrid/106.tif,canonical_and_optional,srtm_elevation,TIFF,31653,89752e36e8d819b67892897df23a9f018f61c0fc0647eba1156e7c5a69653b20,10.5281/zenodo.15438378,10.5281/zenodo.17207705,CC-BY-4.0,unchanged
data/external/pellett_valbuena_2025/03_corrected_HDR/empirical/01_carnicer/data/elevation/elevgrid/107.tif,MI-HDR_NatComm/03_corrected_HDR/empirical/01_carnicer/data/elevation/elevgrid/107.tif,canonical_and_optional,srtm_elevation,TIFF,31653,1317f7c3af8d39d5d09df68aac886f1fa0b467d871267cc440cdd41735884f69,10.5281/zenodo.15438378,10.5281/zenodo.17207705,CC-BY-4.0,unchanged
data/external/pellett_valbuena_2025/03_corrected_HDR/empirical/01_carnicer/data/elevation/elevgrid/108.tif,MI-HDR_NatComm/03_corrected_HDR/empirical/01_carnicer/data/elevation/elevgrid/108.tif,canonical_and_optional,srtm_elevation,TIFF,31903,dde0574406f9042f3d94d421061dc783c0741a021efbf46848d0a01ed99ab9e2,10.5281/zenodo.15438378,10.5281/zenodo.17207705,CC-BY-4.0,unchanged
data/external/pellett_valbuena_2025/03_corrected_HDR/empirical/01_carnicer/data/elevation/elevgrid/109.tif,MI-HDR_NatComm/03_corrected_HDR/empirical/01_carnicer/data/elevation/elevgrid/109.tif,canonical_and_optional,srtm_elevation,TIFF,31653,c62f904b6be079579d3b88c32ef3be515061f2c2b3e838c88f5efa257c231376,10.5281/zenodo.15438378,10.5281/zenodo.17207705,CC-BY-4.0,unchanged
data/external/pellett_valbuena_2025/03_corrected_HDR/empirical/01_carnicer/data/elevation/elevgrid/11.tif,MI-HDR_NatComm/03_corrected_HDR/empirical/01_carnicer/data/elevation/elevgrid/11.tif,canonical_and_optional,srtm_elevation,TIFF,31653,fb5ca10e656cb4c2063949a69b156d1ca41bf82ace4ba95b1b4bbbedc834f43f,10.5281/zenodo.15438378,10.5281/zenodo.17207705,CC-BY-4.0,unchanged
data/external/pellett_valbuena_2025/03_corrected_HDR/empirical/01_carnicer/data/elevation/elevgrid/110.tif,MI-HDR_NatComm/03_corrected_HDR/empirical/01_carnicer/data/elevation/elevgrid/110.tif,canonical_and_optional,srtm_elevation,TIFF,31653,996b20378dbe8e2875767cbfdce58447d5b60c2a607e078cd5a0658e8eab92fc,10.5281/zenodo.15438378,10.5281/zenodo.17207705,CC-BY-4.0,unchanged
data/external/pellett_valbuena_2025/03_corrected_HDR/empirical/01_carnicer/data/elevation/elevgrid/111.tif,MI-HDR_NatComm/03_corrected_HDR/empirical/01_carnicer/data/elevation/elevgrid/111.tif,canonical_and_optional,srtm_elevation,TIFF,31653,dbb77baaf669af4151eb3cf8a2f32aa8183292bb0fb084aa618220a42f23d959,10.5281/zenodo.15438378,10.5281/zenodo.17207705,CC-BY-4.0,unchanged
data/external/pellett_valbuena_2025/03_corrected_HDR/empirical/01_carnicer/data/elevation/elevgrid/112.tif,MI-HDR_NatComm/03_corrected_HDR/empirical/01_carnicer/data/elevation/elevgrid/112.tif,canonical_and_optional,srtm_elevation,TIFF,31903,578a82e607c44e267bb8d37d62a7542b865cba9e4c7a69a2f6e87c91602b79d7,10.5281/zenodo.15438378,10.5281/zenodo.17207705,CC-BY-4.0,unchanged
data/external/pellett_valbuena_2025/03_corrected_HDR/empirical/01_carnicer/data/elevation/elevgrid/113.tif,MI-HDR_NatComm/03_corrected_HDR/empirical/01_carnicer/data/elevation/elevgrid/113.tif,canonical_and_optional,srtm_elevation,TIFF,31653,846bbf4f2ef75624eb14d2a9341adeafd2f7bc4b3566a4f8cf47c3a72946a8c5,10.5281/zenodo.15438378,10.5281/zenodo.17207705,CC-BY-4.0,unchanged
data/external/pellett_valbuena_2025/03_corrected_HDR/empirical/01_carnicer/data/elevation/elevgrid/114.tif,MI-HDR_NatComm/03_corrected_HDR/empirical/01_carnicer/data/elevation/elevgrid/114.tif,canonical_and_optional,srtm_elevation,TIFF,31653,4f0535d4888cdc4eea5de7194419d2522287d2261b0b6951dfca442e7496ee60,10.5281/zenodo.15438378,10.5281/zenodo.17207705,CC-BY-4.0,unchanged
data/external/pellett_valbuena_2025/03_corrected_HDR/empirical/01_carnicer/data/elevation/elevgrid/115.tif,MI-HDR_NatComm/03_corrected_HDR/empirical/01_carnicer/data/elevation/elevgrid/115.tif,canonical_and_optional,srtm_elevation,TIFF,31653,4c77c9382d5de2894e1879c177a4849704637e00cd5b779392663567a3e02b93,10.5281/zenodo.15438378,10.5281/zenodo.17207705,CC-BY-4.0,unchanged
data/external/pellett_valbuena_2025/03_corrected_HDR/empirical/01_carnicer/data/elevation/elevgrid/116.tif,MI-HDR_NatComm/03_corrected_HDR/empirical/01_carnicer/data/elevation/elevgrid/116.tif,canonical_and_optional,srtm_elevation,TIFF,31903,bedeeadf836fcfe0fcc50571087cfa607bec633c583755c2e6d8f322b1b8ba78,10.5281/zenodo.15438378,10.5281/zenodo.17207705,CC-BY-4.0,unchanged
data/external/pellett_valbuena_2025/03_corrected_HDR/empirical/01_carnicer/data/elevation/elevgrid/117.tif,MI-HDR_NatComm/03_corrected_HDR/empirical/01_carnicer/data/elevation/elevgrid/117.tif,canonical_and_optional,srtm_elevation,TIFF,31653,8cffb22e4d6e7fe21839918626f54af2832023d6c5bb73bf16abd0f7fe1921eb,10.5281/zenodo.15438378,10.5281/zenodo.17207705,CC-BY-4.0,unchanged
data/external/pellett_valbuena_2025/03_corrected_HDR/empirical/01_carnicer/data/elevation/elevgrid/118.tif,MI-HDR_NatComm/03_corrected_HDR/empirical/01_carnicer/data/elevation/elevgrid/118.tif,canonical_and_optional,srtm_elevation,TIFF,31653,351fcba0a6a586b35a7c107bdc6535b2ffc871f2855bd4769c763f85fd690705,10.5281/zenodo.15438378,10.5281/zenodo.17207705,CC-BY-4.0,unchanged
data/external/pellett_valbuena_2025/03_corrected_HDR/empirical/01_carnicer/data/elevation/elevgrid/119.tif,MI-HDR_NatComm/03_corrected_HDR/empirical/01_carnicer/data/elevation/elevgrid/119.tif,canonical_and_optional,srtm_elevation,TIFF,31653,4c27295bd21a344f0831abcc498c52a29ab4f0b39171cda7428c60ec38be0ab1,10.5281/zenodo.15438378,10.5281/zenodo.17207705,CC-BY-4.0,unchanged
data/external/pellett_valbuena_2025/03_corrected_HDR/empirical/01_carnicer/data/elevation/elevgrid/12.tif,MI-HDR_NatComm/03_corrected_HDR/empirical/01_carnicer/data/elevation/elevgrid/12.tif,canonical_and_optional,srtm_elevation,TIFF,31653,7f9106ddbd36b0b09316a644b7222b90c9104ebd9b4bc896d420bdd3737ab991,10.5281/zenodo.15438378,10.5281/zenodo.17207705,CC-BY-4.0,unchanged
data/external/pellett_valbuena_2025/03_corrected_HDR/empirical/01_carnicer/data/elevation/elevgrid/120.tif,MI-HDR_NatComm/03_corrected_HDR/empirical/01_carnicer/data/elevation/elevgrid/120.tif,canonical_and_optional,srtm_elevation,TIFF,31903,a1810ba19997cb96cd1ef90eab470f91b07e4212f34c963af0da5f97c39f117e,10.5281/zenodo.15438378,10.5281/zenodo.17207705,CC-BY-4.0,unchanged
data/external/pellett_valbuena_2025/03_corrected_HDR/empirical/01_carnicer/data/elevation/elevgrid/121.tif,MI-HDR_NatComm/03_corrected_HDR/empirical/01_carnicer/data/elevation/elevgrid/121.tif,canonical_and_optional,srtm_elevation,TIFF,31653,282980e7a494af6caa6ce1a481421319dcb815e2b2fe2b8ee51a0ed82179576e,10.5281/zenodo.15438378,10.5281/zenodo.17207705,CC-BY-4.0,unchanged
data/external/pellett_valbuena_2025/03_corrected_HDR/empirical/01_carnicer/data/elevation/elevgrid/122.tif,MI-HDR_NatComm/03_corrected_HDR/empirical/01_carnicer/data/elevation/elevgrid/122.tif,canonical_and_optional,srtm_elevation,TIFF,31653,fdb97ad0924c5656e655d64581a80b11df05713c3c6d5d8fd8a23e6d9ae1cf3c,10.5281/zenodo.15438378,10.5281/zenodo.17207705,CC-BY-4.0,unchanged
data/external/pellett_valbuena_2025/03_corrected_HDR/empirical/01_carnicer/data/elevation/elevgrid/123.tif,MI-HDR_NatComm/03_corrected_HDR/empirical/01_carnicer/data/elevation/elevgrid/123.tif,canonical_and_optional,srtm_elevation,TIFF,31653,6cc00d9d7e33ec8eebc7fc4fd2e98347d2e93b08b987b18b631e8c6f9280b06b,10.5281/zenodo.15438378,10.5281/zenodo.17207705,CC-BY-4.0,unchanged
data/external/pellett_valbuena_2025/03_corrected_HDR/empirical/01_carnicer/data/elevation/elevgrid/124.tif,MI-HDR_NatComm/03_corrected_HDR/empirical/01_carnicer/data/elevation/elevgrid/124.tif,canonical_and_optional,srtm_elevation,TIFF,31903,d800527d8fdc0b72c58de42c197979d3cacf7e887d8502f736b722d57cfc0982,10.5281/zenodo.15438378,10.5281/zenodo.17207705,CC-BY-4.0,unchanged
data/external/pellett_valbuena_2025/03_corrected_HDR/empirical/01_carnicer/data/elevation/elevgrid/125.tif,MI-HDR_NatComm/03_corrected_HDR/empirical/01_carnicer/data/elevation/elevgrid/125.tif,canonical_and_optional,srtm_elevation,TIFF,31653,e9d83e1fef6f6f776e7de98fd75a056a0e2fe9d4bda83064d514e4b1912ef099,10.5281/zenodo.15438378,10.5281/zenodo.17207705,CC-BY-4.0,unchanged
data/external/pellett_valbuena_2025/03_corrected_HDR/empirical/01_carnicer/data/elevation/elevgrid/126.tif,MI-HDR_NatComm/03_corrected_HDR/empirical/01_carnicer/data/elevation/elevgrid/126.tif,canonical_and_optional,srtm_elevation,TIFF,31653,ecde845b18b87deedd5f7ba683f83d203731afc17ee867787014b8f38137dd01,10.5281/zenodo.15438378,10.5281/zenodo.17207705,CC-BY-4.0,unchanged
data/external/pellett_valbuena_2025/03_corrected_HDR/empirical/01_carnicer/data/elevation/elevgrid/127.tif,MI-HDR_NatComm/03_corrected_HDR/empirical/01_carnicer/data/elevation/elevgrid/127.tif,canonical_and_optional,srtm_elevation,TIFF,31903,f17bcd395ee6d9f34be40d42b9c4a5c64cb0d07ffdf1d9b31c03bd2a61726d1b,10.5281/zenodo.15438378,10.5281/zenodo.17207705,CC-BY-4.0,unchanged
data/external/pellett_valbuena_2025/03_corrected_HDR/empirical/01_carnicer/data/elevation/elevgrid/128.tif,MI-HDR_NatComm/03_corrected_HDR/empirical/01_carnicer/data/elevation/elevgrid/128.tif,canonical_and_optional,srtm_elevation,TIFF,31903,d5f1a993fe4acad6266926ca75955a2a25ad55bb12c3f027581c2a779f809c6a,10.5281/zenodo.15438378,10.5281/zenodo.17207705,CC-BY-4.0,unchanged
data/external/pellett_valbuena_2025/03_corrected_HDR/empirical/01_carnicer/data/elevation/elevgrid/129.tif,MI-HDR_NatComm/03_corrected_HDR/empirical/01_carnicer/data/elevation/elevgrid/129.tif,canonical_and_optional,srtm_elevation,TIFF,31903,0ac52ba4a96ffca3a0a3e10af1d97997a054bc22d3b07c54163940a775088fc2,10.5281/zenodo.15438378,10.5281/zenodo.17207705,CC-BY-4.0,unchanged
data/external/pellett_valbuena_2025/03_corrected_HDR/empirical/01_carnicer/data/elevation/elevgrid/13.tif,MI-HDR_NatComm/03_corrected_HDR/empirical/01_carnicer/data/elevation/elevgrid/13.tif,canonical_and_optional,srtm_elevation,TIFF,31653,433a352b90be30a812cb3745ac462be962197081c243ab13012f96db0994c58f,10.5281/zenodo.15438378,10.5281/zenodo.17207705,CC-BY-4.0,unchanged
data/external/pellett_valbuena_2025/03_corrected_HDR/empirical/01_carnicer/data/elevation/elevgrid/130.tif,MI-HDR_NatComm/03_corrected_HDR/empirical/01_carnicer/data/elevation/elevgrid/130.tif,canonical_and_optional,srtm_elevation,TIFF,32155,0d63766ac8eeac7c282b47900c7e6852bae46e675249b41d38d416bfa88c8f7d,10.5281/zenodo.15438378,10.5281/zenodo.17207705,CC-BY-4.0,unchanged
data/external/pellett_valbuena_2025/03_corrected_HDR/empirical/01_carnicer/data/elevation/elevgrid/131.tif,MI-HDR_NatComm/03_corrected_HDR/empirical/01_carnicer/data/elevation/elevgrid/131.tif,canonical_and_optional,srtm_elevation,TIFF,31903,8de678e801792b0dbc344429b09c2a0f5bdf05e5f25f025d217936271c05a513,10.5281/zenodo.15438378,10.5281/zenodo.17207705,CC-BY-4.0,unchanged
data/external/pellett_valbuena_2025/03_corrected_HDR/empirical/01_carnicer/data/elevation/elevgrid/132.tif,MI-HDR_NatComm/03_corrected_HDR/empirical/01_carnicer/data/elevation/elevgrid/132.tif,canonical_and_optional,srtm_elevation,TIFF,31903,26420379550be7ce8569ddc43ababcf453ffe00e22802b39f0c40cb0a4646a57,10.5281/zenodo.15438378,10.5281/zenodo.17207705,CC-BY-4.0,unchanged
data/external/pellett_valbuena_2025/03_corrected_HDR/empirical/01_carnicer/data/elevation/elevgrid/133.tif,MI-HDR_NatComm/03_corrected_HDR/empirical/01_carnicer/data/elevation/elevgrid/133.tif,canonical_and_optional,srtm_elevation,TIFF,31903,ba287492ce46a902fcbda51e2291ccf3e274456d8fc79094fc63211a48890274,10.5281/zenodo.15438378,10.5281/zenodo.17207705,CC-BY-4.0,unchanged
data/external/pellett_valbuena_2025/03_corrected_HDR/empirical/01_carnicer/data/elevation/elevgrid/134.tif,MI-HDR_NatComm/03_corrected_HDR/empirical/01_carnicer/data/elevation/elevgrid/134.tif,canonical_and_optional,srtm_elevation,TIFF,32155,d5331f237de56ade14743d0e2d0d173e207524f6aec42ce2f9d463bbfbcc4f7c,10.5281/zenodo.15438378,10.5281/zenodo.17207705,CC-BY-4.0,unchanged
data/external/pellett_valbuena_2025/03_corrected_HDR/empirical/01_carnicer/data/elevation/elevgrid/135.tif,MI-HDR_NatComm/03_corrected_HDR/empirical/01_carnicer/data/elevation/elevgrid/135.tif,canonical_and_optional,srtm_elevation,TIFF,31903,e238a6f9257b481fb82f195e2a5e842830c4b564b7de98758de26b066228937e,10.5281/zenodo.15438378,10.5281/zenodo.17207705,CC-BY-4.0,unchanged
data/external/pellett_valbuena_2025/03_corrected_HDR/empirical/01_carnicer/data/elevation/elevgrid/136.tif,MI-HDR_NatComm/03_corrected_HDR/empirical/01_carnicer/data/elevation/elevgrid/136.tif,canonical_and_optional,srtm_elevation,TIFF,31903,2619f677961a5240934c58cc97224f4a30269b5dbf2481f392517ea9fa88ebae,10.5281/zenodo.15438378,10.5281/zenodo.17207705,CC-BY-4.0,unchanged
data/external/pellett_valbuena_2025/03_corrected_HDR/empirical/01_carnicer/data/elevation/elevgrid/137.tif,MI-HDR_NatComm/03_corrected_HDR/empirical/01_carnicer/data/elevation/elevgrid/137.tif,canonical_and_optional,srtm_elevation,TIFF,31903,65f9e7b8deec5f4bc06dbb2c1036e729a69f1febbbb86958a693f8a62c6bb619,10.5281/zenodo.15438378,10.5281/zenodo.17207705,CC-BY-4.0,unchanged
data/external/pellett_valbuena_2025/03_corrected_HDR/empirical/01_carnicer/data/elevation/elevgrid/138.tif,MI-HDR_NatComm/03_corrected_HDR/empirical/01_carnicer/data/elevation/elevgrid/138.tif,canonical_and_optional,srtm_elevation,TIFF,32155,f417146d0074f26c0fd8f2a517481c650bc73b10cd4d85bb66adc22bec957728,10.5281/zenodo.15438378,10.5281/zenodo.17207705,CC-BY-4.0,unchanged
data/external/pellett_valbuena_2025/03_corrected_HDR/empirical/01_carnicer/data/elevation/elevgrid/139.tif,MI-HDR_NatComm/03_corrected_HDR/empirical/01_carnicer/data/elevation/elevgrid/139.tif,canonical_and_optional,srtm_elevation,TIFF,31903,187a47608b0135054c93ecacc3a8048087cf3956ac0478f440513ec8574c99c8,10.5281/zenodo.15438378,10.5281/zenodo.17207705,CC-BY-4.0,unchanged
data/external/pellett_valbuena_2025/03_corrected_HDR/empirical/01_carnicer/data/elevation/elevgrid/14.tif,MI-HDR_NatComm/03_corrected_HDR/empirical/01_carnicer/data/elevation/elevgrid/14.tif,canonical_and_optional,srtm_elevation,TIFF,31903,a5ee6758a3852fe06378ac450f1961be6683ff1417d358e337b845094b11f17c,10.5281/zenodo.15438378,10.5281/zenodo.17207705,CC-BY-4.0,unchanged
data/external/pellett_valbuena_2025/03_corrected_HDR/empirical/01_carnicer/data/elevation/elevgrid/140.tif,MI-HDR_NatComm/03_corrected_HDR/empirical/01_carnicer/data/elevation/elevgrid/140.tif,canonical_and_optional,srtm_elevation,TIFF,31903,bd26c447370d8b54f7ac6b64ac0727ab50c75ec3c6e14aca1e475b824bb1c384,10.5281/zenodo.15438378,10.5281/zenodo.17207705,CC-BY-4.0,unchanged
data/external/pellett_valbuena_2025/03_corrected_HDR/empirical/01_carnicer/data/elevation/elevgrid/141.tif,MI-HDR_NatComm/03_corrected_HDR/empirical/01_carnicer/data/elevation/elevgrid/141.tif,canonical_and_optional,srtm_elevation,TIFF,31903,d23ed51701bae64eb821be64a756321ba53be85f411bd025625c0bc2ab15d5f3,10.5281/zenodo.15438378,10.5281/zenodo.17207705,CC-BY-4.0,unchanged
data/external/pellett_valbuena_2025/03_corrected_HDR/empirical/01_carnicer/data/elevation/elevgrid/142.tif,MI-HDR_NatComm/03_corrected_HDR/empirical/01_carnicer/data/elevation/elevgrid/142.tif,canonical_and_optional,srtm_elevation,TIFF,32155,78c72ce996758d3319de71467058232e6249188ec6e6dd7be863de3b28192cfc,10.5281/zenodo.15438378,10.5281/zenodo.17207705,CC-BY-4.0,unchanged
data/external/pellett_valbuena_2025/03_corrected_HDR/empirical/01_carnicer/data/elevation/elevgrid/143.tif,MI-HDR_NatComm/03_corrected_HDR/empirical/01_carnicer/data/elevation/elevgrid/143.tif,canonical_and_optional,srtm_elevation,TIFF,31903,7bcb888a8837a92891d483fa632b5bb54a7763ac7e23bfb543976809b7917200,10.5281/zenodo.15438378,10.5281/zenodo.17207705,CC-BY-4.0,unchanged
data/external/pellett_valbuena_2025/03_corrected_HDR/empirical/01_carnicer/data/elevation/elevgrid/144.tif,MI-HDR_NatComm/03_corrected_HDR/empirical/01_carnicer/data/elevation/elevgrid/144.tif,canonical_and_optional,srtm_elevation,TIFF,31903,91c885829990a2c2c7001a39d08a34cec1edf9b1ff742cd1cdf0f96e186518e1,10.5281/zenodo.15438378,10.5281/zenodo.17207705,CC-BY-4.0,unchanged
data/external/pellett_valbuena_2025/03_corrected_HDR/empirical/01_carnicer/data/elevation/elevgrid/145.tif,MI-HDR_NatComm/03_corrected_HDR/empirical/01_carnicer/data/elevation/elevgrid/145.tif,canonical_and_optional,srtm_elevation,TIFF,31903,ae823cf94a8186e9745f18af47861b75c3e0399b680376629e9d9af0a33498d3,10.5281/zenodo.15438378,10.5281/zenodo.17207705,CC-BY-4.0,unchanged
data/external/pellett_valbuena_2025/03_corrected_HDR/empirical/01_carnicer/data/elevation/elevgrid/146.tif,MI-HDR_NatComm/03_corrected_HDR/empirical/01_carnicer/data/elevation/elevgrid/146.tif,canonical_and_optional,srtm_elevation,TIFF,32155,6de0d621d55ff98bc7b1a6fc38f54da469f982d64e7ae6de8eecb87427153ffc,10.5281/zenodo.15438378,10.5281/zenodo.17207705,CC-BY-4.0,unchanged
data/external/pellett_valbuena_2025/03_corrected_HDR/empirical/01_carnicer/data/elevation/elevgrid/147.tif,MI-HDR_NatComm/03_corrected_HDR/empirical/01_carnicer/data/elevation/elevgrid/147.tif,canonical_and_optional,srtm_elevation,TIFF,31903,d3765dce2ed5279da734fa0e85f218288481cbc75e7aaf81e9b4044c31d76449,10.5281/zenodo.15438378,10.5281/zenodo.17207705,CC-BY-4.0,unchanged
data/external/pellett_valbuena_2025/03_corrected_HDR/empirical/01_carnicer/data/elevation/elevgrid/148.tif,MI-HDR_NatComm/03_corrected_HDR/empirical/01_carnicer/data/elevation/elevgrid/148.tif,canonical_and_optional,srtm_elevation,TIFF,31903,9c4f5d2446e174383549aa6649c291110ec74a3489982aa011d6158518d0ae5e,10.5281/zenodo.15438378,10.5281/zenodo.17207705,CC-BY-4.0,unchanged
data/external/pellett_valbuena_2025/03_corrected_HDR/empirical/01_carnicer/data/elevation/elevgrid/149.tif,MI-HDR_NatComm/03_corrected_HDR/empirical/01_carnicer/data/elevation/elevgrid/149.tif,canonical_and_optional,srtm_elevation,TIFF,31903,d9caab828932e4632a1e46b9d7d2d61d10dbe2720817b35ab97a2ff31c2ef609,10.5281/zenodo.15438378,10.5281/zenodo.17207705,CC-BY-4.0,unchanged
data/external/pellett_valbuena_2025/03_corrected_HDR/empirical/01_carnicer/data/elevation/elevgrid/15.tif,MI-HDR_NatComm/03_corrected_HDR/empirical/01_carnicer/data/elevation/elevgrid/15.tif,canonical_and_optional,srtm_elevation,TIFF,31653,94c69bd3d62649a84433b6a67f2067f89e305d6b288c4a4f629f3c52ab39887c,10.5281/zenodo.15438378,10.5281/zenodo.17207705,CC-BY-4.0,unchanged
data/external/pellett_valbuena_2025/03_corrected_HDR/empirical/01_carnicer/data/elevation/elevgrid/150.tif,MI-HDR_NatComm/03_corrected_HDR/empirical/01_carnicer/data/elevation/elevgrid/150.tif,canonical_and_optional,srtm_elevation,TIFF,31653,c9927b01db301997b4810241d83fa0f1e48900c33d3410258c2495dda3e50447,10.5281/zenodo.15438378,10.5281/zenodo.17207705,CC-BY-4.0,unchanged
data/external/pellett_valbuena_2025/03_corrected_HDR/empirical/01_carnicer/data/elevation/elevgrid/151.tif,MI-HDR_NatComm/03_corrected_HDR/empirical/01_carnicer/data/elevation/elevgrid/151.tif,canonical_and_optional,srtm_elevation,TIFF,31653,3a84a2222b41845939833492ca7472737d848b5b7483d1cb4b263dbf8a28bbf3,10.5281/zenodo.15438378,10.5281/zenodo.17207705,CC-BY-4.0,unchanged
data/external/pellett_valbuena_2025/03_corrected_HDR/empirical/01_carnicer/data/elevation/elevgrid/152.tif,MI-HDR_NatComm/03_corrected_HDR/empirical/01_carnicer/data/elevation/elevgrid/152.tif,canonical_and_optional,srtm_elevation,TIFF,31653,6cf07db599cea8fb46d12419ef0e83b42bef9d92a9d172af5dedb762b6ba6071,10.5281/zenodo.15438378,10.5281/zenodo.17207705,CC-BY-4.0,unchanged
data/external/pellett_valbuena_2025/03_corrected_HDR/empirical/01_carnicer/data/elevation/elevgrid/153.tif,MI-HDR_NatComm/03_corrected_HDR/empirical/01_carnicer/data/elevation/elevgrid/153.tif,canonical_and_optional,srtm_elevation,TIFF,31903,d215af7661d7274781404e6e3361557b07be441a8562a7579ef7b9192d5b87f1,10.5281/zenodo.15438378,10.5281/zenodo.17207705,CC-BY-4.0,unchanged
data/external/pellett_valbuena_2025/03_corrected_HDR/empirical/01_carnicer/data/elevation/elevgrid/154.tif,MI-HDR_NatComm/03_corrected_HDR/empirical/01_carnicer/data/elevation/elevgrid/154.tif,canonical_and_optional,srtm_elevation,TIFF,31653,588f5e71b48b348ac27897cd3dd8eca5d5e633eeb5d584277cb862c893465c3c,10.5281/zenodo.15438378,10.5281/zenodo.17207705,CC-BY-4.0,unchanged
data/external/pellett_valbuena_2025/03_corrected_HDR/empirical/01_carnicer/data/elevation/elevgrid/155.tif,MI-HDR_NatComm/03_corrected_HDR/empirical/01_carnicer/data/elevation/elevgrid/155.tif,canonical_and_optional,srtm_elevation,TIFF,31653,0e1879c6cd2ffe1e56d9bd0b0967ff5b04db0b005556ae4b9d42fdf0b0006d46,10.5281/zenodo.15438378,10.5281/zenodo.17207705,CC-BY-4.0,unchanged
data/external/pellett_valbuena_2025/03_corrected_HDR/empirical/01_carnicer/data/elevation/elevgrid/156.tif,MI-HDR_NatComm/03_corrected_HDR/empirical/01_carnicer/data/elevation/elevgrid/156.tif,canonical_and_optional,srtm_elevation,TIFF,31653,5a47977357586ecde21c43b43cf58a6c72db3c900e139dc9c9fb0e323414acf1,10.5281/zenodo.15438378,10.5281/zenodo.17207705,CC-BY-4.0,unchanged
data/external/pellett_valbuena_2025/03_corrected_HDR/empirical/01_carnicer/data/elevation/elevgrid/157.tif,MI-HDR_NatComm/03_corrected_HDR/empirical/01_carnicer/data/elevation/elevgrid/157.tif,canonical_and_optional,srtm_elevation,TIFF,31903,3f211383368cdea3f1ff62cf093282ca3f2a9de96192067272c26f0a27a9960a,10.5281/zenodo.15438378,10.5281/zenodo.17207705,CC-BY-4.0,unchanged
data/external/pellett_valbuena_2025/03_corrected_HDR/empirical/01_carnicer/data/elevation/elevgrid/158.tif,MI-HDR_NatComm/03_corrected_HDR/empirical/01_carnicer/data/elevation/elevgrid/158.tif,canonical_and_optional,srtm_elevation,TIFF,31653,ee2e8bc3588d5c8a764662b2eed9f9332e0479890d73036de8585248563ab532,10.5281/zenodo.15438378,10.5281/zenodo.17207705,CC-BY-4.0,unchanged
data/external/pellett_valbuena_2025/03_corrected_HDR/empirical/01_carnicer/data/elevation/elevgrid/159.tif,MI-HDR_NatComm/03_corrected_HDR/empirical/01_carnicer/data/elevation/elevgrid/159.tif,canonical_and_optional,srtm_elevation,TIFF,31653,668264523d89eb6c90de3c7e6e50beaef7af98279a6bbb90caf4d7d360012fc2,10.5281/zenodo.15438378,10.5281/zenodo.17207705,CC-BY-4.0,unchanged
data/external/pellett_valbuena_2025/03_corrected_HDR/empirical/01_carnicer/data/elevation/elevgrid/16.tif,MI-HDR_NatComm/03_corrected_HDR/empirical/01_carnicer/data/elevation/elevgrid/16.tif,canonical_and_optional,srtm_elevation,TIFF,31653,a76f70e5ec0e9773ac1e57636202c4f0eb7fe38fe7ddba0eec57a6e3ee5ec3ef,10.5281/zenodo.15438378,10.5281/zenodo.17207705,CC-BY-4.0,unchanged
data/external/pellett_valbuena_2025/03_corrected_HDR/empirical/01_carnicer/data/elevation/elevgrid/160.tif,MI-HDR_NatComm/03_corrected_HDR/empirical/01_carnicer/data/elevation/elevgrid/160.tif,canonical_and_optional,srtm_elevation,TIFF,31653,a156832b74572a4e3c6ad9137ef0f0764ad54c86395009bf290944520b7f6426,10.5281/zenodo.15438378,10.5281/zenodo.17207705,CC-BY-4.0,unchanged
data/external/pellett_valbuena_2025/03_corrected_HDR/empirical/01_carnicer/data/elevation/elevgrid/161.tif,MI-HDR_NatComm/03_corrected_HDR/empirical/01_carnicer/data/elevation/elevgrid/161.tif,canonical_and_optional,srtm_elevation,TIFF,31903,e4e4cf80a5ec7cd63a4b24d66745de8b56e00b20a7588e5b4a277716c84acefb,10.5281/zenodo.15438378,10.5281/zenodo.17207705,CC-BY-4.0,unchanged
data/external/pellett_valbuena_2025/03_corrected_HDR/empirical/01_carnicer/data/elevation/elevgrid/162.tif,MI-HDR_NatComm/03_corrected_HDR/empirical/01_carnicer/data/elevation/elevgrid/162.tif,canonical_and_optional,srtm_elevation,TIFF,31653,afc6730efdac117b69413d95f40600f5b05deee861cb6a037dbc3051bb91ed63,10.5281/zenodo.15438378,10.5281/zenodo.17207705,CC-BY-4.0,unchanged
data/external/pellett_valbuena_2025/03_corrected_HDR/empirical/01_carnicer/data/elevation/elevgrid/163.tif,MI-HDR_NatComm/03_corrected_HDR/empirical/01_carnicer/data/elevation/elevgrid/163.tif,canonical_and_optional,srtm_elevation,TIFF,31653,eb29e8c972d3e96ea59f13e0d1f09deed746f00180774efa667250a0d9b87a97,10.5281/zenodo.15438378,10.5281/zenodo.17207705,CC-BY-4.0,unchanged
data/external/pellett_valbuena_2025/03_corrected_HDR/empirical/01_carnicer/data/elevation/elevgrid/164.tif,MI-HDR_NatComm/03_corrected_HDR/empirical/01_carnicer/data/elevation/elevgrid/164.tif,canonical_and_optional,srtm_elevation,TIFF,31653,0aa1083348fc1fb036501769301e9624c6982f4d0f44913b3584385e704bd05c,10.5281/zenodo.15438378,10.5281/zenodo.17207705,CC-BY-4.0,unchanged
data/external/pellett_valbuena_2025/03_corrected_HDR/empirical/01_carnicer/data/elevation/elevgrid/165.tif,MI-HDR_NatComm/03_corrected_HDR/empirical/01_carnicer/data/elevation/elevgrid/165.tif,canonical_and_optional,srtm_elevation,TIFF,31903,8a6c61639e5ee1a0f87199eecf55148255a6fc7b500a89407358036481ef48a9,10.5281/zenodo.15438378,10.5281/zenodo.17207705,CC-BY-4.0,unchanged
data/external/pellett_valbuena_2025/03_corrected_HDR/empirical/01_carnicer/data/elevation/elevgrid/166.tif,MI-HDR_NatComm/03_corrected_HDR/empirical/01_carnicer/data/elevation/elevgrid/166.tif,canonical_and_optional,srtm_elevation,TIFF,31653,de1e7ebd30b78a02778363bd94f0e8e91f4052bff0ec5f9fb7556fe1463f933e,10.5281/zenodo.15438378,10.5281/zenodo.17207705,CC-BY-4.0,unchanged
data/external/pellett_valbuena_2025/03_corrected_HDR/empirical/01_carnicer/data/elevation/elevgrid/167.tif,MI-HDR_NatComm/03_corrected_HDR/empirical/01_carnicer/data/elevation/elevgrid/167.tif,canonical_and_optional,srtm_elevation,TIFF,31653,98709b2bc67ac97f5ffde68ad455ccd3cc5483505883e14aaf0c063298e2988e,10.5281/zenodo.15438378,10.5281/zenodo.17207705,CC-BY-4.0,unchanged
data/external/pellett_valbuena_2025/03_corrected_HDR/empirical/01_carnicer/data/elevation/elevgrid/168.tif,MI-HDR_NatComm/03_corrected_HDR/empirical/01_carnicer/data/elevation/elevgrid/168.tif,canonical_and_optional,srtm_elevation,TIFF,31653,21e9ee9f39dd9ac3a8af325356ef1b458f066c712b45325b62935fa45792e772,10.5281/zenodo.15438378,10.5281/zenodo.17207705,CC-BY-4.0,unchanged
data/external/pellett_valbuena_2025/03_corrected_HDR/empirical/01_carnicer/data/elevation/elevgrid/169.tif,MI-HDR_NatComm/03_corrected_HDR/empirical/01_carnicer/data/elevation/elevgrid/169.tif,canonical_and_optional,srtm_elevation,TIFF,31903,20622b9b8cba2c3182537306e9b344673a91a16cc683ed7f6be4f7ad364ae791,10.5281/zenodo.15438378,10.5281/zenodo.17207705,CC-BY-4.0,unchanged
data/external/pellett_valbuena_2025/03_corrected_HDR/empirical/01_carnicer/data/elevation/elevgrid/17.tif,MI-HDR_NatComm/03_corrected_HDR/empirical/01_carnicer/data/elevation/elevgrid/17.tif,canonical_and_optional,srtm_elevation,TIFF,31653,5324ff4a53ea36a85993c6a46503535a7d4fc9f6066d45ad8354f46fa3cc105d,10.5281/zenodo.15438378,10.5281/zenodo.17207705,CC-BY-4.0,unchanged
data/external/pellett_valbuena_2025/03_corrected_HDR/empirical/01_carnicer/data/elevation/elevgrid/170.tif,MI-HDR_NatComm/03_corrected_HDR/empirical/01_carnicer/data/elevation/elevgrid/170.tif,canonical_and_optional,srtm_elevation,TIFF,31653,3d84c6cebb6206a6bc759fb7cfc1b35180c618f4a69fab0f86b05ebecb16740b,10.5281/zenodo.15438378,10.5281/zenodo.17207705,CC-BY-4.0,unchanged
data/external/pellett_valbuena_2025/03_corrected_HDR/empirical/01_carnicer/data/elevation/elevgrid/171.tif,MI-HDR_NatComm/03_corrected_HDR/empirical/01_carnicer/data/elevation/elevgrid/171.tif,canonical_and_optional,srtm_elevation,TIFF,31653,219aea567e9b9d29c6372ad8b900a61232a3470fc69958f6e8ed34b23efaabb6,10.5281/zenodo.15438378,10.5281/zenodo.17207705,CC-BY-4.0,unchanged
data/external/pellett_valbuena_2025/03_corrected_HDR/empirical/01_carnicer/data/elevation/elevgrid/172.tif,MI-HDR_NatComm/03_corrected_HDR/empirical/01_carnicer/data/elevation/elevgrid/172.tif,canonical_and_optional,srtm_elevation,TIFF,31903,6eefb56e18c3cf0cc8e1402580a707e8b15a5dce8133043a24f9ec055deafc6f,10.5281/zenodo.15438378,10.5281/zenodo.17207705,CC-BY-4.0,unchanged
data/external/pellett_valbuena_2025/03_corrected_HDR/empirical/01_carnicer/data/elevation/elevgrid/173.tif,MI-HDR_NatComm/03_corrected_HDR/empirical/01_carnicer/data/elevation/elevgrid/173.tif,canonical_and_optional,srtm_elevation,TIFF,31653,61a95a8a4dbfbf3a4c916f26d8bcb0fd7ed4bbfe6a41063db96bd2f20038c557,10.5281/zenodo.15438378,10.5281/zenodo.17207705,CC-BY-4.0,unchanged
data/external/pellett_valbuena_2025/03_corrected_HDR/empirical/01_carnicer/data/elevation/elevgrid/174.tif,MI-HDR_NatComm/03_corrected_HDR/empirical/01_carnicer/data/elevation/elevgrid/174.tif,canonical_and_optional,srtm_elevation,TIFF,31653,abf0e95cb45fab86383c55821daf78e18dcc94ab33d99d4931c21ae62722e3f3,10.5281/zenodo.15438378,10.5281/zenodo.17207705,CC-BY-4.0,unchanged
data/external/pellett_valbuena_2025/03_corrected_HDR/empirical/01_carnicer/data/elevation/elevgrid/175.tif,MI-HDR_NatComm/03_corrected_HDR/empirical/01_carnicer/data/elevation/elevgrid/175.tif,canonical_and_optional,srtm_elevation,TIFF,31653,a0998ab67388e5a5cd60def37c69fbbccf7729364e660a4d7f9f88b99ec7caa7,10.5281/zenodo.15438378,10.5281/zenodo.17207705,CC-BY-4.0,unchanged
data/external/pellett_valbuena_2025/03_corrected_HDR/empirical/01_carnicer/data/elevation/elevgrid/176.tif,MI-HDR_NatComm/03_corrected_HDR/empirical/01_carnicer/data/elevation/elevgrid/176.tif,canonical_and_optional,srtm_elevation,TIFF,31903,6cd0830cf2ecf72fdc45bd29e66fd299597b4111794b51bd14d0c4b69a3c7449,10.5281/zenodo.15438378,10.5281/zenodo.17207705,CC-BY-4.0,unchanged
data/external/pellett_valbuena_2025/03_corrected_HDR/empirical/01_carnicer/data/elevation/elevgrid/177.tif,MI-HDR_NatComm/03_corrected_HDR/empirical/01_carnicer/data/elevation/elevgrid/177.tif,canonical_and_optional,srtm_elevation,TIFF,31653,879362be38a0108c5c8aef81bdb7d25538a5e22055e872754e0aa66bd7589f05,10.5281/zenodo.15438378,10.5281/zenodo.17207705,CC-BY-4.0,unchanged
data/external/pellett_valbuena_2025/03_corrected_HDR/empirical/01_carnicer/data/elevation/elevgrid/178.tif,MI-HDR_NatComm/03_corrected_HDR/empirical/01_carnicer/data/elevation/elevgrid/178.tif,canonical_and_optional,srtm_elevation,TIFF,31653,1663ffe75e6420c1ed6f27e0d6188f651828ce8a57af3001aaf7db8080f030b8,10.5281/zenodo.15438378,10.5281/zenodo.17207705,CC-BY-4.0,unchanged
data/external/pellett_valbuena_2025/03_corrected_HDR/empirical/01_carnicer/data/elevation/elevgrid/179.tif,MI-HDR_NatComm/03_corrected_HDR/empirical/01_carnicer/data/elevation/elevgrid/179.tif,canonical_and_optional,srtm_elevation,TIFF,31653,9d5d899a110224dba71db014ee7f20572d542596d84189c9abf27c875b531da8,10.5281/zenodo.15438378,10.5281/zenodo.17207705,CC-BY-4.0,unchanged
data/external/pellett_valbuena_2025/03_corrected_HDR/empirical/01_carnicer/data/elevation/elevgrid/18.tif,MI-HDR_NatComm/03_corrected_HDR/empirical/01_carnicer/data/elevation/elevgrid/18.tif,canonical_and_optional,srtm_elevation,TIFF,31903,7d6913745d181a3811c5548d9fb69ffd1b96c92801ab14b9e4e6001e51ac1eb6,10.5281/zenodo.15438378,10.5281/zenodo.17207705,CC-BY-4.0,unchanged
data/external/pellett_valbuena_2025/03_corrected_HDR/empirical/01_carnicer/data/elevation/elevgrid/180.tif,MI-HDR_NatComm/03_corrected_HDR/empirical/01_carnicer/data/elevation/elevgrid/180.tif,canonical_and_optional,srtm_elevation,TIFF,31903,f59bc4d8b9fd46af0b2da0c974b684290f75f6f9588e5be8d0703b9d7766f465,10.5281/zenodo.15438378,10.5281/zenodo.17207705,CC-BY-4.0,unchanged
data/external/pellett_valbuena_2025/03_corrected_HDR/empirical/01_carnicer/data/elevation/elevgrid/181.tif,MI-HDR_NatComm/03_corrected_HDR/empirical/01_carnicer/data/elevation/elevgrid/181.tif,canonical_and_optional,srtm_elevation,TIFF,31653,be4357b90e1d31cc37ae324919f34129a1df2c2bb0e078a9f4fc4d54e37b1999,10.5281/zenodo.15438378,10.5281/zenodo.17207705,CC-BY-4.0,unchanged
data/external/pellett_valbuena_2025/03_corrected_HDR/empirical/01_carnicer/data/elevation/elevgrid/182.tif,MI-HDR_NatComm/03_corrected_HDR/empirical/01_carnicer/data/elevation/elevgrid/182.tif,canonical_and_optional,srtm_elevation,TIFF,31653,ff8fd0be3c005aee9b9c68cba148737f96f3cbe3d8af0cfe7365cf5a31d73365,10.5281/zenodo.15438378,10.5281/zenodo.17207705,CC-BY-4.0,unchanged
data/external/pellett_valbuena_2025/03_corrected_HDR/empirical/01_carnicer/data/elevation/elevgrid/183.tif,MI-HDR_NatComm/03_corrected_HDR/empirical/01_carnicer/data/elevation/elevgrid/183.tif,canonical_and_optional,srtm_elevation,TIFF,31653,0a2f265aa1c793cee9d429a8f0c502ac4d9bb23ff7424a82d1cf0a481bf0e839,10.5281/zenodo.15438378,10.5281/zenodo.17207705,CC-BY-4.0,unchanged
data/external/pellett_valbuena_2025/03_corrected_HDR/empirical/01_carnicer/data/elevation/elevgrid/184.tif,MI-HDR_NatComm/03_corrected_HDR/empirical/01_carnicer/data/elevation/elevgrid/184.tif,canonical_and_optional,srtm_elevation,TIFF,31903,d6ea363deb281806e85518efb509019e08d4949f201492bbb2883c774030b475,10.5281/zenodo.15438378,10.5281/zenodo.17207705,CC-BY-4.0,unchanged
data/external/pellett_valbuena_2025/03_corrected_HDR/empirical/01_carnicer/data/elevation/elevgrid/185.tif,MI-HDR_NatComm/03_corrected_HDR/empirical/01_carnicer/data/elevation/elevgrid/185.tif,canonical_and_optional,srtm_elevation,TIFF,31653,b7fb8158560472c57e3f252536032d01918106ecaff587f57b4d772869cb8241,10.5281/zenodo.15438378,10.5281/zenodo.17207705,CC-BY-4.0,unchanged
data/external/pellett_valbuena_2025/03_corrected_HDR/empirical/01_carnicer/data/elevation/elevgrid/186.tif,MI-HDR_NatComm/03_corrected_HDR/empirical/01_carnicer/data/elevation/elevgrid/186.tif,canonical_and_optional,srtm_elevation,TIFF,31653,8f95587e107d7132bff490ec8709d6ee9b1bee7c042e13341e5bfd216f6ce62e,10.5281/zenodo.15438378,10.5281/zenodo.17207705,CC-BY-4.0,unchanged
data/external/pellett_valbuena_2025/03_corrected_HDR/empirical/01_carnicer/data/elevation/elevgrid/187.tif,MI-HDR_NatComm/03_corrected_HDR/empirical/01_carnicer/data/elevation/elevgrid/187.tif,canonical_and_optional,srtm_elevation,TIFF,31653,e2366117334992ee599e12ccb3dd04a238ae1a1b1d8a2f335623e97f93cf4e1c,10.5281/zenodo.15438378,10.5281/zenodo.17207705,CC-BY-4.0,unchanged
data/external/pellett_valbuena_2025/03_corrected_HDR/empirical/01_carnicer/data/elevation/elevgrid/188.tif,MI-HDR_NatComm/03_corrected_HDR/empirical/01_carnicer/data/elevation/elevgrid/188.tif,canonical_and_optional,srtm_elevation,TIFF,31903,c52d843975be1ccc278abd05cc02e731a8965f1be663ad3ff78fc56975ee4a54,10.5281/zenodo.15438378,10.5281/zenodo.17207705,CC-BY-4.0,unchanged
data/external/pellett_valbuena_2025/03_corrected_HDR/empirical/01_carnicer/data/elevation/elevgrid/189.tif,MI-HDR_NatComm/03_corrected_HDR/empirical/01_carnicer/data/elevation/elevgrid/189.tif,canonical_and_optional,srtm_elevation,TIFF,31653,ac23d0ac8e13315b14cf27741c9197875c5812818c328c970424110e7905e196,10.5281/zenodo.15438378,10.5281/zenodo.17207705,CC-BY-4.0,unchanged
data/external/pellett_valbuena_2025/03_corrected_HDR/empirical/01_carnicer/data/elevation/elevgrid/19.tif,MI-HDR_NatComm/03_corrected_HDR/empirical/01_carnicer/data/elevation/elevgrid/19.tif,canonical_and_optional,srtm_elevation,TIFF,31653,9fe873799c7a48eaed2d807450207a0c5af5f6f44bd9a70787a505773c5914d9,10.5281/zenodo.15438378,10.5281/zenodo.17207705,CC-BY-4.0,unchanged
data/external/pellett_valbuena_2025/03_corrected_HDR/empirical/01_carnicer/data/elevation/elevgrid/190.tif,MI-HDR_NatComm/03_corrected_HDR/empirical/01_carnicer/data/elevation/elevgrid/190.tif,canonical_and_optional,srtm_elevation,TIFF,31653,f66cf0287cb373da52f73432c0526f92778c22a01a50308bf263d8924d1a3960,10.5281/zenodo.15438378,10.5281/zenodo.17207705,CC-BY-4.0,unchanged
data/external/pellett_valbuena_2025/03_corrected_HDR/empirical/01_carnicer/data/elevation/elevgrid/191.tif,MI-HDR_NatComm/03_corrected_HDR/empirical/01_carnicer/data/elevation/elevgrid/191.tif,canonical_and_optional,srtm_elevation,TIFF,31653,67a4fbe101f593023d6b6cd69caa55c1fc0187d229cb2847dd43c3b49641392d,10.5281/zenodo.15438378,10.5281/zenodo.17207705,CC-BY-4.0,unchanged
data/external/pellett_valbuena_2025/03_corrected_HDR/empirical/01_carnicer/data/elevation/elevgrid/192.tif,MI-HDR_NatComm/03_corrected_HDR/empirical/01_carnicer/data/elevation/elevgrid/192.tif,canonical_and_optional,srtm_elevation,TIFF,31903,9adba61614d5addb6662fcbe4467f5dffbf330de819bf677c7a325a30980e672,10.5281/zenodo.15438378,10.5281/zenodo.17207705,CC-BY-4.0,unchanged
data/external/pellett_valbuena_2025/03_corrected_HDR/empirical/01_carnicer/data/elevation/elevgrid/193.tif,MI-HDR_NatComm/03_corrected_HDR/empirical/01_carnicer/data/elevation/elevgrid/193.tif,canonical_and_optional,srtm_elevation,TIFF,31653,392727adaf5b4e0f64a666d27c02ddfc5495457585f37d658dd49265734bb938,10.5281/zenodo.15438378,10.5281/zenodo.17207705,CC-BY-4.0,unchanged
data/external/pellett_valbuena_2025/03_corrected_HDR/empirical/01_carnicer/data/elevation/elevgrid/194.tif,MI-HDR_NatComm/03_corrected_HDR/empirical/01_carnicer/data/elevation/elevgrid/194.tif,canonical_and_optional,srtm_elevation,TIFF,31653,d29f03be4adceb5c85b81c9df807bdba5a80467de4688a22887a5a6a4b85a721,10.5281/zenodo.15438378,10.5281/zenodo.17207705,CC-BY-4.0,unchanged
data/external/pellett_valbuena_2025/03_corrected_HDR/empirical/01_carnicer/data/elevation/elevgrid/195.tif,MI-HDR_NatComm/03_corrected_HDR/empirical/01_carnicer/data/elevation/elevgrid/195.tif,canonical_and_optional,srtm_elevation,TIFF,31653,8793e0202d0893e54b97624951c13e3e4cc19c5fe2964f5283e368d72858a5f4,10.5281/zenodo.15438378,10.5281/zenodo.17207705,CC-BY-4.0,unchanged
data/external/pellett_valbuena_2025/03_corrected_HDR/empirical/01_carnicer/data/elevation/elevgrid/196.tif,MI-HDR_NatComm/03_corrected_HDR/empirical/01_carnicer/data/elevation/elevgrid/196.tif,canonical_and_optional,srtm_elevation,TIFF,31653,ecb017f7d405fb1f97941360f3b1e5d30506cade5f1a63eed70479e6454737fd,10.5281/zenodo.15438378,10.5281/zenodo.17207705,CC-BY-4.0,unchanged
data/external/pellett_valbuena_2025/03_corrected_HDR/empirical/01_carnicer/data/elevation/elevgrid/197.tif,MI-HDR_NatComm/03_corrected_HDR/empirical/01_carnicer/data/elevation/elevgrid/197.tif,canonical_and_optional,srtm_elevation,TIFF,31903,a659b6e0fd6c8d9630327cdb96c31117da06a75dc74f0c499cc7725bb2c5b49c,10.5281/zenodo.15438378,10.5281/zenodo.17207705,CC-BY-4.0,unchanged
data/external/pellett_valbuena_2025/03_corrected_HDR/empirical/01_carnicer/data/elevation/elevgrid/198.tif,MI-HDR_NatComm/03_corrected_HDR/empirical/01_carnicer/data/elevation/elevgrid/198.tif,canonical_and_optional,srtm_elevation,TIFF,31653,edf4c35dc14730f718f53294075a680dfb49121f2995fd8f048bd3faf866472c,10.5281/zenodo.15438378,10.5281/zenodo.17207705,CC-BY-4.0,unchanged
data/external/pellett_valbuena_2025/03_corrected_HDR/empirical/01_carnicer/data/elevation/elevgrid/199.tif,MI-HDR_NatComm/03_corrected_HDR/empirical/01_carnicer/data/elevation/elevgrid/199.tif,canonical_and_optional,srtm_elevation,TIFF,31653,37dad7596536389869d7e212081f09761fca0ffeee81de479daf09cb18feb1aa,10.5281/zenodo.15438378,10.5281/zenodo.17207705,CC-BY-4.0,unchanged
data/external/pellett_valbuena_2025/03_corrected_HDR/empirical/01_carnicer/data/elevation/elevgrid/2.tif,MI-HDR_NatComm/03_corrected_HDR/empirical/01_carnicer/data/elevation/elevgrid/2.tif,canonical_and_optional,srtm_elevation,TIFF,31653,b04b6ea2e518d4aa400cdae168e8849cfab165fcf98c43f28ff3f24028c1d64f,10.5281/zenodo.15438378,10.5281/zenodo.17207705,CC-BY-4.0,unchanged
data/external/pellett_valbuena_2025/03_corrected_HDR/empirical/01_carnicer/data/elevation/elevgrid/20.tif,MI-HDR_NatComm/03_corrected_HDR/empirical/01_carnicer/data/elevation/elevgrid/20.tif,canonical_and_optional,srtm_elevation,TIFF,31653,e54486626608547e17282ffbc5d9a7abb742aa00d4fbe388d8a1d33678396c3d,10.5281/zenodo.15438378,10.5281/zenodo.17207705,CC-BY-4.0,unchanged
data/external/pellett_valbuena_2025/03_corrected_HDR/empirical/01_carnicer/data/elevation/elevgrid/200.tif,MI-HDR_NatComm/03_corrected_HDR/empirical/01_carnicer/data/elevation/elevgrid/200.tif,canonical_and_optional,srtm_elevation,TIFF,31653,e94bffdafb25734f51ecc4a38c233511475ce845686633f2da78b0d70b6eb89c,10.5281/zenodo.15438378,10.5281/zenodo.17207705,CC-BY-4.0,unchanged
data/external/pellett_valbuena_2025/03_corrected_HDR/empirical/01_carnicer/data/elevation/elevgrid/201.tif,MI-HDR_NatComm/03_corrected_HDR/empirical/01_carnicer/data/elevation/elevgrid/201.tif,canonical_and_optional,srtm_elevation,TIFF,31903,bce189c270afdb16c7b0272da6e2a8cc02ae270c2e6bae8ca8c1ab76e3626a87,10.5281/zenodo.15438378,10.5281/zenodo.17207705,CC-BY-4.0,unchanged
data/external/pellett_valbuena_2025/03_corrected_HDR/empirical/01_carnicer/data/elevation/elevgrid/202.tif,MI-HDR_NatComm/03_corrected_HDR/empirical/01_carnicer/data/elevation/elevgrid/202.tif,canonical_and_optional,srtm_elevation,TIFF,31653,9fb7d010e52abc475764c57c5fbcffb7985233245a6d53e47ca5898a064a5010,10.5281/zenodo.15438378,10.5281/zenodo.17207705,CC-BY-4.0,unchanged
data/external/pellett_valbuena_2025/03_corrected_HDR/empirical/01_carnicer/data/elevation/elevgrid/203.tif,MI-HDR_NatComm/03_corrected_HDR/empirical/01_carnicer/data/elevation/elevgrid/203.tif,canonical_and_optional,srtm_elevation,TIFF,31653,d65d81fc3612604820a48b98c4d8bc7387443e549f8fa7cd0f2a9ae33b9854bb,10.5281/zenodo.15438378,10.5281/zenodo.17207705,CC-BY-4.0,unchanged
data/external/pellett_valbuena_2025/03_corrected_HDR/empirical/01_carnicer/data/elevation/elevgrid/204.tif,MI-HDR_NatComm/03_corrected_HDR/empirical/01_carnicer/data/elevation/elevgrid/204.tif,canonical_and_optional,srtm_elevation,TIFF,31653,5374dc849fc8501ec9cfe3935d76f2e26562ae30b0b93fcd377d6e30624edf58,10.5281/zenodo.15438378,10.5281/zenodo.17207705,CC-BY-4.0,unchanged
data/external/pellett_valbuena_2025/03_corrected_HDR/empirical/01_carnicer/data/elevation/elevgrid/205.tif,MI-HDR_NatComm/03_corrected_HDR/empirical/01_carnicer/data/elevation/elevgrid/205.tif,canonical_and_optional,srtm_elevation,TIFF,31903,20df3c3804da853a2b17b8d91cdb3ae0f7ce659cacb335f3aa78df3d82155531,10.5281/zenodo.15438378,10.5281/zenodo.17207705,CC-BY-4.0,unchanged
data/external/pellett_valbuena_2025/03_corrected_HDR/empirical/01_carnicer/data/elevation/elevgrid/206.tif,MI-HDR_NatComm/03_corrected_HDR/empirical/01_carnicer/data/elevation/elevgrid/206.tif,canonical_and_optional,srtm_elevation,TIFF,31653,81565bd0ebdacec1532fcf3eb371a725db879e9ae07023b0f1db4a3866bb821e,10.5281/zenodo.15438378,10.5281/zenodo.17207705,CC-BY-4.0,unchanged
data/external/pellett_valbuena_2025/03_corrected_HDR/empirical/01_carnicer/data/elevation/elevgrid/207.tif,MI-HDR_NatComm/03_corrected_HDR/empirical/01_carnicer/data/elevation/elevgrid/207.tif,canonical_and_optional,srtm_elevation,TIFF,31653,a7238a58b3cce57b94f5b45152d7629d3a431006cc6ff9d7b7cffda224c2732d,10.5281/zenodo.15438378,10.5281/zenodo.17207705,CC-BY-4.0,unchanged
data/external/pellett_valbuena_2025/03_corrected_HDR/empirical/01_carnicer/data/elevation/elevgrid/208.tif,MI-HDR_NatComm/03_corrected_HDR/empirical/01_carnicer/data/elevation/elevgrid/208.tif,canonical_and_optional,srtm_elevation,TIFF,31653,f3787fce7c9e8be1466f131ecaf16d03f4be93d3f18c4a5002495f0d9de411a9,10.5281/zenodo.15438378,10.5281/zenodo.17207705,CC-BY-4.0,unchanged
data/external/pellett_valbuena_2025/03_corrected_HDR/empirical/01_carnicer/data/elevation/elevgrid/209.tif,MI-HDR_NatComm/03_corrected_HDR/empirical/01_carnicer/data/elevation/elevgrid/209.tif,canonical_and_optional,srtm_elevation,TIFF,31903,8d3f792ab198acb06ad5572660dd8ff920c2bd1300f3694f9c8fff2e9b370f8e,10.5281/zenodo.15438378,10.5281/zenodo.17207705,CC-BY-4.0,unchanged
data/external/pellett_valbuena_2025/03_corrected_HDR/empirical/01_carnicer/data/elevation/elevgrid/21.tif,MI-HDR_NatComm/03_corrected_HDR/empirical/01_carnicer/data/elevation/elevgrid/21.tif,canonical_and_optional,srtm_elevation,TIFF,31903,05e821186b76b740593147f852e6218b3e7c293d1ba7093f1d58b4b7302c3b20,10.5281/zenodo.15438378,10.5281/zenodo.17207705,CC-BY-4.0,unchanged
data/external/pellett_valbuena_2025/03_corrected_HDR/empirical/01_carnicer/data/elevation/elevgrid/210.tif,MI-HDR_NatComm/03_corrected_HDR/empirical/01_carnicer/data/elevation/elevgrid/210.tif,canonical_and_optional,srtm_elevation,TIFF,31653,60a287deb7549ef9163900ab9965e2f3b4952509ee361bdfbcc3cde5fba8b25e,10.5281/zenodo.15438378,10.5281/zenodo.17207705,CC-BY-4.0,unchanged
data/external/pellett_valbuena_2025/03_corrected_HDR/empirical/01_carnicer/data/elevation/elevgrid/211.tif,MI-HDR_NatComm/03_corrected_HDR/empirical/01_carnicer/data/elevation/elevgrid/211.tif,canonical_and_optional,srtm_elevation,TIFF,31653,9a44a7d9179907a2fa0448cdfc35954ed84e1941abbbd666337be1bbef6e69b1,10.5281/zenodo.15438378,10.5281/zenodo.17207705,CC-BY-4.0,unchanged
data/external/pellett_valbuena_2025/03_corrected_HDR/empirical/01_carnicer/data/elevation/elevgrid/212.tif,MI-HDR_NatComm/03_corrected_HDR/empirical/01_carnicer/data/elevation/elevgrid/212.tif,canonical_and_optional,srtm_elevation,TIFF,31653,eecd80161d9ae256b405060f98212964f493fe8c6f3c49b099930247b553d3ae,10.5281/zenodo.15438378,10.5281/zenodo.17207705,CC-BY-4.0,unchanged
data/external/pellett_valbuena_2025/03_corrected_HDR/empirical/01_carnicer/data/elevation/elevgrid/213.tif,MI-HDR_NatComm/03_corrected_HDR/empirical/01_carnicer/data/elevation/elevgrid/213.tif,canonical_and_optional,srtm_elevation,TIFF,31903,a40854cee0dbbb6caf3b33db52dbbb9102f353b307aea192820fd6bed029f24c,10.5281/zenodo.15438378,10.5281/zenodo.17207705,CC-BY-4.0,unchanged
data/external/pellett_valbuena_2025/03_corrected_HDR/empirical/01_carnicer/data/elevation/elevgrid/214.tif,MI-HDR_NatComm/03_corrected_HDR/empirical/01_carnicer/data/elevation/elevgrid/214.tif,canonical_and_optional,srtm_elevation,TIFF,31653,5511e83b41099a893941443c1b246f3595b2639bdb638bf45aa462697cda9e69,10.5281/zenodo.15438378,10.5281/zenodo.17207705,CC-BY-4.0,unchanged
data/external/pellett_valbuena_2025/03_corrected_HDR/empirical/01_carnicer/data/elevation/elevgrid/215.tif,MI-HDR_NatComm/03_corrected_HDR/empirical/01_carnicer/data/elevation/elevgrid/215.tif,canonical_and_optional,srtm_elevation,TIFF,31653,45cd864c4ad524591e440fb67c1c6825da1906f45bc0ebcfa0c1c7a08ac08cbf,10.5281/zenodo.15438378,10.5281/zenodo.17207705,CC-BY-4.0,unchanged
data/external/pellett_valbuena_2025/03_corrected_HDR/empirical/01_carnicer/data/elevation/elevgrid/216.tif,MI-HDR_NatComm/03_corrected_HDR/empirical/01_carnicer/data/elevation/elevgrid/216.tif,canonical_and_optional,srtm_elevation,TIFF,31653,6d54c0db89e249640b2fa41811ad3a987a0ca175dad98651c528b1c07d22fa8b,10.5281/zenodo.15438378,10.5281/zenodo.17207705,CC-BY-4.0,unchanged
data/external/pellett_valbuena_2025/03_corrected_HDR/empirical/01_carnicer/data/elevation/elevgrid/217.tif,MI-HDR_NatComm/03_corrected_HDR/empirical/01_carnicer/data/elevation/elevgrid/217.tif,canonical_and_optional,srtm_elevation,TIFF,31903,76905fdbb411c44f12b715c606b814a29a239d97f365aa4175061d22d87aa8ec,10.5281/zenodo.15438378,10.5281/zenodo.17207705,CC-BY-4.0,unchanged
data/external/pellett_valbuena_2025/03_corrected_HDR/empirical/01_carnicer/data/elevation/elevgrid/218.tif,MI-HDR_NatComm/03_corrected_HDR/empirical/01_carnicer/data/elevation/elevgrid/218.tif,canonical_and_optional,srtm_elevation,TIFF,31653,002aa04671730d634248714d4881e2a234b34fd3483c9a78f892f4d6823ad409,10.5281/zenodo.15438378,10.5281/zenodo.17207705,CC-BY-4.0,unchanged
data/external/pellett_valbuena_2025/03_corrected_HDR/empirical/01_carnicer/data/elevation/elevgrid/219.tif,MI-HDR_NatComm/03_corrected_HDR/empirical/01_carnicer/data/elevation/elevgrid/219.tif,canonical_and_optional,srtm_elevation,TIFF,31653,9b5d84f63e1c6d502708b5a3e00e0a5d222572927ab714ceb634eca6b15415d6,10.5281/zenodo.15438378,10.5281/zenodo.17207705,CC-BY-4.0,unchanged
data/external/pellett_valbuena_2025/03_corrected_HDR/empirical/01_carnicer/data/elevation/elevgrid/22.tif,MI-HDR_NatComm/03_corrected_HDR/empirical/01_carnicer/data/elevation/elevgrid/22.tif,canonical_and_optional,srtm_elevation,TIFF,31653,2845df22d26e6b9c2365e0f01cdd40ac5b70ce8509c2eb614d7c4757aee87114,10.5281/zenodo.15438378,10.5281/zenodo.17207705,CC-BY-4.0,unchanged
data/external/pellett_valbuena_2025/03_corrected_HDR/empirical/01_carnicer/data/elevation/elevgrid/220.tif,MI-HDR_NatComm/03_corrected_HDR/empirical/01_carnicer/data/elevation/elevgrid/220.tif,canonical_and_optional,srtm_elevation,TIFF,31653,c4d17626cd6ee5522460b195ca256b5cc25610c59e7540ad3c912db34d28bb71,10.5281/zenodo.15438378,10.5281/zenodo.17207705,CC-BY-4.0,unchanged
data/external/pellett_valbuena_2025/03_corrected_HDR/empirical/01_carnicer/data/elevation/elevgrid/221.tif,MI-HDR_NatComm/03_corrected_HDR/empirical/01_carnicer/data/elevation/elevgrid/221.tif,canonical_and_optional,srtm_elevation,TIFF,31903,2ac60bf0aed7229e0624dd1e0483cd872f2a6e448666963f46a4bd2e9c5af55d,10.5281/zenodo.15438378,10.5281/zenodo.17207705,CC-BY-4.0,unchanged
data/external/pellett_valbuena_2025/03_corrected_HDR/empirical/01_carnicer/data/elevation/elevgrid/222.tif,MI-HDR_NatComm/03_corrected_HDR/empirical/01_carnicer/data/elevation/elevgrid/222.tif,canonical_and_optional,srtm_elevation,TIFF,31653,1d28f4b7d3f51f763c71831ad9ebba3e8eb88eaa81c3e2d42ab259a0628a78f4,10.5281/zenodo.15438378,10.5281/zenodo.17207705,CC-BY-4.0,unchanged
data/external/pellett_valbuena_2025/03_corrected_HDR/empirical/01_carnicer/data/elevation/elevgrid/223.tif,MI-HDR_NatComm/03_corrected_HDR/empirical/01_carnicer/data/elevation/elevgrid/223.tif,canonical_and_optional,srtm_elevation,TIFF,31653,03f2629a570ea80a555bd8e10930e4e382140b4245e274bbdea04184d4561b08,10.5281/zenodo.15438378,10.5281/zenodo.17207705,CC-BY-4.0,unchanged
data/external/pellett_valbuena_2025/03_corrected_HDR/empirical/01_carnicer/data/elevation/elevgrid/224.tif,MI-HDR_NatComm/03_corrected_HDR/empirical/01_carnicer/data/elevation/elevgrid/224.tif,canonical_and_optional,srtm_elevation,TIFF,31653,278a52608c397ba5771aeaa571e133f0a581708961651936d8ffdb1146c6c646,10.5281/zenodo.15438378,10.5281/zenodo.17207705,CC-BY-4.0,unchanged
data/external/pellett_valbuena_2025/03_corrected_HDR/empirical/01_carnicer/data/elevation/elevgrid/225.tif,MI-HDR_NatComm/03_corrected_HDR/empirical/01_carnicer/data/elevation/elevgrid/225.tif,canonical_and_optional,srtm_elevation,TIFF,31903,056982349c3e3da92cb60afafaf22d6afacde2af7ebd01f89c4daafc1ade4cf6,10.5281/zenodo.15438378,10.5281/zenodo.17207705,CC-BY-4.0,unchanged
data/external/pellett_valbuena_2025/03_corrected_HDR/empirical/01_carnicer/data/elevation/elevgrid/226.tif,MI-HDR_NatComm/03_corrected_HDR/empirical/01_carnicer/data/elevation/elevgrid/226.tif,canonical_and_optional,srtm_elevation,TIFF,31653,f18c7df782caf1783cf82734aa464cafe48fdde5e58427a7adf5c30e3add78cb,10.5281/zenodo.15438378,10.5281/zenodo.17207705,CC-BY-4.0,unchanged
data/external/pellett_valbuena_2025/03_corrected_HDR/empirical/01_carnicer/data/elevation/elevgrid/227.tif,MI-HDR_NatComm/03_corrected_HDR/empirical/01_carnicer/data/elevation/elevgrid/227.tif,canonical_and_optional,srtm_elevation,TIFF,31653,c7439236bf2bc8acff68ff49bf4359d7c6f3910a03c923fad1f52622a435830e,10.5281/zenodo.15438378,10.5281/zenodo.17207705,CC-BY-4.0,unchanged
data/external/pellett_valbuena_2025/03_corrected_HDR/empirical/01_carnicer/data/elevation/elevgrid/228.tif,MI-HDR_NatComm/03_corrected_HDR/empirical/01_carnicer/data/elevation/elevgrid/228.tif,canonical_and_optional,srtm_elevation,TIFF,31653,df08dec6f1e5e5230840a0839da06dad0bf62e202512bcf503bf818afcd182f6,10.5281/zenodo.15438378,10.5281/zenodo.17207705,CC-BY-4.0,unchanged
data/external/pellett_valbuena_2025/03_corrected_HDR/empirical/01_carnicer/data/elevation/elevgrid/229.tif,MI-HDR_NatComm/03_corrected_HDR/empirical/01_carnicer/data/elevation/elevgrid/229.tif,canonical_and_optional,srtm_elevation,TIFF,31903,044d87f8f063e55f29255ef61ea061916fd522f4c29bced95b13d2d6e900bd34,10.5281/zenodo.15438378,10.5281/zenodo.17207705,CC-BY-4.0,unchanged
data/external/pellett_valbuena_2025/03_corrected_HDR/empirical/01_carnicer/data/elevation/elevgrid/23.tif,MI-HDR_NatComm/03_corrected_HDR/empirical/01_carnicer/data/elevation/elevgrid/23.tif,canonical_and_optional,srtm_elevation,TIFF,31653,c52ff0cc602ae59b3efb78ea348c6404b9b67fbe3aa19b2726cb8f7cd3b1f6dc,10.5281/zenodo.15438378,10.5281/zenodo.17207705,CC-BY-4.0,unchanged
data/external/pellett_valbuena_2025/03_corrected_HDR/empirical/01_carnicer/data/elevation/elevgrid/230.tif,MI-HDR_NatComm/03_corrected_HDR/empirical/01_carnicer/data/elevation/elevgrid/230.tif,canonical_and_optional,srtm_elevation,TIFF,31653,ed2dc93c9fd329af1d5eb32f2771dd18f4b409f4cad96f91ce64934b7eb928f0,10.5281/zenodo.15438378,10.5281/zenodo.17207705,CC-BY-4.0,unchanged
data/external/pellett_valbuena_2025/03_corrected_HDR/empirical/01_carnicer/data/elevation/elevgrid/231.tif,MI-HDR_NatComm/03_corrected_HDR/empirical/01_carnicer/data/elevation/elevgrid/231.tif,canonical_and_optional,srtm_elevation,TIFF,31653,3e6a5ce373804bde77d746c664c6a401606fdb5daef44201fef73ac6f9584c66,10.5281/zenodo.15438378,10.5281/zenodo.17207705,CC-BY-4.0,unchanged
data/external/pellett_valbuena_2025/03_corrected_HDR/empirical/01_carnicer/data/elevation/elevgrid/232.tif,MI-HDR_NatComm/03_corrected_HDR/empirical/01_carnicer/data/elevation/elevgrid/232.tif,canonical_and_optional,srtm_elevation,TIFF,31653,8ae835739d189df0bc1cd99ac3a6015744d0779328f69b21a32398aee777dadc,10.5281/zenodo.15438378,10.5281/zenodo.17207705,CC-BY-4.0,unchanged
data/external/pellett_valbuena_2025/03_corrected_HDR/empirical/01_carnicer/data/elevation/elevgrid/233.tif,MI-HDR_NatComm/03_corrected_HDR/empirical/01_carnicer/data/elevation/elevgrid/233.tif,canonical_and_optional,srtm_elevation,TIFF,31903,4acb82b036bd0b49f634d397f9f661ae52d121c9ad527802facc5946c320b63d,10.5281/zenodo.15438378,10.5281/zenodo.17207705,CC-BY-4.0,unchanged
data/external/pellett_valbuena_2025/03_corrected_HDR/empirical/01_carnicer/data/elevation/elevgrid/234.tif,MI-HDR_NatComm/03_corrected_HDR/empirical/01_carnicer/data/elevation/elevgrid/234.tif,canonical_and_optional,srtm_elevation,TIFF,31653,22eb4353ece0af0d5fcb56991b524757aaff1982b982573d5c635b6825950a52,10.5281/zenodo.15438378,10.5281/zenodo.17207705,CC-BY-4.0,unchanged
data/external/pellett_valbuena_2025/03_corrected_HDR/empirical/01_carnicer/data/elevation/elevgrid/235.tif,MI-HDR_NatComm/03_corrected_HDR/empirical/01_carnicer/data/elevation/elevgrid/235.tif,canonical_and_optional,srtm_elevation,TIFF,31653,5d945b94a32cfd8335da0dd5850f726f3d9ac02880136f218716a0788899de5f,10.5281/zenodo.15438378,10.5281/zenodo.17207705,CC-BY-4.0,unchanged
data/external/pellett_valbuena_2025/03_corrected_HDR/empirical/01_carnicer/data/elevation/elevgrid/236.tif,MI-HDR_NatComm/03_corrected_HDR/empirical/01_carnicer/data/elevation/elevgrid/236.tif,canonical_and_optional,srtm_elevation,TIFF,31653,2fc21917e37884b03609352e9af376526a64eac9d5258939caf7b4792df4a7fc,10.5281/zenodo.15438378,10.5281/zenodo.17207705,CC-BY-4.0,unchanged
data/external/pellett_valbuena_2025/03_corrected_HDR/empirical/01_carnicer/data/elevation/elevgrid/237.tif,MI-HDR_NatComm/03_corrected_HDR/empirical/01_carnicer/data/elevation/elevgrid/237.tif,canonical_and_optional,srtm_elevation,TIFF,31903,9be6faf3fb5d511836671013a149a2b7adaef2cad94cc186be21a4588dd93bc7,10.5281/zenodo.15438378,10.5281/zenodo.17207705,CC-BY-4.0,unchanged
data/external/pellett_valbuena_2025/03_corrected_HDR/empirical/01_carnicer/data/elevation/elevgrid/238.tif,MI-HDR_NatComm/03_corrected_HDR/empirical/01_carnicer/data/elevation/elevgrid/238.tif,canonical_and_optional,srtm_elevation,TIFF,31653,2e3151b10175d458274865a82fba5edfcfea74cbb39a99c1115357094a26f9cb,10.5281/zenodo.15438378,10.5281/zenodo.17207705,CC-BY-4.0,unchanged
data/external/pellett_valbuena_2025/03_corrected_HDR/empirical/01_carnicer/data/elevation/elevgrid/239.tif,MI-HDR_NatComm/03_corrected_HDR/empirical/01_carnicer/data/elevation/elevgrid/239.tif,canonical_and_optional,srtm_elevation,TIFF,31653,14c340af3d50fb525252da563faac54e991a01ac8e215c1a41641e30af590f46,10.5281/zenodo.15438378,10.5281/zenodo.17207705,CC-BY-4.0,unchanged
data/external/pellett_valbuena_2025/03_corrected_HDR/empirical/01_carnicer/data/elevation/elevgrid/24.tif,MI-HDR_NatComm/03_corrected_HDR/empirical/01_carnicer/data/elevation/elevgrid/24.tif,canonical_and_optional,srtm_elevation,TIFF,31653,a60aeaaae0cd986e8a0892cf6119f117ef3fff432e9e339c1311d587d9842afb,10.5281/zenodo.15438378,10.5281/zenodo.17207705,CC-BY-4.0,unchanged
data/external/pellett_valbuena_2025/03_corrected_HDR/empirical/01_carnicer/data/elevation/elevgrid/240.tif,MI-HDR_NatComm/03_corrected_HDR/empirical/01_carnicer/data/elevation/elevgrid/240.tif,canonical_and_optional,srtm_elevation,TIFF,31653,5db03cc81ec345c4fd00aa63ec04742eff77d9b270f533a83d2e0e129902a0fd,10.5281/zenodo.15438378,10.5281/zenodo.17207705,CC-BY-4.0,unchanged
data/external/pellett_valbuena_2025/03_corrected_HDR/empirical/01_carnicer/data/elevation/elevgrid/241.tif,MI-HDR_NatComm/03_corrected_HDR/empirical/01_carnicer/data/elevation/elevgrid/241.tif,canonical_and_optional,srtm_elevation,TIFF,31903,38c2a5acb0a6889cee72d236cf9bdabae748689073e23182170aad8430fd41be,10.5281/zenodo.15438378,10.5281/zenodo.17207705,CC-BY-4.0,unchanged
data/external/pellett_valbuena_2025/03_corrected_HDR/empirical/01_carnicer/data/elevation/elevgrid/242.tif,MI-HDR_NatComm/03_corrected_HDR/empirical/01_carnicer/data/elevation/elevgrid/242.tif,canonical_and_optional,srtm_elevation,TIFF,31903,b96cfa50b9f3732f3a3cba68b8281cc3add58667f7495d18cc644f6d7ab5b01c,10.5281/zenodo.15438378,10.5281/zenodo.17207705,CC-BY-4.0,unchanged
data/external/pellett_valbuena_2025/03_corrected_HDR/empirical/01_carnicer/data/elevation/elevgrid/243.tif,MI-HDR_NatComm/03_corrected_HDR/empirical/01_carnicer/data/elevation/elevgrid/243.tif,canonical_and_optional,srtm_elevation,TIFF,31903,84e6d613e5973023687e6e874c45be50791d1364e0ed8622275c3ffca0850b60,10.5281/zenodo.15438378,10.5281/zenodo.17207705,CC-BY-4.0,unchanged
data/external/pellett_valbuena_2025/03_corrected_HDR/empirical/01_carnicer/data/elevation/elevgrid/244.tif,MI-HDR_NatComm/03_corrected_HDR/empirical/01_carnicer/data/elevation/elevgrid/244.tif,canonical_and_optional,srtm_elevation,TIFF,32155,f45d18bf5d81e3a7924484318a142772e94414e15bfd6eec64a22561aae49a39,10.5281/zenodo.15438378,10.5281/zenodo.17207705,CC-BY-4.0,unchanged
data/external/pellett_valbuena_2025/03_corrected_HDR/empirical/01_carnicer/data/elevation/elevgrid/245.tif,MI-HDR_NatComm/03_corrected_HDR/empirical/01_carnicer/data/elevation/elevgrid/245.tif,canonical_and_optional,srtm_elevation,TIFF,31903,93094b2cf30c611febde622de86a4d6ab57614cbd303f6b5b72a9a95027d3271,10.5281/zenodo.15438378,10.5281/zenodo.17207705,CC-BY-4.0,unchanged
data/external/pellett_valbuena_2025/03_corrected_HDR/empirical/01_carnicer/data/elevation/elevgrid/246.tif,MI-HDR_NatComm/03_corrected_HDR/empirical/01_carnicer/data/elevation/elevgrid/246.tif,canonical_and_optional,srtm_elevation,TIFF,31903,79d016f080584694439a77bc8d5c6a4fe9657e51ff970ed893044c5c7e9cee22,10.5281/zenodo.15438378,10.5281/zenodo.17207705,CC-BY-4.0,unchanged
data/external/pellett_valbuena_2025/03_corrected_HDR/empirical/01_carnicer/data/elevation/elevgrid/247.tif,MI-HDR_NatComm/03_corrected_HDR/empirical/01_carnicer/data/elevation/elevgrid/247.tif,canonical_and_optional,srtm_elevation,TIFF,31903,34b3c76a08044083419f00e3813b40ebc2471d7b145f718e7296bd93ba5545d0,10.5281/zenodo.15438378,10.5281/zenodo.17207705,CC-BY-4.0,unchanged
data/external/pellett_valbuena_2025/03_corrected_HDR/empirical/01_carnicer/data/elevation/elevgrid/248.tif,MI-HDR_NatComm/03_corrected_HDR/empirical/01_carnicer/data/elevation/elevgrid/248.tif,canonical_and_optional,srtm_elevation,TIFF,32155,d199c0ace2d55caf83c9e1d037c7f8e7c5c141548d504389d7af8e819011f416,10.5281/zenodo.15438378,10.5281/zenodo.17207705,CC-BY-4.0,unchanged
data/external/pellett_valbuena_2025/03_corrected_HDR/empirical/01_carnicer/data/elevation/elevgrid/249.tif,MI-HDR_NatComm/03_corrected_HDR/empirical/01_carnicer/data/elevation/elevgrid/249.tif,canonical_and_optional,srtm_elevation,TIFF,31903,fa204de1570bfd0fd30c9e57f72b93392be7890a9d11ea6a287885a4b25bc048,10.5281/zenodo.15438378,10.5281/zenodo.17207705,CC-BY-4.0,unchanged
data/external/pellett_valbuena_2025/03_corrected_HDR/empirical/01_carnicer/data/elevation/elevgrid/25.tif,MI-HDR_NatComm/03_corrected_HDR/empirical/01_carnicer/data/elevation/elevgrid/25.tif,canonical_and_optional,srtm_elevation,TIFF,31903,1b5b4403cf38f8dd180f3a1fc66d79e6764c2e9589cd19e6bf14b3de00800dd3,10.5281/zenodo.15438378,10.5281/zenodo.17207705,CC-BY-4.0,unchanged
data/external/pellett_valbuena_2025/03_corrected_HDR/empirical/01_carnicer/data/elevation/elevgrid/250.tif,MI-HDR_NatComm/03_corrected_HDR/empirical/01_carnicer/data/elevation/elevgrid/250.tif,canonical_and_optional,srtm_elevation,TIFF,31903,ef084cfb83501590190e474617530a8a62320969089cdaab33f6311a33bebc57,10.5281/zenodo.15438378,10.5281/zenodo.17207705,CC-BY-4.0,unchanged
data/external/pellett_valbuena_2025/03_corrected_HDR/empirical/01_carnicer/data/elevation/elevgrid/251.tif,MI-HDR_NatComm/03_corrected_HDR/empirical/01_carnicer/data/elevation/elevgrid/251.tif,canonical_and_optional,srtm_elevation,TIFF,31903,18bc1887b86b1292cd761b2765d76a42970aa1d2cadcc9f0ea3e935dce9c99ca,10.5281/zenodo.15438378,10.5281/zenodo.17207705,CC-BY-4.0,unchanged
data/external/pellett_valbuena_2025/03_corrected_HDR/empirical/01_carnicer/data/elevation/elevgrid/252.tif,MI-HDR_NatComm/03_corrected_HDR/empirical/01_carnicer/data/elevation/elevgrid/252.tif,canonical_and_optional,srtm_elevation,TIFF,32155,6fd6f85370e0d18f045ee22ca55029c24f4e2bb3c47b2ca4c79b12e070b442ce,10.5281/zenodo.15438378,10.5281/zenodo.17207705,CC-BY-4.0,unchanged
data/external/pellett_valbuena_2025/03_corrected_HDR/empirical/01_carnicer/data/elevation/elevgrid/253.tif,MI-HDR_NatComm/03_corrected_HDR/empirical/01_carnicer/data/elevation/elevgrid/253.tif,canonical_and_optional,srtm_elevation,TIFF,31903,66ae83d07534bef5197b40602df21efabe78d0cdbed8b4aeb8d942c06ed329bf,10.5281/zenodo.15438378,10.5281/zenodo.17207705,CC-BY-4.0,unchanged
data/external/pellett_valbuena_2025/03_corrected_HDR/empirical/01_carnicer/data/elevation/elevgrid/254.tif,MI-HDR_NatComm/03_corrected_HDR/empirical/01_carnicer/data/elevation/elevgrid/254.tif,canonical_and_optional,srtm_elevation,TIFF,31903,0f2e4882e2e17625fab04379d3d11b5e98233d4591d2fa53204b34763e0cd5ed,10.5281/zenodo.15438378,10.5281/zenodo.17207705,CC-BY-4.0,unchanged
data/external/pellett_valbuena_2025/03_corrected_HDR/empirical/01_carnicer/data/elevation/elevgrid/255.tif,MI-HDR_NatComm/03_corrected_HDR/empirical/01_carnicer/data/elevation/elevgrid/255.tif,canonical_and_optional,srtm_elevation,TIFF,31903,4254fc7b9b7161e20b399ec0c44e9d8ef5d65e01595b04c0f2916e0728adae75,10.5281/zenodo.15438378,10.5281/zenodo.17207705,CC-BY-4.0,unchanged
data/external/pellett_valbuena_2025/03_corrected_HDR/empirical/01_carnicer/data/elevation/elevgrid/256.tif,MI-HDR_NatComm/03_corrected_HDR/empirical/01_carnicer/data/elevation/elevgrid/256.tif,canonical_and_optional,srtm_elevation,TIFF,32155,41d5c5f129b4210b9196913a35d93eca954ce75fb734bcd52fde30f4e47169a5,10.5281/zenodo.15438378,10.5281/zenodo.17207705,CC-BY-4.0,unchanged
data/external/pellett_valbuena_2025/03_corrected_HDR/empirical/01_carnicer/data/elevation/elevgrid/257.tif,MI-HDR_NatComm/03_corrected_HDR/empirical/01_carnicer/data/elevation/elevgrid/257.tif,canonical_and_optional,srtm_elevation,TIFF,31903,9aa652d6445128c6961f181e288069314634ff2e64b01d585284fdc51a37b468,10.5281/zenodo.15438378,10.5281/zenodo.17207705,CC-BY-4.0,unchanged
data/external/pellett_valbuena_2025/03_corrected_HDR/empirical/01_carnicer/data/elevation/elevgrid/258.tif,MI-HDR_NatComm/03_corrected_HDR/empirical/01_carnicer/data/elevation/elevgrid/258.tif,canonical_and_optional,srtm_elevation,TIFF,31903,7381e712bcbb11c670101a4851a76ee935ea30a093da69f2ccfb0a09563df993,10.5281/zenodo.15438378,10.5281/zenodo.17207705,CC-BY-4.0,unchanged
data/external/pellett_valbuena_2025/03_corrected_HDR/empirical/01_carnicer/data/elevation/elevgrid/259.tif,MI-HDR_NatComm/03_corrected_HDR/empirical/01_carnicer/data/elevation/elevgrid/259.tif,canonical_and_optional,srtm_elevation,TIFF,31903,0eb3481f5c14bb17e5a97fd32f9635bf39e2403762bf6c01326a8f8f677d4f89,10.5281/zenodo.15438378,10.5281/zenodo.17207705,CC-BY-4.0,unchanged
data/external/pellett_valbuena_2025/03_corrected_HDR/empirical/01_carnicer/data/elevation/elevgrid/26.tif,MI-HDR_NatComm/03_corrected_HDR/empirical/01_carnicer/data/elevation/elevgrid/26.tif,canonical_and_optional,srtm_elevation,TIFF,31653,352c4a5fb0ef2e1cc56583121dafd9ad1da309ded2d0c349c9f6bb396a13a712,10.5281/zenodo.15438378,10.5281/zenodo.17207705,CC-BY-4.0,unchanged
data/external/pellett_valbuena_2025/03_corrected_HDR/empirical/01_carnicer/data/elevation/elevgrid/260.tif,MI-HDR_NatComm/03_corrected_HDR/empirical/01_carnicer/data/elevation/elevgrid/260.tif,canonical_and_optional,srtm_elevation,TIFF,32155,03dc3cbb36a10cb64c73ceea0383b8f9d0bce7bf0ca89c6759c9e77844f03527,10.5281/zenodo.15438378,10.5281/zenodo.17207705,CC-BY-4.0,unchanged
data/external/pellett_valbuena_2025/03_corrected_HDR/empirical/01_carnicer/data/elevation/elevgrid/261.tif,MI-HDR_NatComm/03_corrected_HDR/empirical/01_carnicer/data/elevation/elevgrid/261.tif,canonical_and_optional,srtm_elevation,TIFF,31903,c5f11a7f29e9f6295ebf7dc89e6f9cacd2ed6d48fbd327019182091f4f71ef94,10.5281/zenodo.15438378,10.5281/zenodo.17207705,CC-BY-4.0,unchanged
data/external/pellett_valbuena_2025/03_corrected_HDR/empirical/01_carnicer/data/elevation/elevgrid/262.tif,MI-HDR_NatComm/03_corrected_HDR/empirical/01_carnicer/data/elevation/elevgrid/262.tif,canonical_and_optional,srtm_elevation,TIFF,31903,a8bd8f5b17d45a560d54f5951a186c65577103505e84b987747d844cf148c1df,10.5281/zenodo.15438378,10.5281/zenodo.17207705,CC-BY-4.0,unchanged
data/external/pellett_valbuena_2025/03_corrected_HDR/empirical/01_carnicer/data/elevation/elevgrid/263.tif,MI-HDR_NatComm/03_corrected_HDR/empirical/01_carnicer/data/elevation/elevgrid/263.tif,canonical_and_optional,srtm_elevation,TIFF,31653,6717150d717c98cda0b3722a50ee6af445b4d2355f6587cab26083249209b26b,10.5281/zenodo.15438378,10.5281/zenodo.17207705,CC-BY-4.0,unchanged
data/external/pellett_valbuena_2025/03_corrected_HDR/empirical/01_carnicer/data/elevation/elevgrid/264.tif,MI-HDR_NatComm/03_corrected_HDR/empirical/01_carnicer/data/elevation/elevgrid/264.tif,canonical_and_optional,srtm_elevation,TIFF,31653,5418d7e41e0076e33824a80f17984625e620fa9eb56464560482ca012c71ca30,10.5281/zenodo.15438378,10.5281/zenodo.17207705,CC-BY-4.0,unchanged
data/external/pellett_valbuena_2025/03_corrected_HDR/empirical/01_carnicer/data/elevation/elevgrid/265.tif,MI-HDR_NatComm/03_corrected_HDR/empirical/01_carnicer/data/elevation/elevgrid/265.tif,canonical_and_optional,srtm_elevation,TIFF,31903,adb00f64a5e00061b433d29950c3418b9d1fd3f75f4e4880eefe1f09473b1022,10.5281/zenodo.15438378,10.5281/zenodo.17207705,CC-BY-4.0,unchanged
data/external/pellett_valbuena_2025/03_corrected_HDR/empirical/01_carnicer/data/elevation/elevgrid/266.tif,MI-HDR_NatComm/03_corrected_HDR/empirical/01_carnicer/data/elevation/elevgrid/266.tif,canonical_and_optional,srtm_elevation,TIFF,31653,383d0e7b7bf2b8be135b042659a9b2bdf6ed2858c89c1bc6c1dc7720ffcf9d34,10.5281/zenodo.15438378,10.5281/zenodo.17207705,CC-BY-4.0,unchanged
data/external/pellett_valbuena_2025/03_corrected_HDR/empirical/01_carnicer/data/elevation/elevgrid/267.tif,MI-HDR_NatComm/03_corrected_HDR/empirical/01_carnicer/data/elevation/elevgrid/267.tif,canonical_and_optional,srtm_elevation,TIFF,31653,78e99f144aa52ea8be74f3f700f6d9935e5fea5d3e137e83ab7ae8baee427190,10.5281/zenodo.15438378,10.5281/zenodo.17207705,CC-BY-4.0,unchanged
data/external/pellett_valbuena_2025/03_corrected_HDR/empirical/01_carnicer/data/elevation/elevgrid/268.tif,MI-HDR_NatComm/03_corrected_HDR/empirical/01_carnicer/data/elevation/elevgrid/268.tif,canonical_and_optional,srtm_elevation,TIFF,31653,76182dff4b51cb59691b0607f7739650138cd2920dc2b7f25c0f2c2e99be2207,10.5281/zenodo.15438378,10.5281/zenodo.17207705,CC-BY-4.0,unchanged
data/external/pellett_valbuena_2025/03_corrected_HDR/empirical/01_carnicer/data/elevation/elevgrid/269.tif,MI-HDR_NatComm/03_corrected_HDR/empirical/01_carnicer/data/elevation/elevgrid/269.tif,canonical_and_optional,srtm_elevation,TIFF,31903,ff1e322d82ad0929593701bae15407a04ee254bd1aa49e81cd83366a8ad69f69,10.5281/zenodo.15438378,10.5281/zenodo.17207705,CC-BY-4.0,unchanged
data/external/pellett_valbuena_2025/03_corrected_HDR/empirical/01_carnicer/data/elevation/elevgrid/27.tif,MI-HDR_NatComm/03_corrected_HDR/empirical/01_carnicer/data/elevation/elevgrid/27.tif,canonical_and_optional,srtm_elevation,TIFF,31653,fe4dd2b03823d00a039c9afe31985d6956ea11db97cc0654b7111b364cce3e51,10.5281/zenodo.15438378,10.5281/zenodo.17207705,CC-BY-4.0,unchanged
data/external/pellett_valbuena_2025/03_corrected_HDR/empirical/01_carnicer/data/elevation/elevgrid/270.tif,MI-HDR_NatComm/03_corrected_HDR/empirical/01_carnicer/data/elevation/elevgrid/270.tif,canonical_and_optional,srtm_elevation,TIFF,31653,fae42d2842c1de469d5e4d4890019738db5253030aaf378e8717e1aa842e354e,10.5281/zenodo.15438378,10.5281/zenodo.17207705,CC-BY-4.0,unchanged
data/external/pellett_valbuena_2025/03_corrected_HDR/empirical/01_carnicer/data/elevation/elevgrid/271.tif,MI-HDR_NatComm/03_corrected_HDR/empirical/01_carnicer/data/elevation/elevgrid/271.tif,canonical_and_optional,srtm_elevation,TIFF,31653,7725a90540a57cd9903efe15966875ce3daefdf076cb17bb3c19ac79e800d3d8,10.5281/zenodo.15438378,10.5281/zenodo.17207705,CC-BY-4.0,unchanged
data/external/pellett_valbuena_2025/03_corrected_HDR/empirical/01_carnicer/data/elevation/elevgrid/272.tif,MI-HDR_NatComm/03_corrected_HDR/empirical/01_carnicer/data/elevation/elevgrid/272.tif,canonical_and_optional,srtm_elevation,TIFF,31653,8bcb10c9016326e58538353e6fdbcbbf33a5ea7d2d97ca24204b67a8aaa4aaf3,10.5281/zenodo.15438378,10.5281/zenodo.17207705,CC-BY-4.0,unchanged
data/external/pellett_valbuena_2025/03_corrected_HDR/empirical/01_carnicer/data/elevation/elevgrid/273.tif,MI-HDR_NatComm/03_corrected_HDR/empirical/01_carnicer/data/elevation/elevgrid/273.tif,canonical_and_optional,srtm_elevation,TIFF,31903,f2877e07415e6e7d3f15f06f969d76abe39f56dac8a794bb24d89ac64145d054,10.5281/zenodo.15438378,10.5281/zenodo.17207705,CC-BY-4.0,unchanged
data/external/pellett_valbuena_2025/03_corrected_HDR/empirical/01_carnicer/data/elevation/elevgrid/274.tif,MI-HDR_NatComm/03_corrected_HDR/empirical/01_carnicer/data/elevation/elevgrid/274.tif,canonical_and_optional,srtm_elevation,TIFF,31653,bc75b89bc2d200d430d0edc34597d94c7fceba5dce66687d9db9f596e652c6c9,10.5281/zenodo.15438378,10.5281/zenodo.17207705,CC-BY-4.0,unchanged
data/external/pellett_valbuena_2025/03_corrected_HDR/empirical/01_carnicer/data/elevation/elevgrid/275.tif,MI-HDR_NatComm/03_corrected_HDR/empirical/01_carnicer/data/elevation/elevgrid/275.tif,canonical_and_optional,srtm_elevation,TIFF,31653,b59da6532cfa449b38e28032ec1ac95b6783fb9df4a76b174d7f0089e6632fcd,10.5281/zenodo.15438378,10.5281/zenodo.17207705,CC-BY-4.0,unchanged
data/external/pellett_valbuena_2025/03_corrected_HDR/empirical/01_carnicer/data/elevation/elevgrid/276.tif,MI-HDR_NatComm/03_corrected_HDR/empirical/01_carnicer/data/elevation/elevgrid/276.tif,canonical_and_optional,srtm_elevation,TIFF,31653,1bedbecb7d2c6eecd16610442828ad8a723ba9c846d2df69355e57dcb268160d,10.5281/zenodo.15438378,10.5281/zenodo.17207705,CC-BY-4.0,unchanged
data/external/pellett_valbuena_2025/03_corrected_HDR/empirical/01_carnicer/data/elevation/elevgrid/277.tif,MI-HDR_NatComm/03_corrected_HDR/empirical/01_carnicer/data/elevation/elevgrid/277.tif,canonical_and_optional,srtm_elevation,TIFF,31903,36c574d211267b74a440eef4afaadddcc248c81da9996a0f08f82071afec7e1e,10.5281/zenodo.15438378,10.5281/zenodo.17207705,CC-BY-4.0,unchanged
data/external/pellett_valbuena_2025/03_corrected_HDR/empirical/01_carnicer/data/elevation/elevgrid/278.tif,MI-HDR_NatComm/03_corrected_HDR/empirical/01_carnicer/data/elevation/elevgrid/278.tif,canonical_and_optional,srtm_elevation,TIFF,31653,5f1517c5299870a127f682b6732e9c7e908a708d66d424c97dcb9d79d3c92181,10.5281/zenodo.15438378,10.5281/zenodo.17207705,CC-BY-4.0,unchanged
data/external/pellett_valbuena_2025/03_corrected_HDR/empirical/01_carnicer/data/elevation/elevgrid/279.tif,MI-HDR_NatComm/03_corrected_HDR/empirical/01_carnicer/data/elevation/elevgrid/279.tif,canonical_and_optional,srtm_elevation,TIFF,31653,e4ef3e23c6d988eca59beaa5e8e2982d4200258f7715348f0a4caa8b073f30ec,10.5281/zenodo.15438378,10.5281/zenodo.17207705,CC-BY-4.0,unchanged
data/external/pellett_valbuena_2025/03_corrected_HDR/empirical/01_carnicer/data/elevation/elevgrid/28.tif,MI-HDR_NatComm/03_corrected_HDR/empirical/01_carnicer/data/elevation/elevgrid/28.tif,canonical_and_optional,srtm_elevation,TIFF,31903,e7f9f92bafc1d5d1f5ecd09c36bcea75fcdac58e03e34255759ebbb4127f853e,10.5281/zenodo.15438378,10.5281/zenodo.17207705,CC-BY-4.0,unchanged
data/external/pellett_valbuena_2025/03_corrected_HDR/empirical/01_carnicer/data/elevation/elevgrid/280.tif,MI-HDR_NatComm/03_corrected_HDR/empirical/01_carnicer/data/elevation/elevgrid/280.tif,canonical_and_optional,srtm_elevation,TIFF,31653,3a1a0fc0cb7936f2dc0cd42714b1d912187ce864228cea8861b048d6273d0bb5,10.5281/zenodo.15438378,10.5281/zenodo.17207705,CC-BY-4.0,unchanged
data/external/pellett_valbuena_2025/03_corrected_HDR/empirical/01_carnicer/data/elevation/elevgrid/281.tif,MI-HDR_NatComm/03_corrected_HDR/empirical/01_carnicer/data/elevation/elevgrid/281.tif,canonical_and_optional,srtm_elevation,TIFF,31903,d410baee954468350350bf27fa531051b90a17037427b1d148c0514c1c26c2cf,10.5281/zenodo.15438378,10.5281/zenodo.17207705,CC-BY-4.0,unchanged
data/external/pellett_valbuena_2025/03_corrected_HDR/empirical/01_carnicer/data/elevation/elevgrid/282.tif,MI-HDR_NatComm/03_corrected_HDR/empirical/01_carnicer/data/elevation/elevgrid/282.tif,canonical_and_optional,srtm_elevation,TIFF,31653,1f95028f20859874297df6087c5369e8d0c10345628fd344540347358f0316fb,10.5281/zenodo.15438378,10.5281/zenodo.17207705,CC-BY-4.0,unchanged
data/external/pellett_valbuena_2025/03_corrected_HDR/empirical/01_carnicer/data/elevation/elevgrid/283.tif,MI-HDR_NatComm/03_corrected_HDR/empirical/01_carnicer/data/elevation/elevgrid/283.tif,canonical_and_optional,srtm_elevation,TIFF,31653,ff6ac815f3d307d1642291294111867b022a294b3882a10f60a0c84d2a15d825,10.5281/zenodo.15438378,10.5281/zenodo.17207705,CC-BY-4.0,unchanged
data/external/pellett_valbuena_2025/03_corrected_HDR/empirical/01_carnicer/data/elevation/elevgrid/284.tif,MI-HDR_NatComm/03_corrected_HDR/empirical/01_carnicer/data/elevation/elevgrid/284.tif,canonical_and_optional,srtm_elevation,TIFF,31903,63ffc7da699af2886a87d8b45f576c1b02cfb46e91a037ee636611d931ac822b,10.5281/zenodo.15438378,10.5281/zenodo.17207705,CC-BY-4.0,unchanged
data/external/pellett_valbuena_2025/03_corrected_HDR/empirical/01_carnicer/data/elevation/elevgrid/285.tif,MI-HDR_NatComm/03_corrected_HDR/empirical/01_carnicer/data/elevation/elevgrid/285.tif,canonical_and_optional,srtm_elevation,TIFF,31653,5b7760c06386cc7577e6037a0f3276ced4643afbdb8c4177e15556827d96498b,10.5281/zenodo.15438378,10.5281/zenodo.17207705,CC-BY-4.0,unchanged
data/external/pellett_valbuena_2025/03_corrected_HDR/empirical/01_carnicer/data/elevation/elevgrid/286.tif,MI-HDR_NatComm/03_corrected_HDR/empirical/01_carnicer/data/elevation/elevgrid/286.tif,canonical_and_optional,srtm_elevation,TIFF,31653,888eb578324fd6a7b62a367389e1ab955a7f4acb228a74e9f3f9f240533995d3,10.5281/zenodo.15438378,10.5281/zenodo.17207705,CC-BY-4.0,unchanged
data/external/pellett_valbuena_2025/03_corrected_HDR/empirical/01_carnicer/data/elevation/elevgrid/287.tif,MI-HDR_NatComm/03_corrected_HDR/empirical/01_carnicer/data/elevation/elevgrid/287.tif,canonical_and_optional,srtm_elevation,TIFF,31653,1388ffd92b8b10d276592d1db14270ba211f8c7524ff038f05653e58182a5eff,10.5281/zenodo.15438378,10.5281/zenodo.17207705,CC-BY-4.0,unchanged
data/external/pellett_valbuena_2025/03_corrected_HDR/empirical/01_carnicer/data/elevation/elevgrid/288.tif,MI-HDR_NatComm/03_corrected_HDR/empirical/01_carnicer/data/elevation/elevgrid/288.tif,canonical_and_optional,srtm_elevation,TIFF,31903,c49288326601c399cd82cab50a72c431d958dcd52223ea6b2926136afa9d547e,10.5281/zenodo.15438378,10.5281/zenodo.17207705,CC-BY-4.0,unchanged
data/external/pellett_valbuena_2025/03_corrected_HDR/empirical/01_carnicer/data/elevation/elevgrid/289.tif,MI-HDR_NatComm/03_corrected_HDR/empirical/01_carnicer/data/elevation/elevgrid/289.tif,canonical_and_optional,srtm_elevation,TIFF,31653,e8f2d1359bf33423b2382b8131b5fdda66e99f588036e55a17e4471b418e84d6,10.5281/zenodo.15438378,10.5281/zenodo.17207705,CC-BY-4.0,unchanged
data/external/pellett_valbuena_2025/03_corrected_HDR/empirical/01_carnicer/data/elevation/elevgrid/29.tif,MI-HDR_NatComm/03_corrected_HDR/empirical/01_carnicer/data/elevation/elevgrid/29.tif,canonical_and_optional,srtm_elevation,TIFF,31653,c07c3f251bf1ecfe6a5767e7c85199a1418503addf7c03efc98da23c2ea89c5d,10.5281/zenodo.15438378,10.5281/zenodo.17207705,CC-BY-4.0,unchanged
data/external/pellett_valbuena_2025/03_corrected_HDR/empirical/01_carnicer/data/elevation/elevgrid/290.tif,MI-HDR_NatComm/03_corrected_HDR/empirical/01_carnicer/data/elevation/elevgrid/290.tif,canonical_and_optional,srtm_elevation,TIFF,31653,5a0dff1cca73cb1fe533f789db08de215675e1f411ba9d3efead0108f1cdf1f7,10.5281/zenodo.15438378,10.5281/zenodo.17207705,CC-BY-4.0,unchanged
data/external/pellett_valbuena_2025/03_corrected_HDR/empirical/01_carnicer/data/elevation/elevgrid/291.tif,MI-HDR_NatComm/03_corrected_HDR/empirical/01_carnicer/data/elevation/elevgrid/291.tif,canonical_and_optional,srtm_elevation,TIFF,31653,878a29545851e6d762b286baa84e5f228e409cab3f7844914c1ed3bf01e46276,10.5281/zenodo.15438378,10.5281/zenodo.17207705,CC-BY-4.0,unchanged
data/external/pellett_valbuena_2025/03_corrected_HDR/empirical/01_carnicer/data/elevation/elevgrid/292.tif,MI-HDR_NatComm/03_corrected_HDR/empirical/01_carnicer/data/elevation/elevgrid/292.tif,canonical_and_optional,srtm_elevation,TIFF,31903,e42b939c2c841f3091a8a5b93b489d74a653c9bbc178cc3b19bf59a13a4c9b2c,10.5281/zenodo.15438378,10.5281/zenodo.17207705,CC-BY-4.0,unchanged
data/external/pellett_valbuena_2025/03_corrected_HDR/empirical/01_carnicer/data/elevation/elevgrid/293.tif,MI-HDR_NatComm/03_corrected_HDR/empirical/01_carnicer/data/elevation/elevgrid/293.tif,canonical_and_optional,srtm_elevation,TIFF,31653,4a2f290a9eed9f5f3bb497405e578fc09748c8facf611f8f5405e73df9639b8c,10.5281/zenodo.15438378,10.5281/zenodo.17207705,CC-BY-4.0,unchanged
data/external/pellett_valbuena_2025/03_corrected_HDR/empirical/01_carnicer/data/elevation/elevgrid/294.tif,MI-HDR_NatComm/03_corrected_HDR/empirical/01_carnicer/data/elevation/elevgrid/294.tif,canonical_and_optional,srtm_elevation,TIFF,31653,c216b113a8d7c45b9d3fd4ec10b7e4e02f5fff172fb4600f3d1d66362f373036,10.5281/zenodo.15438378,10.5281/zenodo.17207705,CC-BY-4.0,unchanged
data/external/pellett_valbuena_2025/03_corrected_HDR/empirical/01_carnicer/data/elevation/elevgrid/295.tif,MI-HDR_NatComm/03_corrected_HDR/empirical/01_carnicer/data/elevation/elevgrid/295.tif,canonical_and_optional,srtm_elevation,TIFF,31653,4cd17359507778fd79574e189c008534927d5a9af596b60a8c3eb49548b2e9e8,10.5281/zenodo.15438378,10.5281/zenodo.17207705,CC-BY-4.0,unchanged
data/external/pellett_valbuena_2025/03_corrected_HDR/empirical/01_carnicer/data/elevation/elevgrid/296.tif,MI-HDR_NatComm/03_corrected_HDR/empirical/01_carnicer/data/elevation/elevgrid/296.tif,canonical_and_optional,srtm_elevation,TIFF,31903,6b523c7f0eadf87e65a2b2f17df80a15a991b97940774dfd55c6d0be65745340,10.5281/zenodo.15438378,10.5281/zenodo.17207705,CC-BY-4.0,unchanged
data/external/pellett_valbuena_2025/03_corrected_HDR/empirical/01_carnicer/data/elevation/elevgrid/297.tif,MI-HDR_NatComm/03_corrected_HDR/empirical/01_carnicer/data/elevation/elevgrid/297.tif,canonical_and_optional,srtm_elevation,TIFF,31653,2b1d809c5b2b8a75b31415e8e014461f52ed1388f8876f84dfc339a094e2b06d,10.5281/zenodo.15438378,10.5281/zenodo.17207705,CC-BY-4.0,unchanged
data/external/pellett_valbuena_2025/03_corrected_HDR/empirical/01_carnicer/data/elevation/elevgrid/298.tif,MI-HDR_NatComm/03_corrected_HDR/empirical/01_carnicer/data/elevation/elevgrid/298.tif,canonical_and_optional,srtm_elevation,TIFF,31653,1db4694e13838c694b6819f5e37d17be1aca85d1062690e69dd27303df1c9ce6,10.5281/zenodo.15438378,10.5281/zenodo.17207705,CC-BY-4.0,unchanged
data/external/pellett_valbuena_2025/03_corrected_HDR/empirical/01_carnicer/data/elevation/elevgrid/299.tif,MI-HDR_NatComm/03_corrected_HDR/empirical/01_carnicer/data/elevation/elevgrid/299.tif,canonical_and_optional,srtm_elevation,TIFF,31653,9cbd89916d0db4bc73789f5ca51e00b025025bab4ac59ffbf485790d2866523f,10.5281/zenodo.15438378,10.5281/zenodo.17207705,CC-BY-4.0,unchanged
data/external/pellett_valbuena_2025/03_corrected_HDR/empirical/01_carnicer/data/elevation/elevgrid/3.tif,MI-HDR_NatComm/03_corrected_HDR/empirical/01_carnicer/data/elevation/elevgrid/3.tif,canonical_and_optional,srtm_elevation,TIFF,31903,13ee061faa1170b0a1e43089facca49284f4677bcd3462caadb6c97dcf8ce94d,10.5281/zenodo.15438378,10.5281/zenodo.17207705,CC-BY-4.0,unchanged
data/external/pellett_valbuena_2025/03_corrected_HDR/empirical/01_carnicer/data/elevation/elevgrid/30.tif,MI-HDR_NatComm/03_corrected_HDR/empirical/01_carnicer/data/elevation/elevgrid/30.tif,canonical_and_optional,srtm_elevation,TIFF,31653,38a9fcc23c6a517fa197c49e900fdd7b471d0b8968532086325a25ac81be0e18,10.5281/zenodo.15438378,10.5281/zenodo.17207705,CC-BY-4.0,unchanged
data/external/pellett_valbuena_2025/03_corrected_HDR/empirical/01_carnicer/data/elevation/elevgrid/300.tif,MI-HDR_NatComm/03_corrected_HDR/empirical/01_carnicer/data/elevation/elevgrid/300.tif,canonical_and_optional,srtm_elevation,TIFF,31653,389b9bfaccbd4bbd7a4fc359729b4208d353eb1842d6086f04311c82c904d22b,10.5281/zenodo.15438378,10.5281/zenodo.17207705,CC-BY-4.0,unchanged
data/external/pellett_valbuena_2025/03_corrected_HDR/empirical/01_carnicer/data/elevation/elevgrid/301.tif,MI-HDR_NatComm/03_corrected_HDR/empirical/01_carnicer/data/elevation/elevgrid/301.tif,canonical_and_optional,srtm_elevation,TIFF,31903,6e8738f857c9d7468a681ae7e84e2c9384dbb290e1d424cde57159d3f97de61c,10.5281/zenodo.15438378,10.5281/zenodo.17207705,CC-BY-4.0,unchanged
data/external/pellett_valbuena_2025/03_corrected_HDR/empirical/01_carnicer/data/elevation/elevgrid/302.tif,MI-HDR_NatComm/03_corrected_HDR/empirical/01_carnicer/data/elevation/elevgrid/302.tif,canonical_and_optional,srtm_elevation,TIFF,31653,c8660a1de4bb6a85fa584e9c388cff083e3268955f14bef76dcaf5a66d98da83,10.5281/zenodo.15438378,10.5281/zenodo.17207705,CC-BY-4.0,unchanged
data/external/pellett_valbuena_2025/03_corrected_HDR/empirical/01_carnicer/data/elevation/elevgrid/303.tif,MI-HDR_NatComm/03_corrected_HDR/empirical/01_carnicer/data/elevation/elevgrid/303.tif,canonical_and_optional,srtm_elevation,TIFF,31653,9c41996284ffd5422c9f0093af75a767adb1df4626829432c8a9ac39bdece10e,10.5281/zenodo.15438378,10.5281/zenodo.17207705,CC-BY-4.0,unchanged
data/external/pellett_valbuena_2025/03_corrected_HDR/empirical/01_carnicer/data/elevation/elevgrid/304.tif,MI-HDR_NatComm/03_corrected_HDR/empirical/01_carnicer/data/elevation/elevgrid/304.tif,canonical_and_optional,srtm_elevation,TIFF,31653,51a4aac9ad3ee08fcccca8b5f9cfa25ddf457690fa3f34c62d28e6d6f3b8083e,10.5281/zenodo.15438378,10.5281/zenodo.17207705,CC-BY-4.0,unchanged
data/external/pellett_valbuena_2025/03_corrected_HDR/empirical/01_carnicer/data/elevation/elevgrid/305.tif,MI-HDR_NatComm/03_corrected_HDR/empirical/01_carnicer/data/elevation/elevgrid/305.tif,canonical_and_optional,srtm_elevation,TIFF,31903,11c0898a3fc6200673f6e03a732fbcc7ca6e4b1ca3015f7ad17a47bb08ee6930,10.5281/zenodo.15438378,10.5281/zenodo.17207705,CC-BY-4.0,unchanged
data/external/pellett_valbuena_2025/03_corrected_HDR/empirical/01_carnicer/data/elevation/elevgrid/306.tif,MI-HDR_NatComm/03_corrected_HDR/empirical/01_carnicer/data/elevation/elevgrid/306.tif,canonical_and_optional,srtm_elevation,TIFF,31653,3c273aeaf21870f20d807966a452ec99e43d3c6b76b7ee67aced0846bb3392ba,10.5281/zenodo.15438378,10.5281/zenodo.17207705,CC-BY-4.0,unchanged
data/external/pellett_valbuena_2025/03_corrected_HDR/empirical/01_carnicer/data/elevation/elevgrid/307.tif,MI-HDR_NatComm/03_corrected_HDR/empirical/01_carnicer/data/elevation/elevgrid/307.tif,canonical_and_optional,srtm_elevation,TIFF,31653,bea77c4128805c253823dfd525f056d146c79ebcaff8407e2f4bb96a5b3eec7f,10.5281/zenodo.15438378,10.5281/zenodo.17207705,CC-BY-4.0,unchanged
data/external/pellett_valbuena_2025/03_corrected_HDR/empirical/01_carnicer/data/elevation/elevgrid/308.tif,MI-HDR_NatComm/03_corrected_HDR/empirical/01_carnicer/data/elevation/elevgrid/308.tif,canonical_and_optional,srtm_elevation,TIFF,31653,11d856f204b7a17a620236ae06a165e71cebd094f19cb734ea4ff7ce54fbd451,10.5281/zenodo.15438378,10.5281/zenodo.17207705,CC-BY-4.0,unchanged
data/external/pellett_valbuena_2025/03_corrected_HDR/empirical/01_carnicer/data/elevation/elevgrid/309.tif,MI-HDR_NatComm/03_corrected_HDR/empirical/01_carnicer/data/elevation/elevgrid/309.tif,canonical_and_optional,srtm_elevation,TIFF,31903,77412575dc364005563dc7605d3324e30913d1206261a5a0d092d3213bc8c075,10.5281/zenodo.15438378,10.5281/zenodo.17207705,CC-BY-4.0,unchanged
data/external/pellett_valbuena_2025/03_corrected_HDR/empirical/01_carnicer/data/elevation/elevgrid/31.tif,MI-HDR_NatComm/03_corrected_HDR/empirical/01_carnicer/data/elevation/elevgrid/31.tif,canonical_and_optional,srtm_elevation,TIFF,31653,8745a0bb2eaf569158697f7738b1c592306a0e7415b367084096ac02b19613f4,10.5281/zenodo.15438378,10.5281/zenodo.17207705,CC-BY-4.0,unchanged
data/external/pellett_valbuena_2025/03_corrected_HDR/empirical/01_carnicer/data/elevation/elevgrid/310.tif,MI-HDR_NatComm/03_corrected_HDR/empirical/01_carnicer/data/elevation/elevgrid/310.tif,canonical_and_optional,srtm_elevation,TIFF,31653,2ffc90aa26fa4ec9316731165f7623dae1d4a1081fc6a597cc01f6e9bac67af0,10.5281/zenodo.15438378,10.5281/zenodo.17207705,CC-BY-4.0,unchanged
data/external/pellett_valbuena_2025/03_corrected_HDR/empirical/01_carnicer/data/elevation/elevgrid/311.tif,MI-HDR_NatComm/03_corrected_HDR/empirical/01_carnicer/data/elevation/elevgrid/311.tif,canonical_and_optional,srtm_elevation,TIFF,31653,9a85b74a1d65f4171c860dbe930541eced745913fb01a53f0fd87e22121778a9,10.5281/zenodo.15438378,10.5281/zenodo.17207705,CC-BY-4.0,unchanged
data/external/pellett_valbuena_2025/03_corrected_HDR/empirical/01_carnicer/data/elevation/elevgrid/312.tif,MI-HDR_NatComm/03_corrected_HDR/empirical/01_carnicer/data/elevation/elevgrid/312.tif,canonical_and_optional,srtm_elevation,TIFF,31653,8ad696c75b0279a6736876c228e078477a735d0d00515f6519e454a3c5c64675,10.5281/zenodo.15438378,10.5281/zenodo.17207705,CC-BY-4.0,unchanged
data/external/pellett_valbuena_2025/03_corrected_HDR/empirical/01_carnicer/data/elevation/elevgrid/313.tif,MI-HDR_NatComm/03_corrected_HDR/empirical/01_carnicer/data/elevation/elevgrid/313.tif,canonical_and_optional,srtm_elevation,TIFF,31903,60a9444e269c220ab90fd3b38acc399509a0bada94fedab8fa046e2ed2dca338,10.5281/zenodo.15438378,10.5281/zenodo.17207705,CC-BY-4.0,unchanged
data/external/pellett_valbuena_2025/03_corrected_HDR/empirical/01_carnicer/data/elevation/elevgrid/314.tif,MI-HDR_NatComm/03_corrected_HDR/empirical/01_carnicer/data/elevation/elevgrid/314.tif,canonical_and_optional,srtm_elevation,TIFF,31653,0fc291d76636bc7986723db4106074fb724de733b736aaf95a305139ae693bcb,10.5281/zenodo.15438378,10.5281/zenodo.17207705,CC-BY-4.0,unchanged
data/external/pellett_valbuena_2025/03_corrected_HDR/empirical/01_carnicer/data/elevation/elevgrid/315.tif,MI-HDR_NatComm/03_corrected_HDR/empirical/01_carnicer/data/elevation/elevgrid/315.tif,canonical_and_optional,srtm_elevation,TIFF,31653,e811ab28b39a676aceb593a070ec8d2e7d4e0bc9028850ff464eff774ed2eaef,10.5281/zenodo.15438378,10.5281/zenodo.17207705,CC-BY-4.0,unchanged
data/external/pellett_valbuena_2025/03_corrected_HDR/empirical/01_carnicer/data/elevation/elevgrid/316.tif,MI-HDR_NatComm/03_corrected_HDR/empirical/01_carnicer/data/elevation/elevgrid/316.tif,canonical_and_optional,srtm_elevation,TIFF,31903,38ef6405dd97f60ae761b1d493ec8716cda173e0ff311ef8a3a3603253f97784,10.5281/zenodo.15438378,10.5281/zenodo.17207705,CC-BY-4.0,unchanged
data/external/pellett_valbuena_2025/03_corrected_HDR/empirical/01_carnicer/data/elevation/elevgrid/317.tif,MI-HDR_NatComm/03_corrected_HDR/empirical/01_carnicer/data/elevation/elevgrid/317.tif,canonical_and_optional,srtm_elevation,TIFF,31903,b13f2fa83246872df07e6afd7fb36f8bad76f2a8da616d508d59d2e9b8265578,10.5281/zenodo.15438378,10.5281/zenodo.17207705,CC-BY-4.0,unchanged
data/external/pellett_valbuena_2025/03_corrected_HDR/empirical/01_carnicer/data/elevation/elevgrid/318.tif,MI-HDR_NatComm/03_corrected_HDR/empirical/01_carnicer/data/elevation/elevgrid/318.tif,canonical_and_optional,srtm_elevation,TIFF,32155,54ad9b90ca2822fab9206f152585eb9d72cba68c621bf3bd2a26aeebc408034c,10.5281/zenodo.15438378,10.5281/zenodo.17207705,CC-BY-4.0,unchanged
data/external/pellett_valbuena_2025/03_corrected_HDR/empirical/01_carnicer/data/elevation/elevgrid/319.tif,MI-HDR_NatComm/03_corrected_HDR/empirical/01_carnicer/data/elevation/elevgrid/319.tif,canonical_and_optional,srtm_elevation,TIFF,31903,c4f1a44f674287b4da868d1f140c09853f0dc7ed5f8fa7795e9a068d2fbb22ef,10.5281/zenodo.15438378,10.5281/zenodo.17207705,CC-BY-4.0,unchanged
data/external/pellett_valbuena_2025/03_corrected_HDR/empirical/01_carnicer/data/elevation/elevgrid/32.tif,MI-HDR_NatComm/03_corrected_HDR/empirical/01_carnicer/data/elevation/elevgrid/32.tif,canonical_and_optional,srtm_elevation,TIFF,31903,0733c0ac1d2ff8ee06a22bfa3b3b981d3bddc640dedab28c8384f8113e49ebf5,10.5281/zenodo.15438378,10.5281/zenodo.17207705,CC-BY-4.0,unchanged
data/external/pellett_valbuena_2025/03_corrected_HDR/empirical/01_carnicer/data/elevation/elevgrid/320.tif,MI-HDR_NatComm/03_corrected_HDR/empirical/01_carnicer/data/elevation/elevgrid/320.tif,canonical_and_optional,srtm_elevation,TIFF,31903,8cff339c274c9b0a3816bb14c2bf270dfab3dc05434f0d3174a77a3aae3ff257,10.5281/zenodo.15438378,10.5281/zenodo.17207705,CC-BY-4.0,unchanged
data/external/pellett_valbuena_2025/03_corrected_HDR/empirical/01_carnicer/data/elevation/elevgrid/321.tif,MI-HDR_NatComm/03_corrected_HDR/empirical/01_carnicer/data/elevation/elevgrid/321.tif,canonical_and_optional,srtm_elevation,TIFF,31903,e9020d2afd4a5241bfc353a32eac5a2066897d9f00c37646b415e350cbebcdde,10.5281/zenodo.15438378,10.5281/zenodo.17207705,CC-BY-4.0,unchanged
data/external/pellett_valbuena_2025/03_corrected_HDR/empirical/01_carnicer/data/elevation/elevgrid/322.tif,MI-HDR_NatComm/03_corrected_HDR/empirical/01_carnicer/data/elevation/elevgrid/322.tif,canonical_and_optional,srtm_elevation,TIFF,32155,4808187580e786a99ed7dcd4340b8ef9de61fe3eb846570ea58295034aabf1a3,10.5281/zenodo.15438378,10.5281/zenodo.17207705,CC-BY-4.0,unchanged
data/external/pellett_valbuena_2025/03_corrected_HDR/empirical/01_carnicer/data/elevation/elevgrid/323.tif,MI-HDR_NatComm/03_corrected_HDR/empirical/01_carnicer/data/elevation/elevgrid/323.tif,canonical_and_optional,srtm_elevation,TIFF,31903,8792a5133e7394672d74ba4d39695ad42dd4b663d265d5fbea6cc607bebb482f,10.5281/zenodo.15438378,10.5281/zenodo.17207705,CC-BY-4.0,unchanged
data/external/pellett_valbuena_2025/03_corrected_HDR/empirical/01_carnicer/data/elevation/elevgrid/324.tif,MI-HDR_NatComm/03_corrected_HDR/empirical/01_carnicer/data/elevation/elevgrid/324.tif,canonical_and_optional,srtm_elevation,TIFF,31903,965882831596ef6151538d95ce14601f2e1ba3d9aa9418d778cf7cd17494dcc8,10.5281/zenodo.15438378,10.5281/zenodo.17207705,CC-BY-4.0,unchanged
data/external/pellett_valbuena_2025/03_corrected_HDR/empirical/01_carnicer/data/elevation/elevgrid/325.tif,MI-HDR_NatComm/03_corrected_HDR/empirical/01_carnicer/data/elevation/elevgrid/325.tif,canonical_and_optional,srtm_elevation,TIFF,31903,4fdd5bef4053a3a8fa98ed0e5ee9e3b5582e1f7cb28490d7d78cac9909e969a6,10.5281/zenodo.15438378,10.5281/zenodo.17207705,CC-BY-4.0,unchanged
data/external/pellett_valbuena_2025/03_corrected_HDR/empirical/01_carnicer/data/elevation/elevgrid/326.tif,MI-HDR_NatComm/03_corrected_HDR/empirical/01_carnicer/data/elevation/elevgrid/326.tif,canonical_and_optional,srtm_elevation,TIFF,32155,725c4f74cda73609ea02a47b809d9988b1b749723817d07ea521bccce62b9113,10.5281/zenodo.15438378,10.5281/zenodo.17207705,CC-BY-4.0,unchanged
data/external/pellett_valbuena_2025/03_corrected_HDR/empirical/01_carnicer/data/elevation/elevgrid/327.tif,MI-HDR_NatComm/03_corrected_HDR/empirical/01_carnicer/data/elevation/elevgrid/327.tif,canonical_and_optional,srtm_elevation,TIFF,31903,027a1661af70736054f971b5b3d9f5817de6cc9f84c816c6244ed53cbe415ba6,10.5281/zenodo.15438378,10.5281/zenodo.17207705,CC-BY-4.0,unchanged
data/external/pellett_valbuena_2025/03_corrected_HDR/empirical/01_carnicer/data/elevation/elevgrid/328.tif,MI-HDR_NatComm/03_corrected_HDR/empirical/01_carnicer/data/elevation/elevgrid/328.tif,canonical_and_optional,srtm_elevation,TIFF,31903,3441d7782d5bc2060e9783f9fa07c6f8b199f556967986f80a607c69c7be918a,10.5281/zenodo.15438378,10.5281/zenodo.17207705,CC-BY-4.0,unchanged
data/external/pellett_valbuena_2025/03_corrected_HDR/empirical/01_carnicer/data/elevation/elevgrid/329.tif,MI-HDR_NatComm/03_corrected_HDR/empirical/01_carnicer/data/elevation/elevgrid/329.tif,canonical_and_optional,srtm_elevation,TIFF,31903,72d72e0d737284a8095fcf3afc698ad4edc912482436811565d68fdaf78265fd,10.5281/zenodo.15438378,10.5281/zenodo.17207705,CC-BY-4.0,unchanged
data/external/pellett_valbuena_2025/03_corrected_HDR/empirical/01_carnicer/data/elevation/elevgrid/33.tif,MI-HDR_NatComm/03_corrected_HDR/empirical/01_carnicer/data/elevation/elevgrid/33.tif,canonical_and_optional,srtm_elevation,TIFF,31653,b259e5d12f09f44363337387bccd55da36c34ef961358e478c70c944bfc0fa20,10.5281/zenodo.15438378,10.5281/zenodo.17207705,CC-BY-4.0,unchanged
data/external/pellett_valbuena_2025/03_corrected_HDR/empirical/01_carnicer/data/elevation/elevgrid/330.tif,MI-HDR_NatComm/03_corrected_HDR/empirical/01_carnicer/data/elevation/elevgrid/330.tif,canonical_and_optional,srtm_elevation,TIFF,32155,7493d9f4f4b9e541c94eba037615efdeeb2e93200a72b0221fee80b0aa561908,10.5281/zenodo.15438378,10.5281/zenodo.17207705,CC-BY-4.0,unchanged
data/external/pellett_valbuena_2025/03_corrected_HDR/empirical/01_carnicer/data/elevation/elevgrid/331.tif,MI-HDR_NatComm/03_corrected_HDR/empirical/01_carnicer/data/elevation/elevgrid/331.tif,canonical_and_optional,srtm_elevation,TIFF,31903,7419727211ba6eb8dc9d49da60495dfdd27ffbd1e6304a1cdb0bc6e26bb1c9e9,10.5281/zenodo.15438378,10.5281/zenodo.17207705,CC-BY-4.0,unchanged
data/external/pellett_valbuena_2025/03_corrected_HDR/empirical/01_carnicer/data/elevation/elevgrid/332.tif,MI-HDR_NatComm/03_corrected_HDR/empirical/01_carnicer/data/elevation/elevgrid/332.tif,canonical_and_optional,srtm_elevation,TIFF,31653,103d8b11cee3ebe5cd1bfbe0cc535c617392af442da0d39205e2cfa8e1b0d71c,10.5281/zenodo.15438378,10.5281/zenodo.17207705,CC-BY-4.0,unchanged
data/external/pellett_valbuena_2025/03_corrected_HDR/empirical/01_carnicer/data/elevation/elevgrid/333.tif,MI-HDR_NatComm/03_corrected_HDR/empirical/01_carnicer/data/elevation/elevgrid/333.tif,canonical_and_optional,srtm_elevation,TIFF,31653,1610c0c928fd1a445c638cf8edf26f535b50e150afd591d38177bbd1adc5debc,10.5281/zenodo.15438378,10.5281/zenodo.17207705,CC-BY-4.0,unchanged
data/external/pellett_valbuena_2025/03_corrected_HDR/empirical/01_carnicer/data/elevation/elevgrid/334.tif,MI-HDR_NatComm/03_corrected_HDR/empirical/01_carnicer/data/elevation/elevgrid/334.tif,canonical_and_optional,srtm_elevation,TIFF,31653,776d1063cb3a1a529968b6dda6a12e150484e9b06efc92ebc8c5f0f5c94c84ab,10.5281/zenodo.15438378,10.5281/zenodo.17207705,CC-BY-4.0,unchanged
data/external/pellett_valbuena_2025/03_corrected_HDR/empirical/01_carnicer/data/elevation/elevgrid/335.tif,MI-HDR_NatComm/03_corrected_HDR/empirical/01_carnicer/data/elevation/elevgrid/335.tif,canonical_and_optional,srtm_elevation,TIFF,31903,ba12ae479bf16cb35c93b2d9137f3d0dfd0315f93bc23fcfdaf230e7100a6a1e,10.5281/zenodo.15438378,10.5281/zenodo.17207705,CC-BY-4.0,unchanged
data/external/pellett_valbuena_2025/03_corrected_HDR/empirical/01_carnicer/data/elevation/elevgrid/336.tif,MI-HDR_NatComm/03_corrected_HDR/empirical/01_carnicer/data/elevation/elevgrid/336.tif,canonical_and_optional,srtm_elevation,TIFF,31653,084fd4053302feacabf76afbbb77c66785773f38e6f47f2c8e0489f667a96964,10.5281/zenodo.15438378,10.5281/zenodo.17207705,CC-BY-4.0,unchanged
data/external/pellett_valbuena_2025/03_corrected_HDR/empirical/01_carnicer/data/elevation/elevgrid/337.tif,MI-HDR_NatComm/03_corrected_HDR/empirical/01_carnicer/data/elevation/elevgrid/337.tif,canonical_and_optional,srtm_elevation,TIFF,31653,1f0d786f494dba72b5d257ffe24ba067d61c9ce3d915620cebc4d3f9f31f3226,10.5281/zenodo.15438378,10.5281/zenodo.17207705,CC-BY-4.0,unchanged
data/external/pellett_valbuena_2025/03_corrected_HDR/empirical/01_carnicer/data/elevation/elevgrid/338.tif,MI-HDR_NatComm/03_corrected_HDR/empirical/01_carnicer/data/elevation/elevgrid/338.tif,canonical_and_optional,srtm_elevation,TIFF,31653,089274d357348009486040faab96751252fa687efdadea287d1b5c94cfa4d7cf,10.5281/zenodo.15438378,10.5281/zenodo.17207705,CC-BY-4.0,unchanged
data/external/pellett_valbuena_2025/03_corrected_HDR/empirical/01_carnicer/data/elevation/elevgrid/339.tif,MI-HDR_NatComm/03_corrected_HDR/empirical/01_carnicer/data/elevation/elevgrid/339.tif,canonical_and_optional,srtm_elevation,TIFF,31903,13c5c28dac6a95782643e2394bc4dd08eb5dab0a630695e7ca1ce2c501879c55,10.5281/zenodo.15438378,10.5281/zenodo.17207705,CC-BY-4.0,unchanged
data/external/pellett_valbuena_2025/03_corrected_HDR/empirical/01_carnicer/data/elevation/elevgrid/34.tif,MI-HDR_NatComm/03_corrected_HDR/empirical/01_carnicer/data/elevation/elevgrid/34.tif,canonical_and_optional,srtm_elevation,TIFF,31653,883dda3bfe1a5ceb2ecebcfd0a8d79e7b63dc22881b8056c2557eb91cccb35c5,10.5281/zenodo.15438378,10.5281/zenodo.17207705,CC-BY-4.0,unchanged
data/external/pellett_valbuena_2025/03_corrected_HDR/empirical/01_carnicer/data/elevation/elevgrid/340.tif,MI-HDR_NatComm/03_corrected_HDR/empirical/01_carnicer/data/elevation/elevgrid/340.tif,canonical_and_optional,srtm_elevation,TIFF,31653,c16b5021febfb17d05a8938f96aa79f2be3a6ee1a038d628cf73e67ed3d2df09,10.5281/zenodo.15438378,10.5281/zenodo.17207705,CC-BY-4.0,unchanged
data/external/pellett_valbuena_2025/03_corrected_HDR/empirical/01_carnicer/data/elevation/elevgrid/341.tif,MI-HDR_NatComm/03_corrected_HDR/empirical/01_carnicer/data/elevation/elevgrid/341.tif,canonical_and_optional,srtm_elevation,TIFF,31653,ac43abd2bfabf6a77bdfc398dd0bc042fd98560a03119fbb13bf2a0995de38fc,10.5281/zenodo.15438378,10.5281/zenodo.17207705,CC-BY-4.0,unchanged
data/external/pellett_valbuena_2025/03_corrected_HDR/empirical/01_carnicer/data/elevation/elevgrid/342.tif,MI-HDR_NatComm/03_corrected_HDR/empirical/01_carnicer/data/elevation/elevgrid/342.tif,canonical_and_optional,srtm_elevation,TIFF,31653,be4e8d3bcc681cb47ad63dd73cf9585e8806681dcd71c18e8e79e65b0a58e496,10.5281/zenodo.15438378,10.5281/zenodo.17207705,CC-BY-4.0,unchanged
data/external/pellett_valbuena_2025/03_corrected_HDR/empirical/01_carnicer/data/elevation/elevgrid/343.tif,MI-HDR_NatComm/03_corrected_HDR/empirical/01_carnicer/data/elevation/elevgrid/343.tif,canonical_and_optional,srtm_elevation,TIFF,31903,b21e3a0dc6de10f9f606a03e6d5e02c523f77f25d4a1ef93006ea3eb43b80d20,10.5281/zenodo.15438378,10.5281/zenodo.17207705,CC-BY-4.0,unchanged
data/external/pellett_valbuena_2025/03_corrected_HDR/empirical/01_carnicer/data/elevation/elevgrid/344.tif,MI-HDR_NatComm/03_corrected_HDR/empirical/01_carnicer/data/elevation/elevgrid/344.tif,canonical_and_optional,srtm_elevation,TIFF,31653,f07bbd32a8e54dc316b6b1008bd1506f5efb6c56c845213ce4059297d4ac21a0,10.5281/zenodo.15438378,10.5281/zenodo.17207705,CC-BY-4.0,unchanged
data/external/pellett_valbuena_2025/03_corrected_HDR/empirical/01_carnicer/data/elevation/elevgrid/345.tif,MI-HDR_NatComm/03_corrected_HDR/empirical/01_carnicer/data/elevation/elevgrid/345.tif,canonical_and_optional,srtm_elevation,TIFF,31653,7820174582555ab4f6935aff86d8c1c8ec70e13ab69352ddc1d7ba2a2734c562,10.5281/zenodo.15438378,10.5281/zenodo.17207705,CC-BY-4.0,unchanged
data/external/pellett_valbuena_2025/03_corrected_HDR/empirical/01_carnicer/data/elevation/elevgrid/346.tif,MI-HDR_NatComm/03_corrected_HDR/empirical/01_carnicer/data/elevation/elevgrid/346.tif,canonical_and_optional,srtm_elevation,TIFF,31653,bd8fd01133ada5dc1f92cdbfcdc58639b301c9cb853b84e7afa88e4b931b6d98,10.5281/zenodo.15438378,10.5281/zenodo.17207705,CC-BY-4.0,unchanged
data/external/pellett_valbuena_2025/03_corrected_HDR/empirical/01_carnicer/data/elevation/elevgrid/347.tif,MI-HDR_NatComm/03_corrected_HDR/empirical/01_carnicer/data/elevation/elevgrid/347.tif,canonical_and_optional,srtm_elevation,TIFF,31903,b5228737648ceebcc114da0ea57b74469748c5b1716f7b9bcbd00f63ab145c2f,10.5281/zenodo.15438378,10.5281/zenodo.17207705,CC-BY-4.0,unchanged
data/external/pellett_valbuena_2025/03_corrected_HDR/empirical/01_carnicer/data/elevation/elevgrid/348.tif,MI-HDR_NatComm/03_corrected_HDR/empirical/01_carnicer/data/elevation/elevgrid/348.tif,canonical_and_optional,srtm_elevation,TIFF,31653,84b2bbb206bc6273954c53761de059789fcf2dd5a5c1712526862282b620f1c1,10.5281/zenodo.15438378,10.5281/zenodo.17207705,CC-BY-4.0,unchanged
data/external/pellett_valbuena_2025/03_corrected_HDR/empirical/01_carnicer/data/elevation/elevgrid/349.tif,MI-HDR_NatComm/03_corrected_HDR/empirical/01_carnicer/data/elevation/elevgrid/349.tif,canonical_and_optional,srtm_elevation,TIFF,31653,52f1fc812829254f169cab304ddb0f721b19fc47a41edde94d03c495a190646d,10.5281/zenodo.15438378,10.5281/zenodo.17207705,CC-BY-4.0,unchanged
data/external/pellett_valbuena_2025/03_corrected_HDR/empirical/01_carnicer/data/elevation/elevgrid/35.tif,MI-HDR_NatComm/03_corrected_HDR/empirical/01_carnicer/data/elevation/elevgrid/35.tif,canonical_and_optional,srtm_elevation,TIFF,31653,aecf11f5100fe9d31f387ff3b0ecc8390ea710cbfe95900e6a0581fa9d276466,10.5281/zenodo.15438378,10.5281/zenodo.17207705,CC-BY-4.0,unchanged
data/external/pellett_valbuena_2025/03_corrected_HDR/empirical/01_carnicer/data/elevation/elevgrid/350.tif,MI-HDR_NatComm/03_corrected_HDR/empirical/01_carnicer/data/elevation/elevgrid/350.tif,canonical_and_optional,srtm_elevation,TIFF,31653,394b7506eeb13f1be4dca50791983aafcb6da5c6f5fa1b238938e29b2157ace9,10.5281/zenodo.15438378,10.5281/zenodo.17207705,CC-BY-4.0,unchanged
data/external/pellett_valbuena_2025/03_corrected_HDR/empirical/01_carnicer/data/elevation/elevgrid/351.tif,MI-HDR_NatComm/03_corrected_HDR/empirical/01_carnicer/data/elevation/elevgrid/351.tif,canonical_and_optional,srtm_elevation,TIFF,31903,f131b7351dd41fe085b483dd5bc5a50e2d7226f46a2df433a4593714b02d6108,10.5281/zenodo.15438378,10.5281/zenodo.17207705,CC-BY-4.0,unchanged
data/external/pellett_valbuena_2025/03_corrected_HDR/empirical/01_carnicer/data/elevation/elevgrid/352.tif,MI-HDR_NatComm/03_corrected_HDR/empirical/01_carnicer/data/elevation/elevgrid/352.tif,canonical_and_optional,srtm_elevation,TIFF,31653,5ae564311daad915dc93975c3229a65af683301ea56911fe34c043a7c0aec975,10.5281/zenodo.15438378,10.5281/zenodo.17207705,CC-BY-4.0,unchanged
data/external/pellett_valbuena_2025/03_corrected_HDR/empirical/01_carnicer/data/elevation/elevgrid/353.tif,MI-HDR_NatComm/03_corrected_HDR/empirical/01_carnicer/data/elevation/elevgrid/353.tif,canonical_and_optional,srtm_elevation,TIFF,31653,3344e5715617d79b491ef0bae69b04169a00cb49f64ffe45c1cb7f44fc51c6b2,10.5281/zenodo.15438378,10.5281/zenodo.17207705,CC-BY-4.0,unchanged
data/external/pellett_valbuena_2025/03_corrected_HDR/empirical/01_carnicer/data/elevation/elevgrid/354.tif,MI-HDR_NatComm/03_corrected_HDR/empirical/01_carnicer/data/elevation/elevgrid/354.tif,canonical_and_optional,srtm_elevation,TIFF,31653,2f700a54b0cb1e15ad4154959e0432817917a5e61fc1c7b5d31b4275151caa19,10.5281/zenodo.15438378,10.5281/zenodo.17207705,CC-BY-4.0,unchanged
data/external/pellett_valbuena_2025/03_corrected_HDR/empirical/01_carnicer/data/elevation/elevgrid/355.tif,MI-HDR_NatComm/03_corrected_HDR/empirical/01_carnicer/data/elevation/elevgrid/355.tif,canonical_and_optional,srtm_elevation,TIFF,31653,b3f685f895e9e1b8739b245aa6f641774f7ba9f08771ae615582a600905a7cd9,10.5281/zenodo.15438378,10.5281/zenodo.17207705,CC-BY-4.0,unchanged
data/external/pellett_valbuena_2025/03_corrected_HDR/empirical/01_carnicer/data/elevation/elevgrid/356.tif,MI-HDR_NatComm/03_corrected_HDR/empirical/01_carnicer/data/elevation/elevgrid/356.tif,canonical_and_optional,srtm_elevation,TIFF,31653,eceeec9e5b87c22e9cfbdbf4cc029b4d78bd458596f3aec9ee9a23f920659008,10.5281/zenodo.15438378,10.5281/zenodo.17207705,CC-BY-4.0,unchanged
data/external/pellett_valbuena_2025/03_corrected_HDR/empirical/01_carnicer/data/elevation/elevgrid/357.tif,MI-HDR_NatComm/03_corrected_HDR/empirical/01_carnicer/data/elevation/elevgrid/357.tif,canonical_and_optional,srtm_elevation,TIFF,31903,28645cbf16f565ab2a9ffe0ce7e2c9fcb8365631e3bf3015950877b5cbfb3ae6,10.5281/zenodo.15438378,10.5281/zenodo.17207705,CC-BY-4.0,unchanged
data/external/pellett_valbuena_2025/03_corrected_HDR/empirical/01_carnicer/data/elevation/elevgrid/358.tif,MI-HDR_NatComm/03_corrected_HDR/empirical/01_carnicer/data/elevation/elevgrid/358.tif,canonical_and_optional,srtm_elevation,TIFF,31653,e4ce371ba00dd871040ff1b6b572022bf5a1e44686d766ff1b6037240597062c,10.5281/zenodo.15438378,10.5281/zenodo.17207705,CC-BY-4.0,unchanged
data/external/pellett_valbuena_2025/03_corrected_HDR/empirical/01_carnicer/data/elevation/elevgrid/359.tif,MI-HDR_NatComm/03_corrected_HDR/empirical/01_carnicer/data/elevation/elevgrid/359.tif,canonical_and_optional,srtm_elevation,TIFF,31653,8efd62fc2936b11e955af7fd8d0b2a91a47e7c61604f9b7cbc7b4d2f7668c3b4,10.5281/zenodo.15438378,10.5281/zenodo.17207705,CC-BY-4.0,unchanged
data/external/pellett_valbuena_2025/03_corrected_HDR/empirical/01_carnicer/data/elevation/elevgrid/36.tif,MI-HDR_NatComm/03_corrected_HDR/empirical/01_carnicer/data/elevation/elevgrid/36.tif,canonical_and_optional,srtm_elevation,TIFF,31903,a5b450080ddc5d333e313688d233c83b5898eedcfdc65b6e6b4cc094ec63af3e,10.5281/zenodo.15438378,10.5281/zenodo.17207705,CC-BY-4.0,unchanged
data/external/pellett_valbuena_2025/03_corrected_HDR/empirical/01_carnicer/data/elevation/elevgrid/360.tif,MI-HDR_NatComm/03_corrected_HDR/empirical/01_carnicer/data/elevation/elevgrid/360.tif,canonical_and_optional,srtm_elevation,TIFF,31653,443277bdba8d35a6f3d930a9228e7bc635c63309ff2d8de750e49b8140b25601,10.5281/zenodo.15438378,10.5281/zenodo.17207705,CC-BY-4.0,unchanged
data/external/pellett_valbuena_2025/03_corrected_HDR/empirical/01_carnicer/data/elevation/elevgrid/361.tif,MI-HDR_NatComm/03_corrected_HDR/empirical/01_carnicer/data/elevation/elevgrid/361.tif,canonical_and_optional,srtm_elevation,TIFF,31903,91fe966559358a20401a4a969eb3bc30897c0498858fc73af490ef9e683bde79,10.5281/zenodo.15438378,10.5281/zenodo.17207705,CC-BY-4.0,unchanged
data/external/pellett_valbuena_2025/03_corrected_HDR/empirical/01_carnicer/data/elevation/elevgrid/362.tif,MI-HDR_NatComm/03_corrected_HDR/empirical/01_carnicer/data/elevation/elevgrid/362.tif,canonical_and_optional,srtm_elevation,TIFF,31903,0b319bca00a44deb087f4b507a4b36a16fa0be59cfb6fd3bdbb8f556bbb939da,10.5281/zenodo.15438378,10.5281/zenodo.17207705,CC-BY-4.0,unchanged
data/external/pellett_valbuena_2025/03_corrected_HDR/empirical/01_carnicer/data/elevation/elevgrid/363.tif,MI-HDR_NatComm/03_corrected_HDR/empirical/01_carnicer/data/elevation/elevgrid/363.tif,canonical_and_optional,srtm_elevation,TIFF,31903,13d06b391c9f4ad6b1770774d318ba2c2d1ed933bb44ca3e110714f19494b002,10.5281/zenodo.15438378,10.5281/zenodo.17207705,CC-BY-4.0,unchanged
data/external/pellett_valbuena_2025/03_corrected_HDR/empirical/01_carnicer/data/elevation/elevgrid/364.tif,MI-HDR_NatComm/03_corrected_HDR/empirical/01_carnicer/data/elevation/elevgrid/364.tif,canonical_and_optional,srtm_elevation,TIFF,32155,e32662aa15cf7b69b377f20c6db5e0ef9c397b8e3e7f2646d3ef35cbeff286fd,10.5281/zenodo.15438378,10.5281/zenodo.17207705,CC-BY-4.0,unchanged
data/external/pellett_valbuena_2025/03_corrected_HDR/empirical/01_carnicer/data/elevation/elevgrid/365.tif,MI-HDR_NatComm/03_corrected_HDR/empirical/01_carnicer/data/elevation/elevgrid/365.tif,canonical_and_optional,srtm_elevation,TIFF,31903,46fa2e40eb060bbbb4f2bd42caa07280f9875f6049e0525e0b641f749a41911a,10.5281/zenodo.15438378,10.5281/zenodo.17207705,CC-BY-4.0,unchanged
data/external/pellett_valbuena_2025/03_corrected_HDR/empirical/01_carnicer/data/elevation/elevgrid/366.tif,MI-HDR_NatComm/03_corrected_HDR/empirical/01_carnicer/data/elevation/elevgrid/366.tif,canonical_and_optional,srtm_elevation,TIFF,31903,bd62f63a3ef9cdcd277c003ef2822edee0b585797b003bf3115c9472c0c8aba1,10.5281/zenodo.15438378,10.5281/zenodo.17207705,CC-BY-4.0,unchanged
data/external/pellett_valbuena_2025/03_corrected_HDR/empirical/01_carnicer/data/elevation/elevgrid/367.tif,MI-HDR_NatComm/03_corrected_HDR/empirical/01_carnicer/data/elevation/elevgrid/367.tif,canonical_and_optional,srtm_elevation,TIFF,31653,8f9c8331b804bf70d55fff11d64247adcbd4df1f7644376bf25bfd2fbf8ff2e2,10.5281/zenodo.15438378,10.5281/zenodo.17207705,CC-BY-4.0,unchanged
data/external/pellett_valbuena_2025/03_corrected_HDR/empirical/01_carnicer/data/elevation/elevgrid/368.tif,MI-HDR_NatComm/03_corrected_HDR/empirical/01_carnicer/data/elevation/elevgrid/368.tif,canonical_and_optional,srtm_elevation,TIFF,31653,52bf3973bfc76a8915a2102081209ae152f1e35fecf8898e78760d7920a15133,10.5281/zenodo.15438378,10.5281/zenodo.17207705,CC-BY-4.0,unchanged
data/external/pellett_valbuena_2025/03_corrected_HDR/empirical/01_carnicer/data/elevation/elevgrid/369.tif,MI-HDR_NatComm/03_corrected_HDR/empirical/01_carnicer/data/elevation/elevgrid/369.tif,canonical_and_optional,srtm_elevation,TIFF,31653,28718f74e1eae5f5d01f3a30bd85dec8aef54582147b479980466e33556a1fa4,10.5281/zenodo.15438378,10.5281/zenodo.17207705,CC-BY-4.0,unchanged
data/external/pellett_valbuena_2025/03_corrected_HDR/empirical/01_carnicer/data/elevation/elevgrid/37.tif,MI-HDR_NatComm/03_corrected_HDR/empirical/01_carnicer/data/elevation/elevgrid/37.tif,canonical_and_optional,srtm_elevation,TIFF,31653,c094f0c060f8893cb49384d157a8194aafc45935955b7723e11433c6e35bb1f4,10.5281/zenodo.15438378,10.5281/zenodo.17207705,CC-BY-4.0,unchanged
data/external/pellett_valbuena_2025/03_corrected_HDR/empirical/01_carnicer/data/elevation/elevgrid/370.tif,MI-HDR_NatComm/03_corrected_HDR/empirical/01_carnicer/data/elevation/elevgrid/370.tif,canonical_and_optional,srtm_elevation,TIFF,31903,b5e23c8df5e1f92a0011db47187dbcde9e06068441d06897f12ade025f395946,10.5281/zenodo.15438378,10.5281/zenodo.17207705,CC-BY-4.0,unchanged
data/external/pellett_valbuena_2025/03_corrected_HDR/empirical/01_carnicer/data/elevation/elevgrid/371.tif,MI-HDR_NatComm/03_corrected_HDR/empirical/01_carnicer/data/elevation/elevgrid/371.tif,canonical_and_optional,srtm_elevation,TIFF,31653,ac29d529bae2d196d1fab97064c6ad6e667b5d9f3ef0c8808e933e35bf0e028a,10.5281/zenodo.15438378,10.5281/zenodo.17207705,CC-BY-4.0,unchanged
data/external/pellett_valbuena_2025/03_corrected_HDR/empirical/01_carnicer/data/elevation/elevgrid/372.tif,MI-HDR_NatComm/03_corrected_HDR/empirical/01_carnicer/data/elevation/elevgrid/372.tif,canonical_and_optional,srtm_elevation,TIFF,31653,a184759bfb12a8683d9dce126e45e7589207ffccd4aa38a6798bf9cd5cbb2d4c,10.5281/zenodo.15438378,10.5281/zenodo.17207705,CC-BY-4.0,unchanged
data/external/pellett_valbuena_2025/03_corrected_HDR/empirical/01_carnicer/data/elevation/elevgrid/373.tif,MI-HDR_NatComm/03_corrected_HDR/empirical/01_carnicer/data/elevation/elevgrid/373.tif,canonical_and_optional,srtm_elevation,TIFF,31653,656f2392251c311802156c02e984226cfa6b707711bbfde99474883bfd194d15,10.5281/zenodo.15438378,10.5281/zenodo.17207705,CC-BY-4.0,unchanged
data/external/pellett_valbuena_2025/03_corrected_HDR/empirical/01_carnicer/data/elevation/elevgrid/374.tif,MI-HDR_NatComm/03_corrected_HDR/empirical/01_carnicer/data/elevation/elevgrid/374.tif,canonical_and_optional,srtm_elevation,TIFF,31653,9d0593594911bcc4ce628bba9368eecdb791cc1cbc8c4c1273d7ef5a0a8a636e,10.5281/zenodo.15438378,10.5281/zenodo.17207705,CC-BY-4.0,unchanged
data/external/pellett_valbuena_2025/03_corrected_HDR/empirical/01_carnicer/data/elevation/elevgrid/375.tif,MI-HDR_NatComm/03_corrected_HDR/empirical/01_carnicer/data/elevation/elevgrid/375.tif,canonical_and_optional,srtm_elevation,TIFF,31653,f3be4e54e90bed4c8c437634338fda55fe3964339f5b6083d5e602739e8b3a82,10.5281/zenodo.15438378,10.5281/zenodo.17207705,CC-BY-4.0,unchanged
data/external/pellett_valbuena_2025/03_corrected_HDR/empirical/01_carnicer/data/elevation/elevgrid/376.tif,MI-HDR_NatComm/03_corrected_HDR/empirical/01_carnicer/data/elevation/elevgrid/376.tif,canonical_and_optional,srtm_elevation,TIFF,31653,bc15d6172513126b1259e437304f1f41754cc558c3754457f3c7150840a2ba21,10.5281/zenodo.15438378,10.5281/zenodo.17207705,CC-BY-4.0,unchanged
data/external/pellett_valbuena_2025/03_corrected_HDR/empirical/01_carnicer/data/elevation/elevgrid/377.tif,MI-HDR_NatComm/03_corrected_HDR/empirical/01_carnicer/data/elevation/elevgrid/377.tif,canonical_and_optional,srtm_elevation,TIFF,31903,acf57fcdfb9d4f3efd65c5c7fb2b238eade3846a21a7ab79308d0000ac0f7991,10.5281/zenodo.15438378,10.5281/zenodo.17207705,CC-BY-4.0,unchanged
data/external/pellett_valbuena_2025/03_corrected_HDR/empirical/01_carnicer/data/elevation/elevgrid/378.tif,MI-HDR_NatComm/03_corrected_HDR/empirical/01_carnicer/data/elevation/elevgrid/378.tif,canonical_and_optional,srtm_elevation,TIFF,31653,a9acd6a5706c85005a18b5a1e6061109793e4571d58b1a91c3617929b3533339,10.5281/zenodo.15438378,10.5281/zenodo.17207705,CC-BY-4.0,unchanged
data/external/pellett_valbuena_2025/03_corrected_HDR/empirical/01_carnicer/data/elevation/elevgrid/379.tif,MI-HDR_NatComm/03_corrected_HDR/empirical/01_carnicer/data/elevation/elevgrid/379.tif,canonical_and_optional,srtm_elevation,TIFF,31653,479a962857be8788f64c0083936d596c7265132d57f991817f35b59eeedb5747,10.5281/zenodo.15438378,10.5281/zenodo.17207705,CC-BY-4.0,unchanged
data/external/pellett_valbuena_2025/03_corrected_HDR/empirical/01_carnicer/data/elevation/elevgrid/38.tif,MI-HDR_NatComm/03_corrected_HDR/empirical/01_carnicer/data/elevation/elevgrid/38.tif,canonical_and_optional,srtm_elevation,TIFF,31903,524ad32574649fc5b2414fd3dd7136917657bb23764117d72b0402e4394f5bbf,10.5281/zenodo.15438378,10.5281/zenodo.17207705,CC-BY-4.0,unchanged
data/external/pellett_valbuena_2025/03_corrected_HDR/empirical/01_carnicer/data/elevation/elevgrid/380.tif,MI-HDR_NatComm/03_corrected_HDR/empirical/01_carnicer/data/elevation/elevgrid/380.tif,canonical_and_optional,srtm_elevation,TIFF,31653,621f48c01038ce2dbd001b7443f2190f5b53d4b1e9f699756826c32712a7c785,10.5281/zenodo.15438378,10.5281/zenodo.17207705,CC-BY-4.0,unchanged
data/external/pellett_valbuena_2025/03_corrected_HDR/empirical/01_carnicer/data/elevation/elevgrid/381.tif,MI-HDR_NatComm/03_corrected_HDR/empirical/01_carnicer/data/elevation/elevgrid/381.tif,canonical_and_optional,srtm_elevation,TIFF,31653,0c5f0ad26e3c51f0ecbac021a61e26aa4c6ffdf6961f5fc0468c4973dfac8afd,10.5281/zenodo.15438378,10.5281/zenodo.17207705,CC-BY-4.0,unchanged
data/external/pellett_valbuena_2025/03_corrected_HDR/empirical/01_carnicer/data/elevation/elevgrid/382.tif,MI-HDR_NatComm/03_corrected_HDR/empirical/01_carnicer/data/elevation/elevgrid/382.tif,canonical_and_optional,srtm_elevation,TIFF,31653,e4038398c9c59f600159c032ee317936e92a0d7b5bc38fcef51f92f05e76526b,10.5281/zenodo.15438378,10.5281/zenodo.17207705,CC-BY-4.0,unchanged
data/external/pellett_valbuena_2025/03_corrected_HDR/empirical/01_carnicer/data/elevation/elevgrid/383.tif,MI-HDR_NatComm/03_corrected_HDR/empirical/01_carnicer/data/elevation/elevgrid/383.tif,canonical_and_optional,srtm_elevation,TIFF,31903,b354aafab7228f1b6edade0bf154d23773768daad1371cfd867f6ec2334322ec,10.5281/zenodo.15438378,10.5281/zenodo.17207705,CC-BY-4.0,unchanged
data/external/pellett_valbuena_2025/03_corrected_HDR/empirical/01_carnicer/data/elevation/elevgrid/384.tif,MI-HDR_NatComm/03_corrected_HDR/empirical/01_carnicer/data/elevation/elevgrid/384.tif,canonical_and_optional,srtm_elevation,TIFF,31653,1b2840462af39241772e585a01ad4afe6bd230b71417f98b953289518089dd2b,10.5281/zenodo.15438378,10.5281/zenodo.17207705,CC-BY-4.0,unchanged
data/external/pellett_valbuena_2025/03_corrected_HDR/empirical/01_carnicer/data/elevation/elevgrid/385.tif,MI-HDR_NatComm/03_corrected_HDR/empirical/01_carnicer/data/elevation/elevgrid/385.tif,canonical_and_optional,srtm_elevation,TIFF,31903,cb6bf9ad4207913f763c44ae407535ca653c43033b7f1f589fcdb8572011fd8f,10.5281/zenodo.15438378,10.5281/zenodo.17207705,CC-BY-4.0,unchanged
data/external/pellett_valbuena_2025/03_corrected_HDR/empirical/01_carnicer/data/elevation/elevgrid/39.tif,MI-HDR_NatComm/03_corrected_HDR/empirical/01_carnicer/data/elevation/elevgrid/39.tif,canonical_and_optional,srtm_elevation,TIFF,31653,8ea5608b65a8b6d9d2d02a908cdc31be719e366ea14ed336d001351f48b6b227,10.5281/zenodo.15438378,10.5281/zenodo.17207705,CC-BY-4.0,unchanged
data/external/pellett_valbuena_2025/03_corrected_HDR/empirical/01_carnicer/data/elevation/elevgrid/4.tif,MI-HDR_NatComm/03_corrected_HDR/empirical/01_carnicer/data/elevation/elevgrid/4.tif,canonical_and_optional,srtm_elevation,TIFF,31903,cc64b3ea2cc8015a046f620ee9965230a34ef06290c47cfc6089e936f4ffe950,10.5281/zenodo.15438378,10.5281/zenodo.17207705,CC-BY-4.0,unchanged
data/external/pellett_valbuena_2025/03_corrected_HDR/empirical/01_carnicer/data/elevation/elevgrid/40.tif,MI-HDR_NatComm/03_corrected_HDR/empirical/01_carnicer/data/elevation/elevgrid/40.tif,canonical_and_optional,srtm_elevation,TIFF,31903,f502f0c075e77cafcd051acdf3e02a86833569d7679ecd2e24a43f5d981dae98,10.5281/zenodo.15438378,10.5281/zenodo.17207705,CC-BY-4.0,unchanged
data/external/pellett_valbuena_2025/03_corrected_HDR/empirical/01_carnicer/data/elevation/elevgrid/41.tif,MI-HDR_NatComm/03_corrected_HDR/empirical/01_carnicer/data/elevation/elevgrid/41.tif,canonical_and_optional,srtm_elevation,TIFF,31903,76f2884f2ca11548a193f6c754eb255464d5972c0b14cf1f11eee24b4f60a0c6,10.5281/zenodo.15438378,10.5281/zenodo.17207705,CC-BY-4.0,unchanged
data/external/pellett_valbuena_2025/03_corrected_HDR/empirical/01_carnicer/data/elevation/elevgrid/42.tif,MI-HDR_NatComm/03_corrected_HDR/empirical/01_carnicer/data/elevation/elevgrid/42.tif,canonical_and_optional,srtm_elevation,TIFF,32155,192f84bf588980977cc5986c7fb0a27d587ef65ad05b1d05aaf8262132a85202,10.5281/zenodo.15438378,10.5281/zenodo.17207705,CC-BY-4.0,unchanged
data/external/pellett_valbuena_2025/03_corrected_HDR/empirical/01_carnicer/data/elevation/elevgrid/43.tif,MI-HDR_NatComm/03_corrected_HDR/empirical/01_carnicer/data/elevation/elevgrid/43.tif,canonical_and_optional,srtm_elevation,TIFF,31903,401b20851f4c977aa957852e1e2924ac4572b4a15072302bfbb35430cb70c656,10.5281/zenodo.15438378,10.5281/zenodo.17207705,CC-BY-4.0,unchanged
data/external/pellett_valbuena_2025/03_corrected_HDR/empirical/01_carnicer/data/elevation/elevgrid/44.tif,MI-HDR_NatComm/03_corrected_HDR/empirical/01_carnicer/data/elevation/elevgrid/44.tif,canonical_and_optional,srtm_elevation,TIFF,31903,c110c4936954fd6b0ce916665be19ea5322f8cfedfbc30cf1d463ea49ea623bc,10.5281/zenodo.15438378,10.5281/zenodo.17207705,CC-BY-4.0,unchanged
data/external/pellett_valbuena_2025/03_corrected_HDR/empirical/01_carnicer/data/elevation/elevgrid/45.tif,MI-HDR_NatComm/03_corrected_HDR/empirical/01_carnicer/data/elevation/elevgrid/45.tif,canonical_and_optional,srtm_elevation,TIFF,31903,bc5b585e48ee14cd88f7554b6341fa7693a6a90ff5ed01b0107d91962e829b74,10.5281/zenodo.15438378,10.5281/zenodo.17207705,CC-BY-4.0,unchanged
data/external/pellett_valbuena_2025/03_corrected_HDR/empirical/01_carnicer/data/elevation/elevgrid/46.tif,MI-HDR_NatComm/03_corrected_HDR/empirical/01_carnicer/data/elevation/elevgrid/46.tif,canonical_and_optional,srtm_elevation,TIFF,32155,dab5be101813961908499e4504e58e3c4d6cec15e2f7920227640afef6af16a3,10.5281/zenodo.15438378,10.5281/zenodo.17207705,CC-BY-4.0,unchanged
data/external/pellett_valbuena_2025/03_corrected_HDR/empirical/01_carnicer/data/elevation/elevgrid/47.tif,MI-HDR_NatComm/03_corrected_HDR/empirical/01_carnicer/data/elevation/elevgrid/47.tif,canonical_and_optional,srtm_elevation,TIFF,31903,e7bb33c318d246eaaae06bd36f893d0673b9e63e2ab8a924d5df999a685cc47f,10.5281/zenodo.15438378,10.5281/zenodo.17207705,CC-BY-4.0,unchanged
data/external/pellett_valbuena_2025/03_corrected_HDR/empirical/01_carnicer/data/elevation/elevgrid/48.tif,MI-HDR_NatComm/03_corrected_HDR/empirical/01_carnicer/data/elevation/elevgrid/48.tif,canonical_and_optional,srtm_elevation,TIFF,31903,0f5e08485ce61bcddcb185029efc1311d4826bab8544fe4c2a8d9c4b154939a2,10.5281/zenodo.15438378,10.5281/zenodo.17207705,CC-BY-4.0,unchanged
data/external/pellett_valbuena_2025/03_corrected_HDR/empirical/01_carnicer/data/elevation/elevgrid/49.tif,MI-HDR_NatComm/03_corrected_HDR/empirical/01_carnicer/data/elevation/elevgrid/49.tif,canonical_and_optional,srtm_elevation,TIFF,31903,f80070c4a6d925393d9e4f55a79c3a283d26afcbe6afbaee75fa5b73b463a47b,10.5281/zenodo.15438378,10.5281/zenodo.17207705,CC-BY-4.0,unchanged
data/external/pellett_valbuena_2025/03_corrected_HDR/empirical/01_carnicer/data/elevation/elevgrid/5.tif,MI-HDR_NatComm/03_corrected_HDR/empirical/01_carnicer/data/elevation/elevgrid/5.tif,canonical_and_optional,srtm_elevation,TIFF,31903,add04fb23549d637377e91a3b8ed312dcbad7f1d572e24f83438ceaeec6ef433,10.5281/zenodo.15438378,10.5281/zenodo.17207705,CC-BY-4.0,unchanged
data/external/pellett_valbuena_2025/03_corrected_HDR/empirical/01_carnicer/data/elevation/elevgrid/50.tif,MI-HDR_NatComm/03_corrected_HDR/empirical/01_carnicer/data/elevation/elevgrid/50.tif,canonical_and_optional,srtm_elevation,TIFF,32155,cf1a638f41e4a4e48e5f755794c5098461bb62af6d237349c392a37bb634efeb,10.5281/zenodo.15438378,10.5281/zenodo.17207705,CC-BY-4.0,unchanged
data/external/pellett_valbuena_2025/03_corrected_HDR/empirical/01_carnicer/data/elevation/elevgrid/51.tif,MI-HDR_NatComm/03_corrected_HDR/empirical/01_carnicer/data/elevation/elevgrid/51.tif,canonical_and_optional,srtm_elevation,TIFF,31903,9d92ca78947a019d73a0cf08a1b7ce17a6fa12c8cb7ace4d789788fb379e87c9,10.5281/zenodo.15438378,10.5281/zenodo.17207705,CC-BY-4.0,unchanged
data/external/pellett_valbuena_2025/03_corrected_HDR/empirical/01_carnicer/data/elevation/elevgrid/52.tif,MI-HDR_NatComm/03_corrected_HDR/empirical/01_carnicer/data/elevation/elevgrid/52.tif,canonical_and_optional,srtm_elevation,TIFF,31903,3f12b0e9acc206ca7d561bc5a9c6531449bf90666f7b36546b8f1b774ab97c3f,10.5281/zenodo.15438378,10.5281/zenodo.17207705,CC-BY-4.0,unchanged
data/external/pellett_valbuena_2025/03_corrected_HDR/empirical/01_carnicer/data/elevation/elevgrid/53.tif,MI-HDR_NatComm/03_corrected_HDR/empirical/01_carnicer/data/elevation/elevgrid/53.tif,canonical_and_optional,srtm_elevation,TIFF,31903,82bd7a3c2a323d01e5bfe0510078ca142d127297ebcd9de96ee574ce3b40dc2f,10.5281/zenodo.15438378,10.5281/zenodo.17207705,CC-BY-4.0,unchanged
data/external/pellett_valbuena_2025/03_corrected_HDR/empirical/01_carnicer/data/elevation/elevgrid/54.tif,MI-HDR_NatComm/03_corrected_HDR/empirical/01_carnicer/data/elevation/elevgrid/54.tif,canonical_and_optional,srtm_elevation,TIFF,32155,e17185d063d310a28e8aff67468881c343c4ed100d96f5070aeffebc638a231c,10.5281/zenodo.15438378,10.5281/zenodo.17207705,CC-BY-4.0,unchanged
data/external/pellett_valbuena_2025/03_corrected_HDR/empirical/01_carnicer/data/elevation/elevgrid/55.tif,MI-HDR_NatComm/03_corrected_HDR/empirical/01_carnicer/data/elevation/elevgrid/55.tif,canonical_and_optional,srtm_elevation,TIFF,31903,cd2a897d7ff85bab6048d0a9b502413ddf8b5a018cfa7c74e2bc81f94a492f2c,10.5281/zenodo.15438378,10.5281/zenodo.17207705,CC-BY-4.0,unchanged
data/external/pellett_valbuena_2025/03_corrected_HDR/empirical/01_carnicer/data/elevation/elevgrid/56.tif,MI-HDR_NatComm/03_corrected_HDR/empirical/01_carnicer/data/elevation/elevgrid/56.tif,canonical_and_optional,srtm_elevation,TIFF,31903,45dfd7506f3f0509fae376d87890c4e48701a814615b99f416618a1578c594c6,10.5281/zenodo.15438378,10.5281/zenodo.17207705,CC-BY-4.0,unchanged
data/external/pellett_valbuena_2025/03_corrected_HDR/empirical/01_carnicer/data/elevation/elevgrid/57.tif,MI-HDR_NatComm/03_corrected_HDR/empirical/01_carnicer/data/elevation/elevgrid/57.tif,canonical_and_optional,srtm_elevation,TIFF,32155,b1e2625c55e9a29877fe018cacad7284379aae5e129114298f2e892804b146f8,10.5281/zenodo.15438378,10.5281/zenodo.17207705,CC-BY-4.0,unchanged
data/external/pellett_valbuena_2025/03_corrected_HDR/empirical/01_carnicer/data/elevation/elevgrid/58.tif,MI-HDR_NatComm/03_corrected_HDR/empirical/01_carnicer/data/elevation/elevgrid/58.tif,canonical_and_optional,srtm_elevation,TIFF,31903,3166138163abf1ed495f68c8a71d51c479b2030193c9dca154258b2c3b30cdd3,10.5281/zenodo.15438378,10.5281/zenodo.17207705,CC-BY-4.0,unchanged
data/external/pellett_valbuena_2025/03_corrected_HDR/empirical/01_carnicer/data/elevation/elevgrid/59.tif,MI-HDR_NatComm/03_corrected_HDR/empirical/01_carnicer/data/elevation/elevgrid/59.tif,canonical_and_optional,srtm_elevation,TIFF,31903,dcc896704949b511b463cb1bc2fd865b574a645e0e1caa12222a6cbc29a83475,10.5281/zenodo.15438378,10.5281/zenodo.17207705,CC-BY-4.0,unchanged
data/external/pellett_valbuena_2025/03_corrected_HDR/empirical/01_carnicer/data/elevation/elevgrid/6.tif,MI-HDR_NatComm/03_corrected_HDR/empirical/01_carnicer/data/elevation/elevgrid/6.tif,canonical_and_optional,srtm_elevation,TIFF,31903,5c346569fbf0383bcd7aec5ede311c3f453c5aa0faeb3d08613d6dffa54ade25,10.5281/zenodo.15438378,10.5281/zenodo.17207705,CC-BY-4.0,unchanged
data/external/pellett_valbuena_2025/03_corrected_HDR/empirical/01_carnicer/data/elevation/elevgrid/60.tif,MI-HDR_NatComm/03_corrected_HDR/empirical/01_carnicer/data/elevation/elevgrid/60.tif,canonical_and_optional,srtm_elevation,TIFF,31653,2cd1968b21511af06e3bbb0ba908e6808abdc033986d08f5c9af1d15ce295472,10.5281/zenodo.15438378,10.5281/zenodo.17207705,CC-BY-4.0,unchanged
data/external/pellett_valbuena_2025/03_corrected_HDR/empirical/01_carnicer/data/elevation/elevgrid/61.tif,MI-HDR_NatComm/03_corrected_HDR/empirical/01_carnicer/data/elevation/elevgrid/61.tif,canonical_and_optional,srtm_elevation,TIFF,31653,c8071a04f505cef73258283ce9f8a111a4737d59b4f5c3306801d8f6f08afeca,10.5281/zenodo.15438378,10.5281/zenodo.17207705,CC-BY-4.0,unchanged
data/external/pellett_valbuena_2025/03_corrected_HDR/empirical/01_carnicer/data/elevation/elevgrid/62.tif,MI-HDR_NatComm/03_corrected_HDR/empirical/01_carnicer/data/elevation/elevgrid/62.tif,canonical_and_optional,srtm_elevation,TIFF,31903,e8684ba21715d62b09eb11acb04921673d060b1f2386ed2d7e8e71751f726631,10.5281/zenodo.15438378,10.5281/zenodo.17207705,CC-BY-4.0,unchanged
data/external/pellett_valbuena_2025/03_corrected_HDR/empirical/01_carnicer/data/elevation/elevgrid/63.tif,MI-HDR_NatComm/03_corrected_HDR/empirical/01_carnicer/data/elevation/elevgrid/63.tif,canonical_and_optional,srtm_elevation,TIFF,31653,2435c7d906516976f677c4c271a6d9a18d7272941cd908db2861edfd84a6964b,10.5281/zenodo.15438378,10.5281/zenodo.17207705,CC-BY-4.0,unchanged
data/external/pellett_valbuena_2025/03_corrected_HDR/empirical/01_carnicer/data/elevation/elevgrid/64.tif,MI-HDR_NatComm/03_corrected_HDR/empirical/01_carnicer/data/elevation/elevgrid/64.tif,canonical_and_optional,srtm_elevation,TIFF,31653,cca6bcd93ea310091eaca2540d3749449587a96cd2453b51a48ae8f0ea51a2f0,10.5281/zenodo.15438378,10.5281/zenodo.17207705,CC-BY-4.0,unchanged
data/external/pellett_valbuena_2025/03_corrected_HDR/empirical/01_carnicer/data/elevation/elevgrid/65.tif,MI-HDR_NatComm/03_corrected_HDR/empirical/01_carnicer/data/elevation/elevgrid/65.tif,canonical_and_optional,srtm_elevation,TIFF,31653,8963bc798074bd72aa84679b3b6bf3bbf041c5b020720f1e03354dd1b51a02b2,10.5281/zenodo.15438378,10.5281/zenodo.17207705,CC-BY-4.0,unchanged
data/external/pellett_valbuena_2025/03_corrected_HDR/empirical/01_carnicer/data/elevation/elevgrid/66.tif,MI-HDR_NatComm/03_corrected_HDR/empirical/01_carnicer/data/elevation/elevgrid/66.tif,canonical_and_optional,srtm_elevation,TIFF,31903,3204691a676d8fbea79757671db076e6e693500d6c1a8e2fd2b8c28b4989cf22,10.5281/zenodo.15438378,10.5281/zenodo.17207705,CC-BY-4.0,unchanged
data/external/pellett_valbuena_2025/03_corrected_HDR/empirical/01_carnicer/data/elevation/elevgrid/67.tif,MI-HDR_NatComm/03_corrected_HDR/empirical/01_carnicer/data/elevation/elevgrid/67.tif,canonical_and_optional,srtm_elevation,TIFF,31653,c50723caa33a24576de77ec82b9cec6d3c4cffcd7cb12b3c2d95215dae028114,10.5281/zenodo.15438378,10.5281/zenodo.17207705,CC-BY-4.0,unchanged
data/external/pellett_valbuena_2025/03_corrected_HDR/empirical/01_carnicer/data/elevation/elevgrid/68.tif,MI-HDR_NatComm/03_corrected_HDR/empirical/01_carnicer/data/elevation/elevgrid/68.tif,canonical_and_optional,srtm_elevation,TIFF,31653,7cf58cebaa873be65955f2015d4563ce0c0848940bee84973feb2c22792aaedc,10.5281/zenodo.15438378,10.5281/zenodo.17207705,CC-BY-4.0,unchanged
data/external/pellett_valbuena_2025/03_corrected_HDR/empirical/01_carnicer/data/elevation/elevgrid/69.tif,MI-HDR_NatComm/03_corrected_HDR/empirical/01_carnicer/data/elevation/elevgrid/69.tif,canonical_and_optional,srtm_elevation,TIFF,31653,589120dee4e6405f2dc21d4c734c8db0b425cc8aae98b47db5ab2bf3665ecaa1,10.5281/zenodo.15438378,10.5281/zenodo.17207705,CC-BY-4.0,unchanged
data/external/pellett_valbuena_2025/03_corrected_HDR/empirical/01_carnicer/data/elevation/elevgrid/7.tif,MI-HDR_NatComm/03_corrected_HDR/empirical/01_carnicer/data/elevation/elevgrid/7.tif,canonical_and_optional,srtm_elevation,TIFF,32155,5f579a187f19f270b48134c9a9adfa67d90ea8c08fb32a04266b26e8a2bc7505,10.5281/zenodo.15438378,10.5281/zenodo.17207705,CC-BY-4.0,unchanged
data/external/pellett_valbuena_2025/03_corrected_HDR/empirical/01_carnicer/data/elevation/elevgrid/70.tif,MI-HDR_NatComm/03_corrected_HDR/empirical/01_carnicer/data/elevation/elevgrid/70.tif,canonical_and_optional,srtm_elevation,TIFF,31903,56e2088917b877aba26d0a483c27d67995230d7c3c82ae0d32db77de13d91016,10.5281/zenodo.15438378,10.5281/zenodo.17207705,CC-BY-4.0,unchanged
data/external/pellett_valbuena_2025/03_corrected_HDR/empirical/01_carnicer/data/elevation/elevgrid/71.tif,MI-HDR_NatComm/03_corrected_HDR/empirical/01_carnicer/data/elevation/elevgrid/71.tif,canonical_and_optional,srtm_elevation,TIFF,31653,1b3168116c42c0990c5f89c189242b7b85570adf6428e2b8979aa818abaebfd0,10.5281/zenodo.15438378,10.5281/zenodo.17207705,CC-BY-4.0,unchanged
data/external/pellett_valbuena_2025/03_corrected_HDR/empirical/01_carnicer/data/elevation/elevgrid/72.tif,MI-HDR_NatComm/03_corrected_HDR/empirical/01_carnicer/data/elevation/elevgrid/72.tif,canonical_and_optional,srtm_elevation,TIFF,31653,07f6b5ef0c03da70dbfc7027d61c725523fce44381b278d4503d8316ad42eeb5,10.5281/zenodo.15438378,10.5281/zenodo.17207705,CC-BY-4.0,unchanged
data/external/pellett_valbuena_2025/03_corrected_HDR/empirical/01_carnicer/data/elevation/elevgrid/73.tif,MI-HDR_NatComm/03_corrected_HDR/empirical/01_carnicer/data/elevation/elevgrid/73.tif,canonical_and_optional,srtm_elevation,TIFF,31653,48c41c010bcce1f99891291ef6397d8e739722642c8b91ed9a2fce2522cfdb70,10.5281/zenodo.15438378,10.5281/zenodo.17207705,CC-BY-4.0,unchanged
data/external/pellett_valbuena_2025/03_corrected_HDR/empirical/01_carnicer/data/elevation/elevgrid/74.tif,MI-HDR_NatComm/03_corrected_HDR/empirical/01_carnicer/data/elevation/elevgrid/74.tif,canonical_and_optional,srtm_elevation,TIFF,31903,0ba9ea86ea96a399efdb34237997d1b12c6bc330c36ce1c23186d1b3155d591f,10.5281/zenodo.15438378,10.5281/zenodo.17207705,CC-BY-4.0,unchanged
data/external/pellett_valbuena_2025/03_corrected_HDR/empirical/01_carnicer/data/elevation/elevgrid/75.tif,MI-HDR_NatComm/03_corrected_HDR/empirical/01_carnicer/data/elevation/elevgrid/75.tif,canonical_and_optional,srtm_elevation,TIFF,31653,9ddc0c7b55dec6e6e851db4f2887343aa169e6e270faef5f712640dd3e343303,10.5281/zenodo.15438378,10.5281/zenodo.17207705,CC-BY-4.0,unchanged
data/external/pellett_valbuena_2025/03_corrected_HDR/empirical/01_carnicer/data/elevation/elevgrid/76.tif,MI-HDR_NatComm/03_corrected_HDR/empirical/01_carnicer/data/elevation/elevgrid/76.tif,canonical_and_optional,srtm_elevation,TIFF,31653,bc8142dd74866d5024b464099e72e83df57ee5282ffbc342419a1713887f4724,10.5281/zenodo.15438378,10.5281/zenodo.17207705,CC-BY-4.0,unchanged
data/external/pellett_valbuena_2025/03_corrected_HDR/empirical/01_carnicer/data/elevation/elevgrid/77.tif,MI-HDR_NatComm/03_corrected_HDR/empirical/01_carnicer/data/elevation/elevgrid/77.tif,canonical_and_optional,srtm_elevation,TIFF,31653,df2605ac241780978b6d22afa5a70dac8c87772aa15916233e7fc58447d599a4,10.5281/zenodo.15438378,10.5281/zenodo.17207705,CC-BY-4.0,unchanged
data/external/pellett_valbuena_2025/03_corrected_HDR/empirical/01_carnicer/data/elevation/elevgrid/78.tif,MI-HDR_NatComm/03_corrected_HDR/empirical/01_carnicer/data/elevation/elevgrid/78.tif,canonical_and_optional,srtm_elevation,TIFF,31903,dafa1b8b555757e0c2be0e3c2b414c5d4a15d7e9c9c18922dd35515a51136674,10.5281/zenodo.15438378,10.5281/zenodo.17207705,CC-BY-4.0,unchanged
data/external/pellett_valbuena_2025/03_corrected_HDR/empirical/01_carnicer/data/elevation/elevgrid/79.tif,MI-HDR_NatComm/03_corrected_HDR/empirical/01_carnicer/data/elevation/elevgrid/79.tif,canonical_and_optional,srtm_elevation,TIFF,31653,c6114b5e5e32b9be9466b064f2a910b43cc4b597703d18cc10d8e618c5ef2d2c,10.5281/zenodo.15438378,10.5281/zenodo.17207705,CC-BY-4.0,unchanged
data/external/pellett_valbuena_2025/03_corrected_HDR/empirical/01_carnicer/data/elevation/elevgrid/8.tif,MI-HDR_NatComm/03_corrected_HDR/empirical/01_carnicer/data/elevation/elevgrid/8.tif,canonical_and_optional,srtm_elevation,TIFF,31903,3788eddb3edad314b423b887753f138d4f8847c3c43d72d69c84b6b3017e0f5f,10.5281/zenodo.15438378,10.5281/zenodo.17207705,CC-BY-4.0,unchanged
data/external/pellett_valbuena_2025/03_corrected_HDR/empirical/01_carnicer/data/elevation/elevgrid/80.tif,MI-HDR_NatComm/03_corrected_HDR/empirical/01_carnicer/data/elevation/elevgrid/80.tif,canonical_and_optional,srtm_elevation,TIFF,31653,2f868640173d06a7cbc3cd7a8b3f256b3b8f7a107cd401033005cf76eb24724b,10.5281/zenodo.15438378,10.5281/zenodo.17207705,CC-BY-4.0,unchanged
data/external/pellett_valbuena_2025/03_corrected_HDR/empirical/01_carnicer/data/elevation/elevgrid/81.tif,MI-HDR_NatComm/03_corrected_HDR/empirical/01_carnicer/data/elevation/elevgrid/81.tif,canonical_and_optional,srtm_elevation,TIFF,31653,728febfcb09efdd422c0c5405962078e7feb36aeef31ce97b3a49bb9f5229d36,10.5281/zenodo.15438378,10.5281/zenodo.17207705,CC-BY-4.0,unchanged
data/external/pellett_valbuena_2025/03_corrected_HDR/empirical/01_carnicer/data/elevation/elevgrid/82.tif,MI-HDR_NatComm/03_corrected_HDR/empirical/01_carnicer/data/elevation/elevgrid/82.tif,canonical_and_optional,srtm_elevation,TIFF,31653,b34b08ab159ccbeeb71fb838dec60aa0d104cbdbaac46743cc27bc9d4dbfe74d,10.5281/zenodo.15438378,10.5281/zenodo.17207705,CC-BY-4.0,unchanged
data/external/pellett_valbuena_2025/03_corrected_HDR/empirical/01_carnicer/data/elevation/elevgrid/83.tif,MI-HDR_NatComm/03_corrected_HDR/empirical/01_carnicer/data/elevation/elevgrid/83.tif,canonical_and_optional,srtm_elevation,TIFF,31653,e6fa670a4a57fff12e6fca7ca2fb713659d954fe8e5647fff09e38d4a42c7eae,10.5281/zenodo.15438378,10.5281/zenodo.17207705,CC-BY-4.0,unchanged
data/external/pellett_valbuena_2025/03_corrected_HDR/empirical/01_carnicer/data/elevation/elevgrid/84.tif,MI-HDR_NatComm/03_corrected_HDR/empirical/01_carnicer/data/elevation/elevgrid/84.tif,canonical_and_optional,srtm_elevation,TIFF,31653,9aec010b95b1b00ccbea6094fb9e818759de1800ab79a397fe000604eca1c639,10.5281/zenodo.15438378,10.5281/zenodo.17207705,CC-BY-4.0,unchanged
data/external/pellett_valbuena_2025/03_corrected_HDR/empirical/01_carnicer/data/elevation/elevgrid/85.tif,MI-HDR_NatComm/03_corrected_HDR/empirical/01_carnicer/data/elevation/elevgrid/85.tif,canonical_and_optional,srtm_elevation,TIFF,31903,e9dc80bf13f57fcfbbd59857a1b1f6c1ab0880b04a2e60fb9aedf0ceb27fc570,10.5281/zenodo.15438378,10.5281/zenodo.17207705,CC-BY-4.0,unchanged
data/external/pellett_valbuena_2025/03_corrected_HDR/empirical/01_carnicer/data/elevation/elevgrid/86.tif,MI-HDR_NatComm/03_corrected_HDR/empirical/01_carnicer/data/elevation/elevgrid/86.tif,canonical_and_optional,srtm_elevation,TIFF,31653,732f0223b73c9debe5649528b0d6c7f6713c756622ed2cc76958da17672487e4,10.5281/zenodo.15438378,10.5281/zenodo.17207705,CC-BY-4.0,unchanged
data/external/pellett_valbuena_2025/03_corrected_HDR/empirical/01_carnicer/data/elevation/elevgrid/87.tif,MI-HDR_NatComm/03_corrected_HDR/empirical/01_carnicer/data/elevation/elevgrid/87.tif,canonical_and_optional,srtm_elevation,TIFF,31653,7dc0a7fb16dbec7a2d2a2169dda710f5bae33a539761e88e6c9c6ec4a1a0a6d6,10.5281/zenodo.15438378,10.5281/zenodo.17207705,CC-BY-4.0,unchanged
data/external/pellett_valbuena_2025/03_corrected_HDR/empirical/01_carnicer/data/elevation/elevgrid/88.tif,MI-HDR_NatComm/03_corrected_HDR/empirical/01_carnicer/data/elevation/elevgrid/88.tif,canonical_and_optional,srtm_elevation,TIFF,31653,aa67a779fe528a4ad278e89ac8c723959d2dfe6b1c0a8d5059c9c8aa7c4b78ab,10.5281/zenodo.15438378,10.5281/zenodo.17207705,CC-BY-4.0,unchanged
data/external/pellett_valbuena_2025/03_corrected_HDR/empirical/01_carnicer/data/elevation/elevgrid/89.tif,MI-HDR_NatComm/03_corrected_HDR/empirical/01_carnicer/data/elevation/elevgrid/89.tif,canonical_and_optional,srtm_elevation,TIFF,31903,95ea3d2b1f0110279190af6ee39a339d06f87074e2ca73cc5dea60b7fcbedd9f,10.5281/zenodo.15438378,10.5281/zenodo.17207705,CC-BY-4.0,unchanged
data/external/pellett_valbuena_2025/03_corrected_HDR/empirical/01_carnicer/data/elevation/elevgrid/9.tif,MI-HDR_NatComm/03_corrected_HDR/empirical/01_carnicer/data/elevation/elevgrid/9.tif,canonical_and_optional,srtm_elevation,TIFF,31903,1798b6a771e66c91c41d74e92a940cd34d9a8f7ce186a374d01be9b9667431b6,10.5281/zenodo.15438378,10.5281/zenodo.17207705,CC-BY-4.0,unchanged
data/external/pellett_valbuena_2025/03_corrected_HDR/empirical/01_carnicer/data/elevation/elevgrid/90.tif,MI-HDR_NatComm/03_corrected_HDR/empirical/01_carnicer/data/elevation/elevgrid/90.tif,canonical_and_optional,srtm_elevation,TIFF,31653,a1003515cc2bb3ba303be8a010eea1a65a4a63f6ac5e57bb5321c2760f7e73a5,10.5281/zenodo.15438378,10.5281/zenodo.17207705,CC-BY-4.0,unchanged
data/external/pellett_valbuena_2025/03_corrected_HDR/empirical/01_carnicer/data/elevation/elevgrid/91.tif,MI-HDR_NatComm/03_corrected_HDR/empirical/01_carnicer/data/elevation/elevgrid/91.tif,canonical_and_optional,srtm_elevation,TIFF,31653,f3cfc43e837d7929f0c6aef3a5c48ea34c3c6a13a0374efc525141aefd4901e7,10.5281/zenodo.15438378,10.5281/zenodo.17207705,CC-BY-4.0,unchanged
data/external/pellett_valbuena_2025/03_corrected_HDR/empirical/01_carnicer/data/elevation/elevgrid/92.tif,MI-HDR_NatComm/03_corrected_HDR/empirical/01_carnicer/data/elevation/elevgrid/92.tif,canonical_and_optional,srtm_elevation,TIFF,31653,ada171ec8c1cd30284a0200ffefe3bae962e772bb242a9511f149f9d56be26e8,10.5281/zenodo.15438378,10.5281/zenodo.17207705,CC-BY-4.0,unchanged
data/external/pellett_valbuena_2025/03_corrected_HDR/empirical/01_carnicer/data/elevation/elevgrid/93.tif,MI-HDR_NatComm/03_corrected_HDR/empirical/01_carnicer/data/elevation/elevgrid/93.tif,canonical_and_optional,srtm_elevation,TIFF,31903,86eebe5fde96c6502611cc00b652e1d63a68f7007bf34155c1a95df2ff1098e0,10.5281/zenodo.15438378,10.5281/zenodo.17207705,CC-BY-4.0,unchanged
data/external/pellett_valbuena_2025/03_corrected_HDR/empirical/01_carnicer/data/elevation/elevgrid/94.tif,MI-HDR_NatComm/03_corrected_HDR/empirical/01_carnicer/data/elevation/elevgrid/94.tif,canonical_and_optional,srtm_elevation,TIFF,31653,6c34302f9ce645135412579d86ee42cbae78a76e64f03511f671bad7090fff39,10.5281/zenodo.15438378,10.5281/zenodo.17207705,CC-BY-4.0,unchanged
data/external/pellett_valbuena_2025/03_corrected_HDR/empirical/01_carnicer/data/elevation/elevgrid/95.tif,MI-HDR_NatComm/03_corrected_HDR/empirical/01_carnicer/data/elevation/elevgrid/95.tif,canonical_and_optional,srtm_elevation,TIFF,31653,e4ba097eaa7c218c6e216be28fdd5ab1d62ee3373620c0ca9cc7937d894e902a,10.5281/zenodo.15438378,10.5281/zenodo.17207705,CC-BY-4.0,unchanged
data/external/pellett_valbuena_2025/03_corrected_HDR/empirical/01_carnicer/data/elevation/elevgrid/96.tif,MI-HDR_NatComm/03_corrected_HDR/empirical/01_carnicer/data/elevation/elevgrid/96.tif,canonical_and_optional,srtm_elevation,TIFF,31653,ce5c7a856dcff6942fa7da36b4beed66a7cebec8ac5de140742143b6f1db4076,10.5281/zenodo.15438378,10.5281/zenodo.17207705,CC-BY-4.0,unchanged
data/external/pellett_valbuena_2025/03_corrected_HDR/empirical/01_carnicer/data/elevation/elevgrid/97.tif,MI-HDR_NatComm/03_corrected_HDR/empirical/01_carnicer/data/elevation/elevgrid/97.tif,canonical_and_optional,srtm_elevation,TIFF,31903,075fe0872450563562c34475a55d48ff7ddde7b978351c9ba34ae21a0960a69d,10.5281/zenodo.15438378,10.5281/zenodo.17207705,CC-BY-4.0,unchanged
data/external/pellett_valbuena_2025/03_corrected_HDR/empirical/01_carnicer/data/elevation/elevgrid/98.tif,MI-HDR_NatComm/03_corrected_HDR/empirical/01_carnicer/data/elevation/elevgrid/98.tif,canonical_and_optional,srtm_elevation,TIFF,31653,26877b1a46ddf257e532e92ddee47d89b512c12ffdedc15bae6017cedf3f3d67,10.5281/zenodo.15438378,10.5281/zenodo.17207705,CC-BY-4.0,unchanged
data/external/pellett_valbuena_2025/03_corrected_HDR/empirical/01_carnicer/data/elevation/elevgrid/99.tif,MI-HDR_NatComm/03_corrected_HDR/empirical/01_carnicer/data/elevation/elevgrid/99.tif,canonical_and_optional,srtm_elevation,TIFF,31653,511eef2c3826f20099ea98c6234cc1e716199d8568a8640af0f64125b20aea2b,10.5281/zenodo.15438378,10.5281/zenodo.17207705,CC-BY-4.0,unchanged
data/external/pellett_valbuena_2025/05_review/data/digitised_points/A.csv,MI-HDR_NatComm/05_review/data/digitised_points/A.csv,canonical_and_optional,macarthur_foliage,CSV,292,004024303b9abff147f98c8d4942ab87f3f01c2c22f82140a11f178484702882,10.5281/zenodo.15438378,10.5281/zenodo.17207705,CC-BY-4.0,unchanged
data/external/pellett_valbuena_2025/05_review/data/digitised_points/B.csv,MI-HDR_NatComm/05_review/data/digitised_points/B.csv,canonical_and_optional,macarthur_foliage,CSV,2088,5a44ff5ebbc40f1bb733c13f83e194e1de1e13b7c66849cdc0937475db90a023,10.5281/zenodo.15438378,10.5281/zenodo.17207705,CC-BY-4.0,unchanged
data/external/pellett_valbuena_2025/05_review/data/digitised_points/C.csv,MI-HDR_NatComm/05_review/data/digitised_points/C.csv,canonical_and_optional,macarthur_foliage,CSV,2960,70f73fb300e596dd7b492a6c6e15d07ca83d2dfa321bf51e5f83d1827bb58114,10.5281/zenodo.15438378,10.5281/zenodo.17207705,CC-BY-4.0,unchanged
data/external/pellett_valbuena_2025/05_review/data/digitised_points/D.csv,MI-HDR_NatComm/05_review/data/digitised_points/D.csv,canonical_and_optional,macarthur_foliage,CSV,3063,0c3af86b51f26a19d5f65c4337554bfa053f1bd5bd78e2b1a063bfa810d0fc68,10.5281/zenodo.15438378,10.5281/zenodo.17207705,CC-BY-4.0,unchanged
data/external/pellett_valbuena_2025/05_review/data/digitised_points/E.csv,MI-HDR_NatComm/05_review/data/digitised_points/E.csv,canonical_and_optional,macarthur_foliage,CSV,4567,1bcc2b6ed5bdfb55c0cd3a57d1d202fe8fac9e236700fde6215f0634176c8561,10.5281/zenodo.15438378,10.5281/zenodo.17207705,CC-BY-4.0,unchanged
data/external/pellett_valbuena_2025/05_review/data/digitised_points/F.csv,MI-HDR_NatComm/05_review/data/digitised_points/F.csv,canonical_and_optional,macarthur_foliage,CSV,4947,0b1ec6cda9d0668d1aedfeb70dd0a9aba12c1e1d44f1cc328376cbc0e67eaa37,10.5281/zenodo.15438378,10.5281/zenodo.17207705,CC-BY-4.0,unchanged
data/external/pellett_valbuena_2025/05_review/data/digitised_points/G.csv,MI-HDR_NatComm/05_review/data/digitised_points/G.csv,canonical_and_optional,macarthur_foliage,CSV,4954,425d01705cf8a9f3a80d8761a64294d0d3ae2d2d5ec9040dd88a7a874ad195e5,10.5281/zenodo.15438378,10.5281/zenodo.17207705,CC-BY-4.0,unchanged
data/external/pellett_valbuena_2025/05_review/data/digitised_points/H.csv,MI-HDR_NatComm/05_review/data/digitised_points/H.csv,canonical_and_optional,macarthur_foliage,CSV,4501,269924d939142983fa85da6b8c2530c67502a0ce402c5b3cbda4f1ee16e2e00c,10.5281/zenodo.15438378,10.5281/zenodo.17207705,CC-BY-4.0,unchanged
data/external/pellett_valbuena_2025/05_review/data/digitised_points/I.csv,MI-HDR_NatComm/05_review/data/digitised_points/I.csv,canonical_and_optional,macarthur_foliage,CSV,5578,d51bc17496e76f7c5992c8d5639a1efd72581fed90a2777aa5b691b5fb9a61e6,10.5281/zenodo.15438378,10.5281/zenodo.17207705,CC-BY-4.0,unchanged
data/external/pellett_valbuena_2025/05_review/data/digitised_points/J.csv,MI-HDR_NatComm/05_review/data/digitised_points/J.csv,canonical_and_optional,macarthur_foliage,CSV,4918,a2ee871dca2d58198eaa5e3b41abdd5fb69a659b5e78c00fbc19949d29bf5f2a,10.5281/zenodo.15438378,10.5281/zenodo.17207705,CC-BY-4.0,unchanged
data/external/pellett_valbuena_2025/05_review/data/digitised_points/K.csv,MI-HDR_NatComm/05_review/data/digitised_points/K.csv,canonical_and_optional,macarthur_foliage,CSV,4331,ff8e9c8f4c4c6b34939c64dfd1a042bcb1858d2d4ca509567b573e843b98f7bd,10.5281/zenodo.15438378,10.5281/zenodo.17207705,CC-BY-4.0,unchanged
data/external/pellett_valbuena_2025/05_review/data/digitised_points/L.csv,MI-HDR_NatComm/05_review/data/digitised_points/L.csv,canonical_and_optional,macarthur_foliage,CSV,4442,50c04facb4eac489d5cd86bc6df706bdf01e36903b8edc9cdcebadb498f77813,10.5281/zenodo.15438378,10.5281/zenodo.17207705,CC-BY-4.0,unchanged
data/external/pellett_valbuena_2025/05_review/data/digitised_points/M.csv,MI-HDR_NatComm/05_review/data/digitised_points/M.csv,canonical_and_optional,macarthur_foliage,CSV,4493,76e34c134ce9a9135e9b0b1de9bf72b4d90ca6fa77f16cc8f740a46064adef1d,10.5281/zenodo.15438378,10.5281/zenodo.17207705,CC-BY-4.0,unchanged
data/external/pellett_valbuena_2025/05_review/data/foliage_density.csv,MI-HDR_NatComm/05_review/data/foliage_density.csv,canonical_and_optional,macarthur_foliage,CSV,2409272,d833f75498e9ea08577480ac6f5f79d43da8790bd94873cdf8185169933d2200,10.5281/zenodo.15438378,10.5281/zenodo.17207705,CC-BY-4.0,unchanged
data/external/pellett_valbuena_2025/02_MBH_comb/data/crop_cover/heterogeneity_inds.csv,MI-HDR_NatComm/02_MBH_comb/data/crop_cover/heterogeneity_inds.csv,optional_only,copernicus_crop_cover,CSV,3326952,20ec9720717cdc8a4f944b4252bd77baf8e751ed1b904570dc71f6dd2046b830,10.5281/zenodo.15438378,10.5281/zenodo.17207705,CC-BY-4.0,unchanged
data/external/pellett_valbuena_2025/02_MBH_comb/data/crop_cover/lowres_crop.tif,MI-HDR_NatComm/02_MBH_comb/data/crop_cover/lowres_crop.tif,optional_only,copernicus_crop_cover,TIFF,5125594,77daa66b5324d199bfd57b4ba1ffa29ad39c61f386f660b5d8a814b486e88ef1,10.5281/zenodo.15438378,10.5281/zenodo.17207705,CC-BY-4.0,unchanged
data/external/pellett_valbuena_2025/02_MBH_comb/data/elevation/heterogeneity_inds.csv,MI-HDR_NatComm/02_MBH_comb/data/elevation/heterogeneity_inds.csv,optional_only,srtm_elevation,CSV,8738688,2ed5a04cfe2638c12c1fb34762bcc8288cefa4e69400fc58deee92e2b0e8302f,10.5281/zenodo.15438378,10.5281/zenodo.17207705,CC-BY-4.0,unchanged
data/external/pellett_valbuena_2025/02_MBH_comb/data/elevation/lowres_full_world.tif,MI-HDR_NatComm/02_MBH_comb/data/elevation/lowres_full_world.tif,optional_only,srtm_elevation,TIFF,34574661,12fb9ebada2d1115324c31e21e58c05dc20380e94db330a9f317b9b7cd165cf2,10.5281/zenodo.15438378,10.5281/zenodo.17207705,CC-BY-4.0,unchanged
data/external/pellett_valbuena_2025/03_corrected_HDR/empirical/01_carnicer/data/elevation/catalunya_lowres.tif,MI-HDR_NatComm/03_corrected_HDR/empirical/01_carnicer/data/elevation/catalunya_lowres.tif,optional_only,srtm_elevation,TIFF,2695648,33bf530b851ac9ba79dd16a73df90cee83901010fb5500458876341789a255fb,10.5281/zenodo.15438378,10.5281/zenodo.17207705,CC-BY-4.0,unchanged
